charging_capacity_kW,usage_stats,cost_per_kWh,battery_capacity,state_of_charge,charger_type,renewable_energy,maintenance_frequency,latitude,longitude,priority_score
131.08904159657686,82.7518922106303,7.877724320971048,90.57415720690467,37.36408184666985,DC Fast,No,Weekly,15.543640408284098,84.77957946954504,41.38
332.75000724347063,76.45277946547176,8.157024807812576,128.27616733533984,33.291209623140325,Level 2,No,Quarterly,16.154056774277706,83.46207769878963,55.96
256.19787963399176,57.352895145557326,9.49091587620763,36.26155827873246,17.615391250286006,DC Fast,Yes,Monthly,13.215839403624651,79.5482977243865,34.02
209.53046946896282,95.60471436119332,7.690015351209622,36.87178554393947,60.726667010148795,Level 1,No,Quarterly,15.702481249473994,82.75142764045339,14.87
54.60652415485278,20.04745155284028,9.5437738968426,92.38638683617998,47.66241605086289,DC Fast,Yes,Quarterly,12.366553794797138,76.93038741293778,30.04
54.59808211767093,10.92642103096214,6.80847050841842,143.0292249365882,86.57009923240037,Level 2,Yes,Quarterly,11.433756710682395,80.62336327391778,10.53
20.329264258869813,85.39619669554222,9.218794530230207,73.94970858819805,3.2109580482058253,Level 2,Yes,Weekly,13.739702592773327,75.74619055568708,55.09
303.1616510212273,43.91498166337483,9.466416715691578,62.50247303311034,64.38679275551263,DC Fast,Yes,Monthly,17.39289628746437,78.48089032251683,18.9
210.3902541101231,84.69688542070605,7.136361784930686,98.86961201572515,76.29488785115612,Level 2,No,Quarterly,19.161871480738874,77.2586218162217,16.15
247.82540222861593,89.30902051954149,8.006212863302702,140.95831807085403,75.94865691883071,DC Fast,No,Monthly,14.577140514982325,82.1890981532521,22.33
7.204573003530856,6.245759361907144,7.079249211322795,128.80061826980108,88.60739670955252,DC Fast,Yes,Monthly,16.428236882754316,79.90090691214361,8.3
339.468448256698,88.34647629860606,8.973114451479763,149.41286939531858,72.9033742829494,Level 1,Yes,Quarterly,11.030371309751004,82.5107047884801,26.24
291.3549242801476,44.831905536942216,8.3737171882158,22.93391581630902,92.78100616476964,Level 2,No,Quarterly,19.044637585523287,80.15295437631445,2.02
74.31868873739666,51.04324890042322,8.723631713479124,34.671558812659086,33.26565998208915,Level 1,No,Weekly,15.686042135699344,75.86484442151638,19.68
63.63873852248522,62.659251109321026,7.187704384346739,99.23080923766086,50.32094167515431,Level 2,Yes,Monthly,17.80338247625157,82.35367649732527,32.72
64.19157844870183,92.63826067300867,7.241110517183468,126.67493711340046,1.4079663282890675,DC Fast,Yes,Quarterly,17.944412009213938,83.33229263987806,83.05
106.4847850358382,1.911609442976403,6.645240639284673,57.081764499879654,0.6957587303291213,Level 2,Yes,Quarterly,12.564805263681059,84.03531225912792,36.84
183.66475107128323,47.68434683178171,7.627236373185054,51.097441444448435,24.012662045151988,DC Fast,Yes,Monthly,15.291744531818495,80.71991945306708,34.5
151.18075652474053,68.77220424305607,8.459106314667862,122.30685391955612,10.080719713908525,Level 2,Yes,Quarterly,19.604797515609775,82.53585358999496,70.85
101.93019906931467,72.27069576982285,9.502772198990652,27.329641000920105,26.021136793575362,Level 1,No,Monthly,10.896345448208278,82.52044336882628,21.13
214.1485131528328,69.2532431537108,8.834246066105383,68.01974418573607,17.70432945283974,Level 1,No,Quarterly,16.830498980295634,76.55749759798944,40.52
48.822851228214645,13.443512940812186,8.02388713189913,85.75519893700287,2.852002483864824,DC Fast,Yes,Monthly,19.62264078035172,76.6422068745957,52.62
102.25062698732636,29.93955883716812,9.835920400379482,92.84532766554204,90.93041464060494,Level 1,Yes,Quarterly,13.005771080540221,75.70885505809126,5.09
128.2266451527921,35.87155254170135,9.017358202015412,114.719970383061,0.8223131388891525,DC Fast,Yes,Quarterly,18.61447921404348,78.19913635140301,71.43
159.62449447596256,80.4437207679505,9.755578210018925,66.12994404598557,73.60821443370854,DC Fast,Yes,Weekly,19.336575454082716,79.73508587741064,15.22
274.81158648755473,27.875987241455302,8.34655790645258,99.64896480769893,15.214788691951654,DC Fast,No,Monthly,17.47086209394825,84.97897852754217,55.12
69.8858237554259,21.070496386720315,7.406164961775989,96.09880496282432,91.22296219996,Level 2,No,Weekly,12.313283123069583,79.30993342068169,4.97
179.98205344476406,95.74480190380962,6.684893402276527,91.19009308498713,89.27959395898858,DC Fast,Yes,Quarterly,13.34000718826594,82.26242588507371,7.54
207.34509910171485,0.88632851134689,9.041296980193476,103.26282810848758,65.39011463692573,Level 1,No,Monthly,10.358092944177308,81.93397026272535,19.88
16.257644451999205,99.78208556819781,6.92456049301937,53.72839223884992,67.22341498006051,Level 2,Yes,Monthly,18.314532342453553,77.04481950250579,15.78
212.64069816550344,67.68212988573956,7.559712948951885,31.004337966001767,0.5339141969688543,Level 1,Yes,Quarterly,18.496111865110798,75.58507151449436,34.04
59.683443290552034,82.84692994491171,8.36364817759364,35.50531736516665,98.4871566113602,DC Fast,No,Quarterly,16.327103099661926,80.46006751533588,0.54
22.76805754484783,29.461939634619316,8.475458057229117,49.195709745007136,87.78326035758144,DC Fast,Yes,Quarterly,13.525278512638513,82.00305592314476,4.55
332.10993803866666,1.4315277667059978,8.602041189454976,85.02573161796208,89.5106225730092,Level 1,No,Quarterly,10.768110276399206,84.98251790186256,5.31
337.97121157609575,73.78695185615301,7.0818936562239525,129.2575575709826,65.92445370508719,Level 2,Yes,Monthly,17.530576099149094,78.58611052281171,30.02
282.9390718407614,83.41445970006758,7.829080916875771,111.16813447148994,34.47869286545365,Level 1,Yes,Weekly,17.26526193609923,83.96364562081096,51.44
106.61481921067974,74.04761319535191,8.660179794909384,122.57527854626613,89.36486490904808,DC Fast,Yes,Monthly,19.12602521738901,78.81932455869186,8.68
34.18523990223436,14.285028730083859,9.894366026218247,65.62683111039189,29.151692815119233,Level 2,Yes,Monthly,17.305320210053623,81.89411708430512,29.96
239.48155927925492,75.34279222569691,9.04670898194891,72.60498641431153,56.271154334220284,DC Fast,No,Monthly,18.286949422440017,80.98252930517052,25.31
154.05337280886044,76.8922782107641,9.729113149828851,71.17864517877968,9.97309723438824,DC Fast,Yes,Monthly,17.459546179039997,75.52978793302597,52.62
42.71338219567259,65.85405156700548,9.16774220409962,44.943513972585194,92.19556301327502,Level 1,No,Quarterly,16.306871883123165,75.78388426970258,2.64
173.31191853894455,76.61159327955862,8.5710093911234,27.958165558664362,14.077045777121333,DC Fast,No,Weekly,14.269663941910093,75.20764089724462,31.02
12.035982390326438,84.59214396777321,7.172081791977206,96.81909206753949,22.489680573040726,Level 1,Yes,Monthly,19.021173086422777,78.7083408459399,50.06
318.2621407275737,61.360411423745845,8.833399781623797,148.5981688446762,55.813415812821496,Level 2,No,Monthly,16.509685719074696,82.4580104876601,40.74
90.57299356000593,8.860471396967906,8.681828480859675,41.68786164353417,76.40930002129815,DC Fast,Yes,Weekly,13.98355321965909,76.72755393990722,8.1
231.88279952389368,48.76278096672109,8.608642096600432,26.069026586905586,61.93513059362989,DC Fast,No,Quarterly,10.834692951819573,81.05852968383896,11.66
109.09887663129383,7.764933467160507,8.214250537958844,121.33911863711128,23.213391280015617,Level 2,No,Monthly,12.90704855904382,77.88827780031077,51.31
182.0238074122338,40.75430310324308,8.350298113962465,52.83618086901414,0.09430425274903342,Level 1,Yes,Quarterly,15.437267348301647,82.96992623979072,40.19
191.34859777014788,40.71064891256276,7.670548844913364,127.85369469588069,75.71505803074392,DC Fast,Yes,Monthly,12.756353700161945,82.98396149002991,19.78
64.69905943393447,6.600984414024158,8.31759442424806,111.51176671448701,98.52073259110938,Level 2,No,Monthly,12.212353479179022,82.75414514966424,0.9
339.3546197175955,34.88205339694793,7.191445669874674,142.9375598166046,80.99131203060904,DC Fast,Yes,Weekly,15.273935140878471,80.24833513801377,17.54
271.2964881763901,11.099809879131485,9.31811039076132,73.16054064836736,46.02066181566153,Level 1,Yes,Weekly,11.698203458957346,77.84566710079852,26.92
328.8246295474662,80.82352100092221,7.150219341445477,106.05607912858244,90.37672613991066,Level 1,No,Quarterly,18.004100633251035,83.09444043878635,6.9
313.1895726496771,94.76880259644707,6.797382014613133,80.43112150572519,40.984767311835,Level 1,No,Monthly,14.84368151342658,76.86100561939242,36.61
209.2649925838798,7.231647525793861,8.026861092250051,101.97653065011066,52.493408424346754,Level 1,Yes,Quarterly,15.738627739626502,77.89759602028656,28.38
322.6559822580909,95.51152072917014,8.804076038271216,78.44785778100585,47.712976739568326,Level 2,No,Weekly,11.473832675973485,76.83947706160622,33.67
30.972375718171826,52.25765993367452,8.032008887267395,44.52219203512973,44.762387266552494,DC Fast,Yes,Weekly,13.245763356293674,81.74210160387648,22.31
68.59400184670082,29.95656779538739,7.46863946182958,86.02666408043952,77.51907692939058,Level 2,Yes,Weekly,14.100896832611529,81.86236028115817,12.6
15.829551118688324,7.686207527616351,8.453599143616543,88.7159461868675,52.676890726949196,Level 1,No,Weekly,18.08212830516503,81.52509992786753,22.73
113.86561576714251,50.06242680704178,7.7145081739427,125.37850027382093,31.671712202521608,Level 1,Yes,Weekly,17.701595230861525,79.15601466864668,52.47
136.0370513913187,79.45155444907486,9.765036915443215,115.61769175316556,25.81581676584783,Level 1,No,Quarterly,12.229774747876814,76.00171007201433,53.21
94.97216112086357,70.70864772666981,9.729257988612503,106.29291111238773,3.7747316967433386,Level 1,Yes,Quarterly,16.161790816070077,84.11169584515021,65.52
290.0581282031753,5.022601146397376,8.258301369902334,34.74032242183443,58.3195161883046,DC Fast,Yes,Weekly,12.434563577719976,80.07730964012238,14.59
124.86366434275625,7.290183536790352,7.647593979063904,113.68011778628295,22.99614154010342,Level 1,Yes,Monthly,19.882471556902452,79.06972194911091,49.62
98.32707839058327,40.28732826326371,9.079963448848236,85.03967032608692,14.813392201638308,DC Fast,No,Monthly,19.521238781308707,80.88824893248294,47.45
189.94362910538698,29.52904940479433,6.628495302190733,136.2329396938007,65.38299638276777,Level 1,No,Monthly,15.632647205206204,76.92790435819106,26.61
49.32347874116692,23.238432305604782,8.161691521152779,139.58322143697058,68.12092578215488,DC Fast,Yes,Monthly,16.98902571894143,76.32548779104874,25.94
280.7689432639139,28.10044989087136,7.677131879946168,27.17035677823211,75.21548922576659,DC Fast,No,Monthly,18.01430382208645,79.05525221457944,7.53
26.092725287919787,80.34827432968846,9.721875597858942,126.68340284608225,50.357689633859145,Level 1,No,Weekly,17.20998420044904,77.2722069409991,38.05
345.41042781018103,92.92280536318539,6.542010595454389,24.900660754947182,89.40546052038866,Level 2,Yes,Quarterly,16.99828691082421,77.44290294537164,4.22
270.2856692538301,40.510269452756646,8.434852065014223,67.73205134035294,93.63427533982278,Level 2,No,Weekly,19.58554007949528,83.92511487778529,3.21
69.55048853696034,90.61110021324971,9.092322533733192,90.49899683074028,80.73709397924894,Level 2,No,Monthly,15.964561063072832,80.30759177185826,12.08
1.9327409932608397,32.1495701247882,8.197562956334144,39.253103821526565,63.55934820081872,Level 2,No,Monthly,16.363026718190557,79.83469064323351,10.34
285.41149995919193,47.64369863437916,6.798910605569525,117.02079563397999,30.372095359118866,Level 2,Yes,Quarterly,18.492687504381813,81.89479593728598,53.17
247.40007034666598,22.602899781599973,9.903614865097659,21.086111542378013,98.29449216202212,Level 1,Yes,Weekly,16.69890867858407,84.51548113676739,0.44
255.15250881434557,64.0476042175844,8.313036509816342,41.917876296424794,27.413616719193833,Level 1,No,Quarterly,17.329326220175226,76.12198564470565,26.8
269.944621340081,97.89811151748088,8.64965185511654,95.50358788095184,20.265692199043105,Level 1,Yes,Monthly,12.341686861966425,83.33534567109257,57.18
25.915628106931628,60.34930960433786,7.328134239476276,112.87038306484801,44.215411378658274,Level 1,No,Monthly,13.71266924115071,80.84019179867846,36.94
125.46300499049542,35.78140841135489,8.192243297873814,139.1636033502091,5.684057071238846,Level 1,Yes,Quarterly,11.473013457118931,76.46165353811837,75.15
40.554170833795396,64.78174459905284,8.002023221854127,111.7145647515011,97.84944646717908,Level 1,No,Monthly,15.057654423348055,77.97149318688992,1.43
302.08619905645776,12.292067846538757,6.762135447006943,107.33130513313257,58.84335564164248,DC Fast,Yes,Weekly,14.557274006802462,79.8236141646474,29.28
218.15434438964527,88.86590802653987,6.8715612374161354,71.26434902558637,55.69520916641753,DC Fast,No,Monthly,19.971628142794568,81.91177144577424,25.98
115.81430869842721,50.30839507798363,9.431153818665711,20.166975318484184,65.57962798997198,Level 1,Yes,Monthly,16.112086528155423,77.42607016953453,8.73
22.245422600108274,44.93497420396421,7.339369832723066,35.62070363563085,49.70236477772067,Level 1,No,Weekly,17.864448231944234,80.3487881546759,14.03
108.84381260048177,58.58647884535192,7.182353950245207,89.49209081828509,3.2063517094541583,DC Fast,Yes,Monthly,13.340146707576542,81.84671627415862,61.61
113.81416270936147,62.47838627894025,8.267190079375487,107.76688515977456,61.23112888403968,DC Fast,Yes,Quarterly,18.315453313427966,79.48740750847506,27.94
255.3621624183224,7.177580622651303,9.190614959768794,74.26827690654012,71.61738769564306,Level 1,Yes,Quarterly,16.150849664876834,83.63025961120175,13.48
223.1451149743246,68.26172212234025,6.716812815026458,114.98827149869072,41.67490606240531,DC Fast,No,Monthly,16.969923315984385,83.69459102840405,44.82
310.5244599017143,24.193168031552958,8.518827718733895,87.84209839318324,75.72955720711929,Level 2,No,Weekly,12.944307779494544,79.70691217640446,14.23
165.27522380668225,71.39526325065899,6.9172365499420065,29.642905427260587,22.70012993384206,Level 2,No,Weekly,15.486383916955772,84.729257104089,26.28
41.857986078405595,82.25347943841967,6.627613677889665,44.96211262583335,22.127659106618403,Level 2,Yes,Quarterly,16.340369734136086,75.75585092405447,31.97
249.63567552804824,80.39585075525203,6.684603832567761,129.1997690217126,16.141698768757394,DC Fast,No,Monthly,15.89094675816581,75.03362378322936,72.1
266.2747670159141,55.25009674078891,9.419574378729545,114.23865706117714,37.19947597891618,Level 1,Yes,Weekly,19.151937114245666,78.80668263803919,47.51
196.4470191493237,52.016989231075115,6.912903692698215,136.31905831162436,84.70120353890836,Level 1,Yes,Weekly,18.982726644925535,81.01097061372509,12.88
269.8385129840963,14.287596133941172,6.658029775443022,35.28244238572175,82.79120621490644,Level 1,Yes,Quarterly,19.709840578768706,81.29200157449661,5.18
172.82845872753677,77.53461504031355,8.032649605000193,148.7289294999596,38.28242079635038,DC Fast,No,Quarterly,16.674280060069893,79.76445736293829,56.9
182.95649028369792,27.140938044671437,9.453977151797087,47.222872813491364,58.911873598023654,DC Fast,Yes,Weekly,19.719141301256847,76.24883313240646,17.11
149.63935642549237,49.669542281794655,7.418429317712556,21.53138391726346,72.08163164749156,Level 2,No,Quarterly,18.324780000319087,76.70497521787894,6.9
8.896694360433315,28.42740929275167,7.975994161340707,149.66498207696205,24.1206774628023,DC Fast,No,Weekly,12.708321403399593,83.5214798385201,63.76
37.76199944765656,13.382836299969314,6.639728863973129,56.53960510786471,16.814108589474706,Level 2,Yes,Monthly,14.27435669551297,83.67911131739261,31.51
11.000214990356987,62.95576968917366,8.071774799472065,106.84252882663279,97.2095993212311,Level 2,No,Quarterly,12.383924421890098,81.7389853786072,1.8
222.74364394232313,5.4332034822903825,8.521645782229967,42.968700842919674,61.75573132096185,Level 1,Yes,Quarterly,10.041971608305651,81.64217972278882,12.04
110.02459337671434,74.86452341262,8.498174688132506,95.42970918588843,98.14157218336639,DC Fast,Yes,Monthly,11.880487531469086,80.97682128027807,1.28
177.99974190764598,31.758679526111667,7.663493422610278,137.52454823909272,33.77559871322291,Level 1,No,Weekly,10.040605862868757,77.02925885701988,52.0
317.64826587413256,0.013469300448532007,7.604366132320974,61.623551765697016,70.30316999741315,Level 1,Yes,Weekly,17.1983846135049,79.28250700259903,13.02
87.25228020210623,51.11291392372298,6.873182666278092,107.1330168857667,22.260363654123772,DC Fast,Yes,Quarterly,14.255342977211996,81.9589465146338,54.09
143.63402306247042,4.6851908527603126,7.78379412226194,44.42746654379415,26.120017127391293,DC Fast,Yes,Weekly,13.125747270778582,80.37252272003339,26.79
264.442898490067,27.616955782089946,6.848231341055376,101.22340183343428,51.1902121269624,Level 2,No,Weekly,17.61720891095188,75.18580334055099,31.48
80.07935792206786,70.69764874557161,9.18308580649218,63.73854573627632,31.961812550807124,Level 2,No,Monthly,18.32486774619645,84.53556806720098,32.2
26.942968440077546,6.268962162186586,9.881960042118651,47.45707361643372,16.762156384058446,Level 2,No,Monthly,19.7529953864988,83.44816052572143,24.37
101.4130085198188,83.93384923560023,9.895260598333474,60.71366659147257,26.2880701989326,Level 2,Yes,Monthly,16.420135846752412,77.60545014109738,37.75
56.427450538901546,0.3819922658583108,9.527748847813879,43.24933890601392,3.574839446586464,Level 1,Yes,Quarterly,14.615289585400518,81.16458935166295,26.13
325.39417831990056,24.682386920190226,8.602772522688667,137.24909401892478,70.44236214774867,Level 1,No,Monthly,13.05264301607436,84.23239383728188,23.58
282.84213284754594,74.09040561520715,8.95302994035358,71.63429522122675,49.21166570858616,DC Fast,No,Monthly,12.223182092142263,75.96011012113651,29.57
221.6913147786482,31.627014972930677,7.498220309381449,51.886309646667755,9.424306640452562,Level 2,No,Weekly,12.129259504826013,80.03029480796701,36.59
305.0112065657012,10.189238806601352,8.707696470604173,78.29301933207128,17.16939931284912,Level 2,No,Monthly,14.091893747197988,79.56243025846294,42.23
281.28522691469004,36.02339188004279,8.094773423039571,61.66970168484442,10.253453811264402,Level 2,No,Quarterly,19.917863552879297,79.10205005283532,40.45
65.29952061011254,27.039328638452552,8.187060689219264,116.77450299573238,61.259280827587645,Level 1,Yes,Monthly,10.008536974374033,83.35588608892925,26.08
312.3956494714922,84.27119021605549,9.152217961313053,146.25858854511426,9.42103636124938,DC Fast,No,Quarterly,11.972058972310007,78.80646146697457,86.18
188.76978467047775,31.334791758514314,7.486714244590381,76.94437537069409,75.42823330352161,Level 1,Yes,Weekly,11.883929824035738,75.63663333241007,12.93
282.6040543074219,78.89324717760073,7.61313864093082,131.93434199639125,2.0510919320391174,DC Fast,Yes,Weekly,17.171194855322923,75.65837742164302,89.95
313.6319549732226,89.18721448107347,9.736246268950229,93.56219956275054,24.93757879958921,DC Fast,Yes,Monthly,13.524847275980619,75.42744606524609,55.97
111.30121624015236,43.381741957652956,6.696785031978403,40.44063646225035,89.06666758919071,Level 1,Yes,Weekly,14.572608045918205,79.09145421874037,3.83
38.51817358468686,90.9943143854392,8.199720044446691,109.78095647057441,71.8531318122246,Level 1,No,Monthly,11.48624130469905,82.1840627769836,19.51
79.7773068896796,37.73180539631929,9.694802801427516,86.74648462635662,7.296833292568772,DC Fast,Yes,Weekly,14.049970388769477,77.03722461930515,55.38
149.48772601918972,96.40784164901082,8.63627052736355,104.57884802277344,82.11261044851797,Level 1,No,Quarterly,11.031998119058361,81.4646852043155,12.36
286.3051680728726,8.928952452557294,8.412424759742462,135.65936363431643,49.30351215402048,Level 1,Yes,Weekly,15.330432878885832,81.87088472103704,40.51
301.2557041397202,68.70192665032427,7.374104627302743,77.25649418528599,84.67830271688292,DC Fast,No,Monthly,10.97938365382856,77.55202124015598,9.28
2.433245685916746,49.38140404569287,7.701464211725569,137.15309101825625,60.07397744503934,DC Fast,No,Monthly,17.90508381173156,81.00557656060629,31.86
178.76155590214802,38.76488054556471,9.482169455316425,117.58697185661514,68.18330320328587,Level 2,Yes,Monthly,15.666017175404896,81.84868340026847,23.53
146.09385110207265,63.27118787486009,8.457263461189603,83.51864036413802,99.35015603957082,Level 1,No,Quarterly,17.23967873773517,79.66613622802126,0.35
77.73773366475558,70.38570916343312,8.30159767814873,98.41887763553528,23.233554592401816,DC Fast,Yes,Weekly,14.185163866526839,78.36716597280095,53.64
41.95287856678898,0.43632696503090873,6.848528997390101,62.32554722747149,62.394557476138836,Level 1,No,Monthly,13.814912932422274,81.19151551574328,12.76
118.16530999126978,16.69530887471987,6.5560985475929305,147.86764896604063,46.032139005739836,Level 1,Yes,Quarterly,10.982088890488637,84.77847087328057,43.72
330.0183963693817,71.30460506343186,9.872898160404672,106.75565119655148,3.9451952922691436,DC Fast,Yes,Quarterly,15.238556070428226,79.26841409368978,74.7
113.12102620726434,66.63854135782064,7.819451585503946,25.700090824561887,1.4470641502865034,Level 2,No,Quarterly,15.14502164857092,78.91735096285122,27.84
181.57671761017812,96.60475051286772,8.611245717348265,62.46084774724114,11.922857781785867,DC Fast,No,Weekly,14.681020444496053,79.64266902426114,49.02
246.05663561331224,76.1037790250783,6.7790027561554975,101.03087638867747,64.90917405385481,DC Fast,Yes,Weekly,17.405183646824494,75.76218393445048,26.59
127.2703608327529,95.0772707731338,8.890900000030662,27.323326113901174,56.71630879133922,Level 1,Yes,Weekly,18.325044000323544,80.5316327967139,15.73
340.12372895233625,70.25405015348069,9.763983480470863,23.10494487148856,55.34295611637275,Level 2,No,Quarterly,17.50789674948508,78.28697387217264,14.6
336.85655322973895,29.805220863944314,8.514828385490969,78.50315113861433,3.1856762528260085,DC Fast,Yes,Weekly,11.438657428068439,76.21422122331262,58.62
88.12380353887745,10.536492225085647,6.941403628313937,63.2497233600471,46.930299636000704,Level 1,Yes,Monthly,16.220595092821082,79.66256741117374,21.15
174.0369770623349,78.18238633449356,8.53602534615717,76.97881904431156,92.46228178425285,DC Fast,Yes,Quarterly,10.803231056895333,75.03383986573978,4.59
105.30740843586938,64.4149221475916,9.182215245866283,54.150130284400674,39.75918693106466,Level 1,No,Weekly,16.946222874404764,79.01785245162759,24.95
99.69417303211367,4.818601239329623,7.922457878009065,41.413307102587524,62.492246978845635,DC Fast,Yes,Quarterly,13.818390965611266,76.05735267926451,11.94
12.910431574086479,36.005046590097834,9.579432117795138,109.5886364074439,77.98186756231435,Level 2,Yes,Quarterly,11.324989562662866,75.2429270339978,14.3
213.34751689296388,95.67998154842861,8.770390336750776,86.89424511481407,78.39252791418876,DC Fast,No,Weekly,18.620508569761277,83.24475046244503,14.69
175.9376581301015,50.04011457102012,9.647371214012209,46.020047462417686,51.92800823952714,Level 1,Yes,Quarterly,16.140083390389375,84.16248803282635,18.32
18.017562937496272,43.272913601970465,8.68226858936568,61.54662541379978,85.79519454023364,DC Fast,Yes,Weekly,13.547249679475275,77.07674648359107,6.68
97.526262482814,45.7699605159294,6.959507902016885,96.93502799623236,39.137809336374694,Level 2,Yes,Weekly,10.307271796504995,80.39298263834262,39.05
317.8930600883288,20.88827240051637,7.583920988868162,29.38981527542212,88.86932147847983,Level 2,Yes,Weekly,15.373102590036105,77.77958157130985,3.71
83.84666173344034,36.87071708647952,7.206282318883599,39.16889120460334,24.02271663955453,Level 2,No,Quarterly,19.232258784862324,79.93577438672182,22.7
50.713205231928086,36.98132559871766,9.680892742009018,29.521928533960715,28.021640699057105,Level 2,Yes,Quarterly,15.963798327023657,79.3663132089416,19.8
171.30846609714706,5.2355020187472405,9.16140023550619,125.60125325283545,5.31206241990011,Level 1,Yes,Weekly,19.71650604619493,77.69051055080486,68.12
344.97765893871025,76.75676285179182,8.867394291185022,117.8132003175612,79.55818365422829,DC Fast,Yes,Quarterly,11.364511182704586,82.00393579635298,17.21
84.71934502902515,41.6504431903879,7.553382118710676,117.93068114430342,41.70552362327056,Level 2,Yes,Weekly,15.683051045948368,76.26490959320255,42.77
235.2474415920575,82.21798868164232,7.1441567021757475,113.12229465188365,22.911661391139905,DC Fast,Yes,Monthly,17.981250480064297,75.53072782171367,62.59
266.56686536505117,85.03480011198954,9.147578807961192,107.020105077083,23.179027761657967,Level 1,No,Quarterly,15.255407311257162,82.67675433037279,54.83
83.17314039733988,21.199405469865805,8.159552810576779,82.00894899916275,90.13999412292331,DC Fast,No,Quarterly,10.910663559874726,81.6593003122068,4.95
254.87572201415085,65.73534821701286,7.290263432527202,103.49616125592495,83.3916600461037,DC Fast,Yes,Monthly,15.828860015472177,79.98526124146397,12.41
128.72409645173863,47.22818041629817,8.658176923578463,24.987002122436706,55.35308853571833,Level 2,Yes,Monthly,16.117379058424717,79.67789770472541,13.19
221.3070407077528,88.0156737921485,6.641168482484582,100.790374945382,61.61108004157211,Level 2,No,Monthly,17.287092484753526,79.97411379491426,27.16
221.73539876631315,21.57406791764541,7.641595889448888,121.12410171979404,47.4325570550291,Level 1,No,Weekly,17.61211515165474,79.37024076098673,36.92
187.52113942616546,67.78132003100443,8.139949481068971,85.04658684997072,39.16665428788089,DC Fast,No,Weekly,17.707726882106073,78.92892295831179,38.08
31.601419519042906,60.775212225272256,7.01785416938292,66.4767326955408,91.54768812183315,Level 1,Yes,Monthly,16.63444393638966,79.9969060288612,3.98
292.35587345623327,29.53014775718328,9.946290671567938,56.06547552412729,12.561270352030206,Level 1,Yes,Weekly,12.158111864186582,80.2851517115976,39.11
112.27302274010754,13.660090365117261,7.23184077606365,103.56426652107072,41.8446789716228,Level 1,Yes,Quarterly,14.042357558394794,81.9190231408362,34.42
65.28147863994899,65.16397604772766,6.9562359551514295,110.06415582188814,34.45619079878753,Level 2,Yes,Monthly,17.76129972614399,82.11207160734023,46.83
14.27129954416737,73.85974581323308,7.212372058604137,133.22578798213056,49.81507202511484,Level 2,Yes,Quarterly,19.534269834008132,78.77629080140144,40.96
206.81253011588464,31.562734376335,9.191713966059035,64.50343071992879,45.76318745451751,DC Fast,Yes,Weekly,10.78946964836622,79.13540522743489,27.72
237.14752664479886,64.48326040223138,7.98926980745145,120.07039996012612,51.88895316510814,DC Fast,No,Monthly,15.355366777971948,78.73697169736224,38.05
5.805740124749653,39.51309076115032,8.478955789133883,92.97625714461392,13.99189772269941,DC Fast,No,Weekly,13.125222713243065,80.36535773625711,50.14
179.23257040474834,71.32068832826177,6.573532049452263,134.7687437881503,51.31415015132771,Level 2,Yes,Quarterly,12.253938943168297,79.53353537914195,41.76
79.27352131927829,19.92152748940531,6.620509580006601,88.6155740784307,24.241881388721087,Level 2,Yes,Weekly,15.058106835197151,83.89596463136193,42.53
225.81047664330745,89.02150026361744,8.060389424394558,87.29187769173573,18.433134898819127,Level 1,Yes,Quarterly,16.060893405565366,81.96361266916473,52.63
61.028250151747,28.74095964655797,9.358293351205683,95.12402058731818,6.483421878619122,Level 2,No,Weekly,10.097722314194812,83.98656383754445,53.38
241.82820833586308,36.77859877561529,9.598336075476478,117.41099616851648,76.26525587561409,Level 1,No,Quarterly,17.80206572201191,82.09136991559426,16.38
135.3573712051881,5.8091952080349785,6.80347298658474,145.40976224769992,42.744192085655996,Level 1,No,Weekly,18.198821312594475,84.70992148523814,44.49
327.85549605785707,11.15122123212764,8.38427085735358,29.563236048049536,62.66436833117584,Level 2,No,Monthly,19.65510824567933,81.35736778255269,10.55
48.13233045109764,51.58619027123281,9.696303901977448,26.946498310832233,72.75933433047433,Level 1,Yes,Monthly,11.806437332246949,84.63550138163055,7.42
119.37322286759048,26.75926767279715,7.8579046403926025,141.881543862954,67.93166653135535,Level 1,No,Weekly,15.94552562360948,76.58169890409427,25.2
39.715732434206174,83.54802257421944,9.40348040999929,88.8838313173668,47.05007190896823,DC Fast,No,Quarterly,14.266253734763945,75.52477680829404,32.44
323.642766397497,1.4693388654953843,6.967934790398027,99.93739189370169,38.789852895172984,Level 1,Yes,Weekly,13.348278515553506,80.7912518520386,38.3
307.06877368334335,37.90940486719362,9.773880713837295,82.71506820731474,37.595990964066374,Level 2,Yes,Monthly,15.656334514375047,84.83493205799775,37.46
90.27956970030446,33.73455467690927,9.12998161135956,32.17546883897168,64.00487969300563,Level 2,Yes,Quarterly,17.823830932235502,79.17605247302397,10.52
230.99441611196266,1.9327630917601035,9.794670374754155,119.85161919442665,49.47943549418734,Level 1,No,Weekly,10.2305278344521,77.12043362192959,33.89
286.02777007042556,12.436839900051023,8.868160317433773,117.1392038615163,84.91322479885106,DC Fast,Yes,Weekly,19.694001125661867,80.21541449193514,11.39
194.32028405981183,41.36426749186353,7.771913761997995,60.521431794065556,87.47019843267121,Level 2,No,Quarterly,18.098815857057108,81.48798624578889,5.42
185.37770242460226,49.28645844474466,9.783634103836528,59.81110187969205,17.056037800651847,Level 2,No,Weekly,17.511537036455785,78.15178695515888,38.03
84.64830181515809,40.42897472548691,7.464483717082125,128.9193795177174,13.623365154572564,DC Fast,No,Monthly,17.603873821805035,82.1476935849926,66.06
32.58596873206472,53.093767841209385,7.6626038272160635,29.40644350637246,63.04009260359995,Level 1,No,Monthly,13.890607096186525,84.75114507045726,9.35
314.0255152836644,59.51316749056815,8.952829463006092,134.54366928635358,30.12257480622794,Level 2,Yes,Quarterly,17.516205508448138,83.96963121710617,60.86
315.1463200071657,0.992382112783563,9.178607048338852,53.366019686468874,1.857071876509886,Level 1,Yes,Weekly,13.867702086029576,77.91585373512196,39.22
221.5855100456438,46.409515945350385,9.752912193472039,97.08801720821421,88.86426693629551,Level 1,No,Weekly,18.98706829574793,78.26723683144598,6.92
118.66042686704523,96.34992408875883,7.216808431696733,141.6792432702311,22.690076724380827,Level 1,Yes,Monthly,11.772223833064697,78.71541224449588,69.74
122.22335111443131,51.90322801295487,9.292993123267284,108.15592519976404,92.92806516858091,Level 1,No,Quarterly,12.923474242151514,78.94552778393646,4.52
254.08448760458379,67.75422674589532,9.084911186889371,73.87587562071477,71.74344508782536,Level 2,No,Quarterly,15.51337542699076,76.00319499193279,15.47
313.988590983402,31.18638579168832,6.723280946887592,109.63944715770397,76.26534899114843,DC Fast,Yes,Quarterly,13.192110358872725,82.61962838889289,17.37
310.4802484927911,77.39913781527625,7.8552809942357245,64.71735272112812,20.14614957931604,Level 2,Yes,Monthly,14.242372452952734,78.653392636107,45.51
272.95644105016834,77.2921481876115,7.4896790997103455,56.0435941253942,23.419442561681294,DC Fast,No,Monthly,14.924226893985946,83.79819976705453,39.03
224.71107615400072,52.129604765413895,7.565716485239106,149.56882613150836,52.12677538240658,Level 1,Yes,Quarterly,18.563533488135086,84.26940623120109,42.72
29.44898774826709,97.60138232792136,9.940314078441453,117.6027300533724,17.209985264986216,DC Fast,No,Quarterly,15.231922536086929,75.24431309307688,63.57
56.57004993311482,12.555021476265338,8.749720947179748,103.8135970596363,30.543169268303227,Level 1,Yes,Weekly,13.624598486145604,84.88503069928205,41.59
314.4939659844777,1.6947664889580993,9.011866552277247,66.18765361851143,32.14624779478045,Level 2,No,Weekly,12.477361640351159,82.10022731500185,30.67
212.25017088085647,77.0158211757096,9.918161730602533,26.390907790156263,15.96299332527641,Level 2,No,Quarterly,14.086759787921972,80.20392225992963,27.15
3.218968065820377,80.71555373648826,7.8202062386017355,24.03739388457023,20.518283339516074,DC Fast,Yes,Monthly,15.157361044143698,78.89527608372553,26.16
35.51504000311124,12.020722912057625,9.30644058958482,92.04356320834384,78.85518420082566,Level 1,Yes,Monthly,17.461148572032364,80.18518132609712,11.14
232.22561918781952,26.55828329586061,8.020858371565733,119.06425373507663,16.719585454726836,Level 1,No,Weekly,11.210487761723387,78.24624723978444,58.44
1.7715543461765404,1.755236336662891,9.543367851352428,89.85929475770116,2.8457391843922486,DC Fast,Yes,Quarterly,12.21609188239151,81.22687813696548,50.93
56.28281799612453,29.33086107805647,7.132301394589561,129.30205935208488,62.93549426289384,Level 1,Yes,Monthly,13.796540158686732,75.92980276444791,27.23
192.05682627830515,77.31418739186715,9.816901619724979,24.345449302118812,97.598311939245,Level 1,No,Monthly,13.603984051195146,81.21122602911811,0.72
242.16331919244263,51.79605277125789,7.265700979438079,67.67776993537221,33.12138146231214,Level 1,No,Monthly,13.917480876052117,77.75344850138444,32.28
228.18644082591018,34.80955931682881,7.64177177443326,50.81915085264315,11.86557031962523,Level 2,Yes,Monthly,17.935212646403244,75.17634829052346,37.44
78.49425831119592,37.17392949063303,9.146672819373732,78.14548586042586,57.03873253675308,Level 2,Yes,Weekly,13.241544029621732,80.52705766162877,22.99
249.26272747163756,0.1353625715468154,7.878142995478924,29.408931115235923,90.63542110956462,Level 2,No,Monthly,15.018981804026646,80.78447755852696,2.33
83.03718062388002,29.98005275652359,8.628739818682563,144.03711340423945,78.40617798284788,Level 1,No,Monthly,16.239070328578965,79.26569004711536,16.89
113.8898943557437,64.64587416379305,8.056007253743,49.02320213901692,62.2515868412716,Level 2,No,Quarterly,12.32178550183605,75.72286232550317,14.79
261.27199179130844,97.41944438163571,9.098294779814236,139.90001081286601,31.50564966075994,Level 1,No,Quarterly,17.18695387147539,83.93342952804191,60.8
227.37151466652514,84.70608269838995,7.299159383290138,75.36611015476863,54.18801732762199,Level 1,No,Weekly,15.47111319738281,81.11430807227889,26.22
297.2281936729623,2.3594964645529126,6.70460295532907,148.11813732317833,9.124484130425536,DC Fast,No,Weekly,14.467811630313781,76.1571329956897,78.35
230.16451230512018,89.85606046748393,7.549752891155732,92.0275898498274,67.894542428067,Level 1,No,Weekly,18.097840267383138,80.10930576594147,21.19
198.90801116741505,78.3198413298626,8.160080327039505,141.00827234285498,72.50960188976508,Level 2,No,Weekly,12.43495259185182,79.97254315948472,24.52
32.78616873983237,78.03761235709804,7.088070182674375,20.69536853024897,96.50316229099188,Level 2,Yes,Monthly,18.83175970614323,75.60401868792927,1.04
128.70053107080173,45.79957590035715,7.74179051379736,117.27104480351701,26.039735874507166,Level 1,Yes,Quarterly,15.610487353667038,81.06859703602947,52.25
92.82082868860391,39.80052929545028,7.89994056402749,137.396584903327,1.8456419043022643,Level 2,Yes,Monthly,16.091748793796583,83.08326398921565,80.14
85.39637518267925,30.29157288331926,6.700871452908958,38.16367370726403,54.56084644271506,Level 1,No,Monthly,18.75058964168943,82.49008054248478,12.5
340.55369416335594,6.569485895436578,8.541575368644716,32.49636072517969,70.67905043968145,DC Fast,Yes,Monthly,18.17582687849336,77.02969414164184,10.06
137.58420363336614,22.82353634936991,9.595201997899506,75.19443893417423,79.0407475882988,Level 1,No,Quarterly,16.015620688219002,83.62292529554212,9.31
312.21629431198966,24.66036349780246,7.031100195335684,141.37825779728155,19.37389330248106,Level 1,Yes,Weekly,17.531877038481742,78.42542165659351,68.9
220.898519099042,48.40770697102016,8.5923280469053,90.51025282475703,26.175286903702364,DC Fast,No,Weekly,14.33319490232897,84.46508378291941,46.71
278.18395623957696,74.7444406596694,8.826587217187962,88.56934028382518,51.25909252672963,Level 2,No,Quarterly,15.473777534997463,75.71747964225713,30.87
175.92298258681723,47.38098283979466,7.967671381467509,38.34639537891184,33.060080997000185,DC Fast,Yes,Quarterly,10.620701367085111,79.86208688519842,25.48
201.9163596192257,5.784444944716061,8.953841555774945,20.102636442118442,86.05114865874451,DC Fast,No,Weekly,10.898579180000468,80.97124377177549,3.22
172.38119283660237,95.77898009882038,7.937560402218542,125.31821179690996,47.37601537387203,Level 1,Yes,Monthly,18.29425404186332,77.47650098474605,43.94
68.33504572931558,94.27243190941122,8.266230507921023,31.384693188210967,79.9578644102003,Level 1,Yes,Weekly,10.596716556824967,82.71380188720228,7.38
252.85824034152685,78.51895431484084,6.525735655940494,102.40047643559211,58.06197604823537,DC Fast,Yes,Quarterly,11.693991256326072,81.26895679810717,31.42
98.27032685429953,99.13279015642206,8.921020399471411,138.9001390869749,77.3090141617112,Level 2,Yes,Weekly,17.958326589504416,75.18109437287956,20.83
8.510588251008844,54.448233280026294,8.814699376306535,47.12474871059603,33.267298653032384,DC Fast,Yes,Weekly,10.011459506282563,81.08368590696236,27.65
225.91530356750874,96.27683502532061,6.634403070642206,106.4854687107984,83.14166219303112,Level 2,Yes,Weekly,12.824043288458643,79.91478234418446,13.28
61.98873779246713,7.560504061675077,7.788875375882966,30.23081497197623,27.457231555102158,DC Fast,Yes,Quarterly,15.840386578266218,76.96029201703507,18.85
329.16050452352,36.568074826137135,9.926611442770836,98.48816869888968,54.60988080032908,DC Fast,Yes,Quarterly,15.954499314692967,84.95748227059529,31.28
333.8750019509056,22.538126800676583,7.972577968990159,41.31112372391635,21.400711317387422,Level 2,Yes,Weekly,17.771529082294734,83.97162194827615,31.14
320.202536577157,19.583308413427,8.256808917961447,115.67396286697314,47.55265216261934,DC Fast,No,Weekly,15.059262544921705,77.92507695029063,38.59
129.55554508940554,14.08029488926761,9.684755553559015,59.160068323208066,31.817520950870314,Level 1,No,Monthly,15.094018695309703,80.41070920798616,24.77
5.4098157851036,62.241364156599666,9.010416565530146,80.24083114460402,26.670343063721425,DC Fast,Yes,Monthly,17.253105755407006,78.16502139910291,42.06
324.91149690570387,78.1321855747305,8.537245458934782,97.92597046359082,96.69850180280375,Level 1,No,Weekly,14.986244632662835,82.75495751636078,2.29
149.86445191106,57.82983994203607,9.292316384693754,42.26554338661114,16.00741054867306,Level 2,No,Quarterly,16.084910865636168,84.30331433196454,30.08
338.32918666528434,14.696270958820968,9.525281932595906,116.41291642029071,78.73258374573953,Level 2,Yes,Monthly,18.97774068255051,78.58828606914383,15.67
337.2669919812385,81.11237699334708,8.099108251080434,59.34324428278589,98.4164959483215,Level 1,Yes,Weekly,14.01451007612372,83.05584249143628,0.86
298.553309413576,63.59547071637285,8.162879277261425,106.10834178865795,1.990148374007783,DC Fast,No,Monthly,13.851250709192222,79.98407542713205,72.19
103.057112224355,38.81657061269955,7.851178274781425,40.576796590918576,69.90274140420951,Level 1,Yes,Monthly,10.035489918647713,78.96578561311577,10.01
134.78420501067384,67.4130295536063,9.883471490064611,109.45529569682553,25.291180555628713,Level 1,Yes,Monthly,16.134262615212318,84.3842185209877,53.09
297.8978350308999,25.990497924283286,8.940081890016227,36.66444946536002,4.0487824328304445,Level 2,Yes,Quarterly,10.29771907407132,80.10404688719032,33.63
110.92270180469718,34.51922084942105,6.791280731728253,75.29634451509787,40.28895789566308,Level 1,No,Weekly,15.041484897283162,79.67410500257465,28.37
59.32246134013237,91.74858431319902,9.520358681595564,52.136789586053986,93.5217810170875,DC Fast,Yes,Quarterly,18.042337890322266,81.72434401962343,3.12
194.88044186042256,29.05045056714204,8.18195979292694,117.28878242566374,1.1765094366997686,Level 1,No,Quarterly,15.499210705196631,77.61234201018284,66.03
327.65417095627333,46.99882681579366,6.740638672478706,54.06455058589369,58.788569192978166,Level 2,Yes,Monthly,12.696361652166761,78.24792870788316,19.79
243.61042883624054,89.01411373960147,8.424010393071589,134.6232498314015,50.13964785953243,DC Fast,Yes,Weekly,17.861684214493714,84.32045836238623,46.69
199.52140953127773,70.77213502675275,7.960074976414957,135.93662748285965,87.33841643710475,Level 2,No,Monthly,12.697170040825387,81.78529845436942,10.73
34.011772819768986,6.220322616470275,9.572122917019186,45.53737097896216,8.400171452062565,Level 1,Yes,Quarterly,17.330317809458986,83.26637147771005,26.11
215.25252934470942,14.730304427897034,7.2139811126328555,99.79997285100416,68.15260298866504,Level 1,No,Quarterly,16.10258455190231,77.7111176193543,18.12
346.51884753649216,0.7841590771916818,9.39262613322264,31.40329342359536,68.01096984332773,Level 2,No,Weekly,11.699962967480012,80.43790189929872,9.31
49.02940533278341,63.09217902291634,8.451910419149085,70.89982294821179,66.90800168622832,Level 2,Yes,Quarterly,19.051338748441857,84.71396266989498,16.87
181.41537832730785,44.767342541041835,6.691136061247142,112.7318248351654,94.2334494935037,DC Fast,Yes,Quarterly,12.006436829571957,78.18703899028218,4.24
307.0805751747844,13.427485090227552,9.901458554639197,105.72502209048912,82.30875290068805,Level 2,No,Weekly,19.895870741406696,76.60476476317042,11.61
259.26901621397155,95.79341210567705,8.2941533543612,101.21108702285903,4.197272624350601,Level 2,No,Monthly,10.073104886549407,80.10886008224664,69.86
243.95550934834378,52.96597239456199,7.518068989810539,56.730312276117665,47.108285070451316,Level 1,Yes,Weekly,12.63483377142903,78.87821088724876,24.98
245.86942939548825,24.189329411288917,8.142923946962403,69.14324342647225,39.79530562013335,Level 1,Yes,Quarterly,11.998602972741988,76.59577232786714,28.41
125.8219029269143,50.06035711547076,9.50250224231121,33.382998811037204,31.014722109080207,Level 2,Yes,Weekly,10.139934101704625,83.88551382703368,24.08
102.75714549257268,67.96203327351078,7.567160935347722,113.47296665636813,45.13367251540973,Level 2,Yes,Monthly,17.323679001473156,84.90723910553778,40.78
283.27640441747974,7.623921797356448,7.174367387703451,85.50554358286556,38.41941849259774,Level 1,Yes,Quarterly,16.934258020995962,80.68582180689998,33.0
283.53968813771326,27.4703815047892,6.951749364258085,112.1395322049351,43.23338998786653,DC Fast,No,Monthly,17.923509643549306,82.74676768373455,40.39
303.47531150303627,80.69654908839937,7.542507894365739,52.362658223593456,97.92618656086425,DC Fast,No,Monthly,12.566985464645652,83.59038369546299,1.04
319.63419339476496,45.966487040266124,9.230168304640152,62.17696972255861,8.863297474958076,DC Fast,No,Weekly,14.4433516708297,82.00982006021827,47.01
178.96983960132823,54.65771420322949,8.150692278183415,63.447993843814906,92.22308698387297,DC Fast,No,Monthly,16.591135216215473,75.44156049111731,3.83
175.53070314051985,43.28160022094693,7.29618561292739,23.346513267138107,48.02367134710267,Level 1,Yes,Weekly,14.397685038881436,76.57634231716818,14.7
279.4033126383713,4.389994264300512,7.081647498634123,64.33622346798106,62.374224549954114,Level 2,No,Weekly,16.973257703179158,75.70989191151386,16.51
227.4873757722178,16.574977982015593,7.664553167786327,124.42959455734436,83.01829666176938,DC Fast,Yes,Monthly,16.33973408440442,75.09879606642056,13.12
245.68840704019618,44.554163874189086,9.789735305099981,136.648804447466,36.046302914925555,Level 1,Yes,Weekly,11.146478030221765,78.05996408757237,54.01
278.52743430263536,20.918546540792782,7.700593494065085,87.36838103267057,43.04219080879669,Level 2,Yes,Weekly,17.81043121076968,78.9235596048156,34.31
311.50186963614823,4.997902865967873,9.958434265841223,79.21522037849863,40.95184802787139,DC Fast,Yes,Monthly,17.206763590925185,77.41029732335926,32.97
118.29830489803753,84.36496640518237,8.198306595178746,24.007200430918132,37.47310225357599,Level 2,Yes,Quarterly,16.558343876174053,75.6460464808632,20.66
131.4540334239804,98.11925291641158,7.127073714015528,134.29656388609976,92.5529321646895,DC Fast,No,Weekly,11.550936062710024,80.29863090836677,6.64
32.89367894430415,79.31428739967394,9.618990321277282,21.691327745363452,82.8929891193012,Level 2,Yes,Weekly,12.679964487953637,77.73319319957142,5.35
202.3980493486609,85.3784921704667,8.111243805971894,142.81751042732753,10.89999898629761,DC Fast,Yes,Monthly,13.931770315876005,82.96037154863562,84.76
12.57979582885973,24.197713031704538,8.983849702265836,83.5981123294518,10.812335247709603,DC Fast,Yes,Weekly,12.799296216564434,75.0805262162528,48.88
162.95930634636105,96.06269755131997,9.942990541232032,64.45148416471446,42.78695148529912,Level 2,No,Monthly,12.278102906761315,83.4252705128761,30.39
189.9256221476518,19.692570445342838,6.675613726119909,140.1483965295458,9.865737673280906,Level 2,Yes,Quarterly,18.053576701617757,84.54753678945957,73.34
100.28943824489954,95.14298103618323,6.838430959256485,23.170829104312574,61.909309527111965,Level 2,Yes,Quarterly,16.382322463602023,82.1613506315357,12.85
206.79164119915376,99.4819293965951,9.021598595119647,95.58523633298132,14.36916072617339,Level 1,Yes,Monthly,15.654721315502503,82.33644065262567,60.4
10.675087478667301,71.17228057460487,7.4863875115341525,91.36122818491388,52.2373263966801,Level 1,No,Quarterly,12.259527108532538,84.33562311602734,26.78
13.071866062225046,98.1143731791822,7.145054889325347,48.51165215747967,0.7219947003717753,Level 2,Yes,Monthly,19.180765622686415,77.0907128530035,44.99
287.9101962308804,56.95397795671037,6.637766579369053,75.75536607552738,31.659634841264673,Level 1,No,Weekly,11.911830390973163,84.94565568208577,37.53
126.06672449394202,25.954178317609035,6.576463491951706,104.79432077269013,67.71907236726554,DC Fast,No,Quarterly,17.94950932824677,82.73481203378542,20.28
44.47117942815967,43.699588566562085,9.210699610919267,114.52705559465058,48.40389402278484,Level 2,Yes,Weekly,19.66672666705293,82.26570708327793,36.69
182.78514101918154,59.35609353787859,6.9705169957934245,20.093191631855372,97.82694859989881,Level 1,No,Weekly,17.270927292242362,78.61090578995292,0.57
269.4977435845138,7.308156202701499,8.137022155899029,141.79094591183198,87.41037960662108,Level 2,No,Monthly,19.928587751846297,80.45777485405611,10.1
75.53735962389511,62.234326461724606,8.620638853128192,41.38829841106561,35.90707790431512,DC Fast,Yes,Quarterly,16.510511169779466,81.53917788273347,25.19
218.0116665366501,98.11778367622945,7.999231301990962,50.3654564489067,4.5486541472274595,DC Fast,Yes,Quarterly,12.17460343603895,81.20342861317216,49.53
29.871612747818798,19.010764978372762,6.594873283176816,54.25154794020027,84.56263001150188,Level 1,Yes,Weekly,12.038194937165112,82.0498463847758,5.62
18.088602409012694,79.25951162883833,9.242255259057682,24.91661775176459,91.12343103146713,DC Fast,Yes,Weekly,13.245642842554764,75.8238173907841,3.06
185.9741210488518,90.78987937796194,6.536796285895787,35.99677606674224,82.06273934190368,Level 2,No,Monthly,10.071300202210061,78.55648432831697,7.04
189.22229256353728,94.37015928202209,9.166614630321194,148.22548998274107,12.794994091976486,Level 1,No,Quarterly,16.816984700828346,79.34000016595478,79.08
223.10046552437228,96.01356044054472,9.626565728258429,60.97817585904719,99.79151344122877,Level 2,Yes,Monthly,12.686677846278275,77.60629297874966,0.12
254.13196680293154,52.14596387214719,8.014939723700103,34.98914174407641,25.85842215527738,Level 2,Yes,Monthly,18.15183232292753,76.72627270269224,28.1
341.5482278118871,97.73079079915037,8.374398655842294,33.90886395270103,72.42049128083701,Level 2,Yes,Monthly,13.591726505593002,76.38927479912863,12.62
180.70512190541837,75.73102071344388,8.169441874161787,113.52979579709634,90.80348763357216,DC Fast,No,Quarterly,14.799564934633127,78.66383392256586,6.92
113.03476552943609,16.16714362369619,7.862230165182035,131.0939263242433,23.568711433070945,Level 2,Yes,Monthly,19.656889165603694,79.93441700562566,57.91
278.3151681690463,47.690010646797,9.60598587379626,53.40379893610108,90.8258554677066,DC Fast,No,Quarterly,12.421721230472771,75.6297644014666,4.1
94.79128794172598,71.8331175372004,9.628767287344967,22.718236603580547,30.948157919486697,Level 2,No,Monthly,17.212540974297397,84.4645809459055,19.42
153.63999724697263,24.734031581908333,7.675357276245371,49.00170239789625,97.64132223840562,DC Fast,No,Weekly,17.551177893054174,82.65243322860758,0.91
27.459733469793086,64.06151835488873,8.652744139051443,27.347039803578454,28.12600203804746,DC Fast,No,Monthly,12.209981575236352,82.30851773185466,21.36
8.872760195410129,66.66004790466192,9.744176467510524,33.4413417619054,95.34358247578352,DC Fast,Yes,Monthly,15.009968366121957,76.72860524988727,1.66
336.9269451372738,16.26997438085659,9.86720474629473,76.09605558019351,5.3544650892674905,Level 2,Yes,Quarterly,13.502019253129683,81.0380076801219,50.64
292.59304217927206,56.50853124527563,8.281356641477167,49.889388212012236,70.9272011669813,Level 2,Yes,Weekly,17.71906243400089,80.29724946808668,13.82
243.5909721327943,77.16269109786077,8.084886818495143,87.07296420830504,53.21111338370037,DC Fast,No,Weekly,16.224833190290376,84.82468845786694,30.96
143.13353054499447,49.88956645359419,7.47543010574984,52.954187923434745,47.78770771227306,Level 2,No,Quarterly,14.759830548605471,82.47671770080157,20.71
60.65301202479602,1.2103116776107425,9.856051556166435,142.2698491433832,22.349431425583997,DC Fast,Yes,Quarterly,17.793632650477182,80.75761883716231,61.22
54.75296493488012,0.9038469079292177,6.9998500656550355,137.77271583041437,70.5595789776492,Level 2,No,Weekly,12.35155570008417,83.50812666470122,21.64
87.58501435760836,35.702934397001215,8.529403516167037,93.68479365136058,19.08094914463071,DC Fast,No,Quarterly,17.53621880584359,76.5509427086071,46.91
192.22933264714217,92.6194068431782,7.488925936315236,66.0751189583602,55.284179598476825,DC Fast,No,Weekly,18.653743120928244,75.15216529690977,25.52
250.10857294502182,22.867677960360876,7.476529016217288,69.54909466451562,25.32453630402508,Level 1,Yes,Monthly,18.786215968075723,81.90233333414523,36.07
231.06908185120594,63.43636888716871,7.91739005581666,73.5407968087846,95.56213797813561,Level 2,Yes,Monthly,17.83673593019604,75.98311460237238,2.55
97.97686393107999,22.207587069332057,9.995775275354791,114.58531187754272,2.8631193835652824,Level 2,Yes,Weekly,14.080141669982687,76.15433639983509,67.36
334.20284823211796,32.16699896595486,6.692382073939378,78.71306941744893,19.972828011123656,Level 1,No,Weekly,19.81808022717827,82.44680726424531,43.15
258.263920843519,84.8042089601484,8.52489636371236,131.37489304576667,24.231060638744772,DC Fast,Yes,Monthly,13.795936438224398,77.7053484413399,68.83
194.02391837899023,72.88614422699469,6.789002553123471,142.73232217094738,41.406782576781644,DC Fast,Yes,Monthly,16.386253991024255,81.28631215568893,54.58
214.10226118202328,9.539927731321063,7.0408229049668165,63.6729999392614,23.273024187005355,Level 1,Yes,Weekly,11.610741780694687,84.17406926092748,33.6
146.86002184972648,42.87020209864336,8.038470296205146,92.89028257883841,49.134909026878525,Level 1,No,Quarterly,19.80448898636393,78.16474531637859,28.46
86.7058463254051,2.916976364526447,8.286610459712545,32.35734978823338,87.2465523258539,DC Fast,No,Quarterly,17.039859218646633,77.17144157839918,3.05
124.59043752794156,48.0890146603009,7.405773429275834,46.06097620962667,71.20634214091707,Level 2,No,Weekly,17.533775452463683,76.06562883741051,10.85
265.2461386625292,66.24340117010681,7.607599958060456,73.75054967232082,57.99619805351111,Level 1,No,Quarterly,10.657767034111446,76.30462361419725,22.15
5.037721020414554,11.850262359815156,6.804384570895766,46.80635306723125,8.900317798267965,Level 1,No,Monthly,17.634178142206718,75.62222695378843,24.82
40.62542417742068,28.888493890916568,7.561269243454877,133.95286380253327,69.39921083892756,Level 1,Yes,Monthly,17.747234292206013,75.8764237882974,23.03
16.100924707613462,39.783662550215695,9.882954537831903,40.57721328768275,16.641428431093985,Level 1,Yes,Quarterly,16.717727263622297,79.32004588809154,25.35
14.255080811639548,91.95310246560497,9.806475835853686,79.23590680190196,78.63673859616979,Level 1,No,Weekly,12.919096137903436,78.2086504502397,11.8
299.41120440385254,99.32550154229641,7.672074015479447,98.74090125978384,25.00567585101532,Level 1,No,Monthly,14.896900421608816,82.06560814322998,53.35
246.28025078300828,4.491129899561585,8.497988776975665,109.94230806090978,41.70487283209009,DC Fast,Yes,Monthly,11.104343713087165,83.70241658247002,40.24
165.96084018056382,76.1007923495392,9.683583868888306,69.79901806444587,35.04702023179279,DC Fast,No,Monthly,14.715870664591526,82.84773203142385,35.69
34.241956227850515,37.17240664023432,6.521643379243138,132.9828789342147,85.88139146748568,Level 1,No,Quarterly,12.43823852600405,80.30637256665652,10.14
172.06555629089132,39.245818622948,9.337392496181572,93.88148964013031,12.654445871340814,DC Fast,No,Weekly,13.490969864940821,76.02442116232653,54.58
165.71511977319798,75.42649733470228,9.819293434761217,77.13601145818174,56.56448823847886,Level 2,No,Quarterly,11.626004084036985,82.09767283941554,24.05
60.620654468505315,91.84264321454087,6.819640070167449,28.741282426764762,14.206160944306223,Level 2,No,Weekly,12.30054367746897,78.62828724726873,29.2
151.84807723329055,95.09285945025483,7.065066901115223,80.40963089787145,70.47958361321867,Level 1,Yes,Weekly,10.765686418201163,75.8565039391541,18.41
139.4766570390807,57.712258603832076,9.862612059699744,126.69565930604493,90.50781277944812,Level 2,Yes,Quarterly,19.19901366436921,83.42466407212626,7.51
215.54753431827575,35.71211593005028,8.381390502741212,99.89033236877101,43.46076538672534,Level 2,No,Monthly,15.304106879754034,78.38216517182505,35.55
222.28277780367532,78.75490858587793,6.549688220651033,128.18111898478537,48.80922602649759,DC Fast,No,Weekly,13.967419712627397,77.18248832511571,43.84
15.856403420215582,25.100138326230027,7.401711995672352,84.22151717790973,92.74228364827623,DC Fast,Yes,Quarterly,15.350292127687839,83.71452064618843,3.87
131.11441511926492,56.40740288335178,8.074802859941009,35.40002166228264,52.09913886493571,DC Fast,No,Monthly,16.282932284815526,84.02133868447005,16.71
219.05097049998272,35.85784615248732,8.925181188586688,21.77317995866454,48.75984380495609,DC Fast,Yes,Weekly,19.21878793369349,78.3897083719156,16.13
176.0976905030307,65.66310737078761,9.066061323478799,59.418541073416854,57.83291027043042,Level 2,No,Weekly,11.786929522863133,78.54801419281374,20.13
299.7714444159128,24.03989128935069,9.983975295239096,110.73876129471302,68.9229736362952,Level 1,Yes,Monthly,12.955524986352176,80.79628527583144,21.56
230.54277106663076,19.159294573482576,7.506289197843157,122.7337875124202,10.688337508703139,DC Fast,Yes,Weekly,19.75789336344115,82.33441493810658,69.54
57.02704947850039,91.8239086675437,8.383770356539664,58.44786850064283,82.1110527741516,Level 2,No,Quarterly,13.711929866485244,75.63149201906863,8.27
24.699061590150446,10.18036829495369,8.366632417508617,84.43500971482213,43.55050274532593,DC Fast,No,Weekly,10.225616507573276,80.93343657188471,28.52
224.84674737221047,50.595790773493164,7.919758408065331,74.74545757643061,7.234850989748553,Level 2,Yes,Weekly,11.476434926371589,84.52820061783582,52.97
9.278958689567634,22.085278296300892,7.092066628448471,73.36796196568562,78.61826691982131,DC Fast,No,Monthly,10.26338701748552,77.62093897179953,9.73
205.02145344571215,3.892996332566745,9.92109797114345,50.07533271601956,37.69499716862721,Level 1,Yes,Quarterly,19.899231424207287,84.08827214096934,21.35
329.08058449873516,3.601881829142639,9.486610153333052,37.72824365382959,10.036749509505395,DC Fast,No,Monthly,12.788708489912231,84.50168340763094,29.81
201.41596225655763,17.522177210582733,8.24416559902983,45.569512570057704,63.377903954325056,Level 1,No,Quarterly,19.23542756936226,77.69153640971089,11.33
135.85947417228266,86.67703545060003,8.611358979394105,27.193210331234994,88.01313534336417,DC Fast,No,Monthly,19.95886275759716,82.54201865885351,4.23
225.15087645482362,28.247874397702667,7.295413687458818,45.75699643706501,88.77535094139863,DC Fast,Yes,Weekly,15.998412211431141,77.3877500831956,4.72
160.38851167203083,95.04591705752958,8.403254746371115,21.19611669129933,95.76634748089732,DC Fast,Yes,Quarterly,10.331963150655618,82.37611161732133,1.53
190.96587626057723,58.16222929891936,8.932395465925165,101.54359208267718,86.7705459766688,Level 2,No,Quarterly,10.815916303869269,82.97419971288826,8.63
329.5126830717838,43.66141897687661,8.30308459935306,61.12880296039877,0.2140919345475223,Level 2,Yes,Weekly,14.815890551078777,77.4720570371065,51.87
135.13592323027098,58.00888346694546,9.965998097047294,146.50881248549814,38.02411664133902,Level 1,No,Monthly,14.06172012911486,82.15869543583236,52.39
336.41669733837,51.669838522626776,8.639695796867041,45.183216600918726,81.85425799055031,Level 1,Yes,Quarterly,16.061773057817675,83.1210453886409,7.55
316.8727246846223,75.87762537573252,7.798407994072591,64.9577141402472,36.62530059984742,Level 2,No,Weekly,14.388478097113639,78.58578872106912,34.88
68.52689717625375,28.249606597285226,9.202532096655434,66.51935062339932,60.15485063797061,Level 1,Yes,Weekly,19.340768492714844,76.67702775989727,17.71
24.27645530630791,35.30503916003024,7.096618790535747,21.09869448811987,60.6316947374532,Level 1,Yes,Quarterly,15.34739715413511,75.91964567317514,8.12
35.272300482099325,89.40943025332507,7.8458053479719325,129.09703389512967,36.502530403882304,Level 2,Yes,Quarterly,16.93726061462442,80.75381703609942,52.25
6.3776389780424045,94.64565131504055,7.714356326321551,24.159279818762215,90.44739272812876,Level 2,Yes,Quarterly,18.964852726424965,84.78098119315713,3.06
33.05503626457494,89.25582274864745,8.01132483287722,142.22337851480137,50.32283453861176,Level 2,Yes,Weekly,11.468718758332074,83.22950320022215,44.97
239.0523706957249,41.94479939573136,9.236229390750541,135.9696656421707,46.47842059375008,Level 2,Yes,Monthly,12.297346541185286,79.35839638934553,45.28
24.916026961080146,78.03655030068816,8.194605612571927,89.61784909117526,99.75137456618958,DC Fast,No,Monthly,11.073186604740151,80.36620902854959,0.15
111.64147060281645,47.63357333010988,9.279050575930869,90.66742473846797,49.35003640726167,Level 2,No,Quarterly,11.396383992299123,77.7952788541182,28.74
295.7063588393091,49.75398521461022,8.517711160989531,104.99112998430033,17.839825192858104,Level 1,Yes,Weekly,15.125839669342332,76.63065867360064,58.43
8.145177507539053,20.468010905728395,7.6972430213014436,70.31650155153531,51.306942286343805,DC Fast,No,Weekly,13.21179258967464,79.82081158232273,21.82
285.0639689061275,59.113030325851646,9.334925602892154,104.1388968417212,81.401673551993,DC Fast,Yes,Quarterly,14.231728395267549,79.63501566167186,13.72
98.64917117068998,18.613589775334795,7.334013846935821,25.819890529503294,77.68603268982814,Level 1,No,Weekly,19.82489831794062,80.2192995280376,4.74
41.35768966757969,33.15646990671938,7.285340429299284,27.026191555464454,78.8581765108471,DC Fast,No,Weekly,11.567043477959482,84.5280458556394,5.62
243.85800787745274,85.50302016199352,8.265760234191925,79.43995455054076,70.80237839979118,Level 1,No,Weekly,15.408120707980757,81.03895300144772,17.42
220.1299963729594,20.707580921085523,7.412972360867311,91.45089914378454,25.42178290666882,DC Fast,No,Quarterly,10.98871155053651,81.05771836622374,43.13
307.11520473446853,7.115828517343282,6.531804622329257,135.41629324365647,86.20840858402315,DC Fast,Yes,Quarterly,13.184963132638785,76.28024762861077,11.31
257.27486533136005,6.90075926128163,8.769041345545805,33.60588240802652,89.3443465376265,Level 1,No,Quarterly,15.275259236745987,84.9648886617682,2.66
281.218325634697,94.07845205031079,8.288828375153393,126.94423053520562,19.415269661854907,Level 1,No,Monthly,19.466317459653375,82.72844944234669,67.31
98.71210039995727,50.69204379618346,8.059312350726064,47.30615384796904,13.045563655139391,Level 1,No,Monthly,13.91228221283483,83.77203344094005,30.49
62.10384032290299,40.941207181701834,9.884389801164104,71.23087430630414,97.56049685891121,Level 1,Yes,Quarterly,10.649066962146698,79.14300411830995,1.13
262.7151630743004,81.08785810079185,8.499197143870198,61.15831652756368,86.83239636503679,Level 2,No,Weekly,13.881614479603169,80.02128095785625,6.94
282.3921587435424,83.5825927910516,9.522010522262846,72.02018547250186,89.32361472099467,Level 2,Yes,Weekly,11.457411758739777,80.22083809162277,6.59
346.6767997002357,33.21910331156046,6.9880758267180605,39.564414749436125,88.63763846243951,Level 1,Yes,Quarterly,12.299896132914453,76.94094539289605,4.15
144.41618691899927,69.36180574737952,8.492222620952997,85.46410967246214,54.168682403372834,Level 2,No,Weekly,16.180906231649903,81.89489156326957,27.51
130.2063300274741,77.11228158518865,9.537928693558161,124.21353667807774,64.64017366657997,Level 1,Yes,Weekly,10.674238662036817,84.02976723617456,28.43
271.7445362596989,65.46506868659546,8.540870150479643,77.39942134925661,54.53628521336417,Level 1,No,Monthly,14.647237562500374,76.63705818138419,25.25
119.28123908855625,15.159507480009937,9.013049623444505,83.77976486676587,5.1206349190329075,DC Fast,No,Weekly,16.094615860107645,75.86318273486164,50.35
325.7650639612477,87.5883083517057,7.802152487342726,130.33978608657085,74.55030853527727,Level 1,No,Weekly,14.21858392367497,82.38218905540342,21.96
300.44446314505416,53.90945527360087,6.823573309629733,111.78755490294401,50.53320333358803,Level 1,No,Quarterly,10.191263506237304,77.73201831672982,34.66
150.1479095812564,28.24724263700037,8.102651032944749,83.75907310757202,64.77090747902298,Level 1,No,Monthly,19.855193569028653,81.23862541617329,17.82
262.8048737270241,42.52281854376939,7.880677867936001,53.50043426459336,50.263980497553526,Level 1,No,Monthly,13.671157673405354,81.9575833799218,20.21
264.09000592963883,3.757109039890738,9.534710638326317,135.04047708984567,49.181132232245595,DC Fast,No,Weekly,17.78577186933267,78.21910763581822,40.34
36.09335409257641,12.786680122241755,7.353983558233653,95.01265221977259,17.178910947776682,Level 1,Yes,Quarterly,13.256464921874532,83.15144597425784,44.08
315.8935173378483,76.55467505158609,9.883569796372878,48.74918931439014,27.871371514114895,DC Fast,Yes,Monthly,14.750167569934188,80.49988982114218,37.03
176.83833035675,0.0011634755366141114,9.853483419315737,54.98556784294134,15.88526919439558,Level 1,No,Monthly,13.884636426109966,83.68999407951803,28.12
289.2601131377096,41.65658284822922,7.366710750750036,124.40730156171198,19.566629562534242,DC Fast,No,Weekly,13.425392295096078,82.63293552558947,64.47
112.01736036071411,52.251018108558846,7.718181844170622,25.73892307136921,97.29773804203049,Level 2,Yes,Monthly,10.218513772077788,83.68575632037454,0.82
313.4331299736702,5.4634420000972295,9.634445093058599,148.97198431374662,15.311344577219844,DC Fast,No,Quarterly,13.600209378545035,75.20161382117894,72.35
136.2205875569571,97.30781629723329,9.883177773136376,36.94571836292293,26.927042430520764,DC Fast,Yes,Quarterly,18.894899903995302,77.43506260738594,31.77
3.793178018104426,22.612533124967193,8.052036859926154,123.48890830160187,59.058965773858496,Level 1,Yes,Monthly,16.90393338593684,75.90007940445939,28.06
316.8836917467423,30.419871963628086,7.623489659743142,71.32079118031876,61.017857623664185,DC Fast,No,Quarterly,11.454228590954399,79.4208301718935,20.17
31.950336875146746,30.39425122550273,8.341329046380396,83.9881038273707,15.397412974382906,DC Fast,No,Quarterly,15.911550046227392,83.89960121615319,43.4
111.75977315664521,23.04166621173499,8.907192222280072,134.48457507039512,79.37174257852124,Level 1,Yes,Weekly,18.922308599488716,79.67540262266868,15.95
332.5216884677817,0.1473822086311416,7.457160803812429,73.67845464659771,78.5202867912825,Level 2,Yes,Monthly,17.000340409648555,83.49713044580395,10.95
332.71250142814466,72.93447940879963,9.077656111166755,89.87418797752048,23.731770420389108,Level 2,No,Monthly,11.486843923566967,78.27178238019317,50.3
200.70326084315013,96.68454997992853,6.680800749901244,26.40895611319209,28.866630267546046,Level 2,No,Weekly,18.678324967344967,78.39570072805252,26.18
221.14302425942975,22.429348328504506,6.6725307246754575,20.305171602768908,93.7987865459497,DC Fast,Yes,Weekly,13.015440132888653,83.95561730326878,1.79
156.95593269241192,66.30471918034225,7.852006968009408,51.823983490224364,82.5671445979478,Level 1,Yes,Weekly,14.540761443123419,79.25817146511702,7.8
102.62377009432258,74.18963269587151,7.737156172212522,108.47580207943975,69.77970330625239,Level 2,Yes,Weekly,15.261427596891464,82.89765487794666,22.3
115.03259087947059,84.84253790905247,7.604716253785033,35.76443613668777,8.223322151060053,Level 2,No,Quarterly,18.50506604378195,77.36643547881901,32.74
235.38145962696345,42.262919701360914,8.218569169341185,34.789054644591424,41.82640809025757,Level 2,No,Quarterly,19.316074951476608,84.48800829677636,18.61
263.331085303188,30.293090564042924,7.622567538090499,73.42487904466742,55.9301872076827,Level 2,No,Weekly,19.29652877790556,80.74578246530571,22.7
277.05266530404697,32.52951340230311,7.1729027146383215,104.21881501906944,18.741128798377694,Level 1,Yes,Monthly,10.079541812785406,82.59323568578402,54.37
276.36634997809387,71.26213330985128,7.583143421810103,112.56935899223096,44.82265821082245,Level 2,Yes,Monthly,19.218884855854572,75.89515699794886,43.22
31.922136067041627,81.6779466505636,9.912164954835822,43.19858763278872,60.102587748869,DC Fast,No,Monthly,10.543869660015723,79.9266422583053,15.92
173.0471066459035,18.161396775660265,7.93889695948197,30.34645915836552,32.737668011539924,DC Fast,Yes,Weekly,12.657736568174354,84.01038497734024,21.57
20.1455660058255,37.09410081577652,8.056494719004174,142.25161441292073,78.09448189504872,Level 1,Yes,Quarterly,15.14987854727833,83.77038629043304,17.29
192.33510881330744,90.19401967491501,8.51790746482899,53.88662973307323,84.04495816388055,Level 2,Yes,Quarterly,14.79925689004394,75.46813957234228,7.96
154.53567548068196,80.66935196947392,9.941692689449793,130.9350446891341,32.36094694340708,Level 2,Yes,Quarterly,16.047097938873918,78.03698469128946,57.27
310.6964639654049,98.48584027624759,7.34560446752517,132.2538885601664,83.86571544924571,DC Fast,Yes,Quarterly,14.794462287370058,79.4332000647908,15.06
122.82025439322754,75.42482596820807,8.884487386863519,120.42793692913078,10.357656610301502,Level 1,No,Monthly,19.343756796404207,76.72264814355788,66.49
40.97345574966205,39.319520102792225,9.005946427396035,41.94836886483411,83.77290986226564,DC Fast,No,Monthly,12.40548848214587,82.2999831098997,5.45
50.047088718492546,59.06378339946377,8.625635458775731,126.83418970304605,15.275043166761659,Level 1,No,Quarterly,12.740246940384859,76.84511995598712,61.25
266.5287211011153,66.10142542473203,6.810024188728255,120.00257270140627,8.292715250972604,Level 1,No,Weekly,19.20737935693056,78.46639694369887,70.57
216.37632216069136,7.845581631712395,8.869052965396518,97.57398871380822,64.17754044410113,Level 1,No,Quarterly,10.767395137452562,81.63280636857819,19.66
35.392936642976586,54.44969591038651,6.724331488626614,63.83626457196386,47.193736575529435,DC Fast,Yes,Quarterly,16.0956082190481,79.82089344524479,25.39
29.437382140249102,70.93208284726096,8.58649927342464,54.12611855465073,90.78906004128328,Level 1,Yes,Weekly,16.817359520656108,82.38571038634893,4.01
245.339196010692,16.732130400106037,9.0885341202761,35.845597570446664,36.31891960908492,DC Fast,Yes,Quarterly,15.055417234297394,84.61207901222859,21.75
25.467052227467736,78.06317174255571,7.238394617169827,86.26841869711329,28.71522634376287,DC Fast,No,Monthly,16.942318788231372,76.16546687715197,42.71
287.6510207516247,58.37727805141116,9.445677026399709,96.08391381628005,50.07349061441984,Level 2,Yes,Weekly,11.72754646011967,82.09567716398061,34.88
247.18477950477367,95.22217856975946,6.606238319365515,66.71406876705234,45.59461857686613,DC Fast,Yes,Weekly,18.5263223277154,77.30344155632115,33.73
28.472073224664918,4.24222982068917,9.453345022804072,81.79667879851291,34.44280462171883,DC Fast,Yes,Quarterly,11.400256894698856,79.14476727407569,32.46
29.693199929817172,26.5326137555467,8.111151677249678,67.25687945800468,69.37412986983286,Level 2,No,Monthly,14.008124443157497,75.3286272579514,12.76
345.3238524754114,60.15538792998241,7.261557789760756,103.33078745169117,75.95618339139082,Level 2,Yes,Monthly,10.752576013082058,76.35907382292699,17.77
130.99477851464212,29.65599122059307,6.968223507478888,137.16369701355325,85.29839690301367,Level 2,Yes,Monthly,15.452110788174002,78.19777289048899,11.91
129.72475147341183,71.44241640712423,9.836575086538303,41.30963406610283,97.28566047103429,Level 1,No,Quarterly,16.697458074256392,78.41985805287985,0.94
284.4798485401259,75.9005282521931,6.754329556534048,69.58314528740604,26.665619213250448,Level 1,No,Quarterly,19.412216350952903,83.99585216462096,38.52
331.53700208435055,10.251596406647446,7.19682696977574,38.312918513611976,71.60934824899616,Level 2,Yes,Monthly,17.393361958960007,82.41812909266515,10.05
345.10037233800483,51.38544642067677,7.7173782160156605,101.24269015301816,39.425823549574524,Level 1,No,Quarterly,15.41102916454151,84.72182968187042,39.78
263.6823648406296,50.889055559105586,8.670821971363921,114.75316623351745,67.70819719511081,Level 2,Yes,Monthly,19.32617017170334,80.9907151033524,24.62
131.6908549358205,36.92807702155411,8.406803798466344,141.14865523766926,47.59816903492203,Level 1,No,Quarterly,14.784368380408765,77.41713732091318,40.84
29.225250844534067,93.29248625696721,6.939752223443099,56.25335041392544,99.37731027679317,DC Fast,Yes,Weekly,15.612056530988694,78.27655029921642,0.32
272.0014205746029,82.75063198732212,7.514047943083751,143.52745676250592,72.890213579075,Level 1,Yes,Weekly,15.960985276700956,78.19835923291967,25.4
195.44148740753175,69.72093819096368,7.335631198801084,28.22414733668772,95.24913004343244,Level 1,No,Quarterly,14.099797258865667,78.26494327663252,1.41
148.4777032364417,71.43266357349975,7.247399990716195,98.39180223739646,83.49695494811857,DC Fast,No,Quarterly,18.384826905658244,81.72964173111816,10.99
317.2240347831576,46.17161438131191,7.939005177679954,27.427253514632895,90.29010111633711,Level 2,No,Monthly,11.851759388450592,80.30807928090417,3.1
38.91911880715297,92.09945210965759,8.9641100840708,136.19064440905282,81.4419197214675,Level 1,No,Weekly,15.54842190371608,78.85424178086645,15.43
172.4187865018007,69.45954272532853,7.261085262760326,88.87517741910703,45.91591303759114,Level 1,Yes,Monthly,17.22233256187194,76.49089768728716,33.71
3.973775668596674,72.89810616558164,7.783376078960435,107.01528559916349,25.17884533468844,DC Fast,No,Quarterly,19.039761718765774,75.22139162942146,50.63
164.0312246979442,86.16909037873452,7.868210993944068,128.10461036835883,37.03201754505222,DC Fast,Yes,Monthly,18.839183964342784,77.18834677587692,54.97
19.70614648864307,27.4071589342191,9.917597853023935,39.54038092291594,2.0236232639950447,DC Fast,Yes,Monthly,15.08740289430142,76.07471403968681,32.59
41.58627069382517,80.7070903866703,9.841332249076741,25.0169030519574,52.39931674646672,DC Fast,Yes,Quarterly,16.431614511633416,82.85445030852239,15.83
41.13418637198671,19.524060295649203,9.300481539632266,134.25454896867078,50.50578002704087,Level 2,No,Weekly,13.94237736129301,76.12497957813885,36.68
227.22360574062225,34.53419522448878,7.345806222867148,60.941319569661225,52.52504648304882,Level 1,Yes,Monthly,14.681777628802003,82.24228237306836,21.5
261.11570774289817,33.56104542698427,6.738130599320844,36.76725803053148,97.40312249720638,Level 1,Yes,Quarterly,19.062657925730495,78.85658689776082,0.87
204.17906778400587,97.85254683891405,7.609164482022186,80.89996082132126,91.14540034548394,Level 1,No,Monthly,19.30703993192474,75.73378389743776,5.33
336.7603919660897,85.65372237479268,7.433780923018408,97.77978984048244,16.171277833010798,Level 1,Yes,Quarterly,18.9541405806702,83.12730049431586,60.04
131.2047028332964,70.11698615902597,8.27074030051238,24.026178444926316,36.888252155588916,Level 2,Yes,Quarterly,11.383708618136382,80.79630570236614,19.78
99.99923019865126,72.70567616153902,9.222047685237275,55.7364355734214,42.39561794632619,Level 1,Yes,Quarterly,18.50084021330636,77.35761512863573,25.47
304.0096948663111,56.20727944025711,9.504130286076002,24.263983655996483,36.053291785164774,Level 2,No,Weekly,19.483637310214803,83.94681174332668,20.76
78.25854348180842,94.70906671085191,9.45702429893678,74.64360059541487,79.8495963603913,Level 2,Yes,Weekly,13.612496945736048,75.45258313870552,12.07
337.12788880421397,49.62587528823615,7.758864464280737,136.36300377861176,52.40376698675869,DC Fast,Yes,Quarterly,15.186462894216692,77.01819608197764,42.41
4.25406614143572,38.05177098698945,8.90532020211239,147.744813494164,57.209981697162505,DC Fast,Yes,Weekly,17.79095255812996,82.52046927805861,37.37
339.45758934767366,16.3035336931591,7.59491969133477,102.81618195547158,85.30135589879255,Level 1,No,Monthly,15.620781375656488,82.0937793030989,9.17
15.105969182701639,78.6205652261058,6.71316940132314,41.012900191996934,80.59281534153587,Level 2,No,Weekly,19.934835217062492,77.89271693724478,7.19
311.90008979432486,73.44439320755914,8.955478429610299,137.76042069990973,13.22115228202997,DC Fast,No,Weekly,14.557133651568284,75.62024875352783,79.43
184.69538818020496,38.43550385241349,6.5343964339942575,87.11221701600786,71.39145840836343,Level 2,Yes,Monthly,17.139427112073776,83.58078072224944,17.0
347.5376786417551,2.519341395922936,7.93213905610471,39.98741057337935,43.543612890203555,DC Fast,Yes,Monthly,17.925911401965443,78.13697638069902,21.17
25.8287976573896,83.89973277180107,7.652827442557265,139.82446702871596,29.464890306250048,Level 2,Yes,Monthly,14.941004157584395,76.95713414928265,61.68
193.84899954046227,1.1417983454073632,8.926821384815984,118.47097659400339,5.0018820902186345,Level 1,Yes,Quarterly,18.569838057113756,80.16061822360977,63.13
339.2558874666846,70.3699779629051,9.181859154661327,115.12168545400971,48.724956034545094,Level 1,Yes,Monthly,15.461545912071966,84.10227199282447,40.44
183.08424545955208,97.02571097260571,7.564331225899494,112.1934914932726,35.54366807245314,Level 2,No,Monthly,14.116507968016315,75.43546577843375,49.39
220.28952334734188,43.766132814820345,9.340694550556988,46.0441767425375,25.151303967640082,DC Fast,Yes,Monthly,11.07823673851947,82.65804088030887,32.38
243.512041144616,23.497340499595275,7.5287086617672685,47.430869921978385,69.46717295969576,DC Fast,Yes,Quarterly,13.93413576350424,80.72473227938708,12.4
159.08937266872064,70.48710100433817,8.062142259952964,109.47808979554316,76.9485387315587,Level 1,No,Weekly,17.339364547332842,79.25449116551817,16.15
219.64532802942222,81.71281420155852,9.04456484454947,48.56395751435159,24.47895190294248,Level 1,No,Quarterly,19.21286411680107,82.4408044410506,31.55
204.51000917308508,54.64303160778473,8.92522080228676,77.02732058439635,4.944743667934725,Level 1,Yes,Weekly,12.516794038603102,84.65824424441632,53.51
315.4053036718461,96.70352752561462,9.955789653092701,121.66023732721239,84.8752700565235,DC Fast,No,Monthly,13.552355173305026,77.2920621116269,13.03
15.906233119510254,5.166872165796111,7.288063584755761,121.91382735271932,0.9959741204303318,DC Fast,No,Quarterly,11.539609941044262,76.4364736507212,64.95
98.3371163572806,50.479559830452814,8.818112697388539,78.92403042836176,93.7112493921472,Level 1,No,Quarterly,16.907228942289688,84.12881745222697,3.09
332.6440194267956,71.845394732255,8.63388667896522,122.98469197578186,62.76198739827059,Level 2,Yes,Weekly,19.60188430009925,81.68953077457304,31.91
311.5923243618207,86.2640471149179,9.702844590715104,129.02083350574736,32.18466352013203,DC Fast,No,Quarterly,16.409522198481756,79.37986021561966,59.09
159.47986347499952,17.925561190779003,7.047267495757063,105.12084766695384,24.64779095767362,Level 1,Yes,Quarterly,16.170765300062264,80.73259570264283,46.43
217.04640923053785,80.00034817636814,9.131293572554265,49.69536080009462,0.9005664264475244,Level 2,No,Weekly,15.53489930500434,82.45613905176243,45.6
97.08341404339643,55.27070757185453,8.48894015694069,55.621531450121175,23.547141701087714,DC Fast,Yes,Quarterly,10.884557406855365,82.73031898705717,34.9
65.84240590331646,39.65536819899632,7.4613305442576685,60.9293502031356,13.77283015171411,Level 2,Yes,Quarterly,17.295038264293837,84.19894180818964,37.34
162.29444172899375,13.171502857909356,8.160522199515109,35.18453400541376,61.216622072314564,Level 2,Yes,Monthly,16.02049543549351,79.26842788895623,11.81
123.67327980911848,86.52957589089124,7.668218089744292,55.510750648092866,16.65455885938013,DC Fast,No,Monthly,16.61476768856287,77.93410910019395,40.49
204.27963914780523,15.727320817971535,8.527596909759612,47.23749916062917,52.86298375366193,Level 1,No,Monthly,18.988110930274217,81.39664266789842,15.34
27.207122937744693,30.978785920909925,9.61150213785133,79.19273747511828,59.01164223444708,Level 2,No,Monthly,17.83960787061018,79.1572789927953,19.66
341.03818268315825,29.004553196243688,8.492567445442706,138.09688122339446,29.80416983469145,Level 1,Yes,Monthly,17.80915252154526,80.94598453948979,59.06
345.173760567861,87.14140341908544,8.711028464143045,33.58244117801455,3.5064949018718705,DC Fast,No,Quarterly,19.271837688793475,79.1998579845595,40.73
244.3565999069108,67.2702994208898,8.315617464901482,113.63483011316143,3.72538806141961,Level 2,No,Quarterly,19.899349514629996,76.52995786678174,70.81
187.63372822044212,79.66813971913723,6.679079272559166,109.3467905737066,2.6347332193917605,Level 2,Yes,Monthly,15.812827319610596,79.69426751658959,73.93
108.33466570021471,25.046789879249896,7.31500494906633,32.448045826236495,73.91246671365462,Level 2,No,Weekly,11.088816160311657,81.90917821941032,7.19
284.828256897432,62.48740996069989,8.22200605301229,139.934412637754,31.800970481429815,Level 2,Yes,Monthly,14.591299077754364,82.99283807667649,61.67
239.65591039385774,57.17459831437487,7.585823493106467,93.90138628038655,79.63001859676636,Level 2,No,Quarterly,17.876011464616443,79.93326276796547,12.74
56.91592877071196,83.28303767882711,7.13617259216418,67.28431774763895,43.17328238428492,DC Fast,Yes,Weekly,10.277253247618493,76.652378902104,31.97
318.82451457284486,90.60870604812605,8.264464946714535,118.35001585438987,45.29981008299638,Level 2,Yes,Monthly,10.568874383561491,79.14687709649432,46.38
287.8880350231091,1.2156771477386807,7.629834277067476,53.457509592212425,51.28826025095737,DC Fast,No,Weekly,10.671577823828214,82.86293928841698,19.68
332.42996965217344,67.40199190587927,7.4033767511069515,110.15627881602165,71.3031456375104,Level 1,Yes,Monthly,17.310357583283107,79.12859270617074,21.78
254.001827935926,5.1835799119729025,8.123948961041332,25.162456984392136,27.350286582970707,DC Fast,No,Quarterly,15.011666285631721,81.96530793604222,17.88
214.69531857752645,54.88586650773559,6.966494903287606,129.12304488920535,12.15873495335269,Level 2,No,Monthly,13.688979435205937,80.0721368167809,69.9
146.3850627017166,28.76327290436782,9.747110065763925,78.26221011277141,55.60573351914615,Level 1,No,Weekly,11.05617045261736,77.41223125109397,21.73
326.45496917390466,30.67765995221412,9.536957342717336,102.77007886653243,32.697762324273924,DC Fast,No,Quarterly,17.322402502058893,82.96150508023074,45.15
303.12236132514295,35.29585034523566,8.976672050091874,48.76091657486887,44.24913136680374,DC Fast,Yes,Monthly,13.210198105508997,75.84213454070687,25.24
15.826534537166292,62.12924490496101,6.871748396559597,108.01958264559823,64.69467083373054,DC Fast,Yes,Monthly,12.653240700646672,80.2489028275515,25.03
9.228441074038201,33.40499656687692,9.215570390643926,120.39123586612595,49.41257411412706,Level 2,Yes,Monthly,16.52319201553551,77.08891034243405,35.75
131.76217840731735,73.26990505902803,9.327850648381567,81.51771429497182,62.02788171008429,Level 2,No,Monthly,15.590108925968417,75.67065628541376,21.8
283.6936657736415,40.45273855738697,9.187176162000181,100.30450012803325,54.42000021136278,DC Fast,No,Quarterly,13.624106418133017,80.02933937083249,30.22
345.54664526023055,6.835320030995861,6.898880604917344,79.32237009691181,73.97963719360992,DC Fast,Yes,Quarterly,16.41487470805588,79.99562155934923,14.55
52.64591188623486,78.37598424841073,8.753677849737176,136.2318780035199,70.593661771162,Level 1,Yes,Monthly,12.712215203841183,82.0690090167572,24.57
207.9457503732473,28.5758324592706,9.420136785122896,84.7229934668615,53.41898918086192,Level 2,No,Quarterly,17.948302616043268,82.44750693051905,24.88
133.31179982085752,43.276687959926264,8.520736904268837,129.43513217374647,67.89030208597069,Level 2,No,Weekly,12.29318950307654,82.27791488692897,24.8
339.47003923511113,68.54438832219016,8.76242581329831,124.17576757513231,87.35596022726128,Level 1,No,Quarterly,11.588376953820156,79.09558732916756,9.98
294.74162309749806,33.2456157148712,8.104272177992073,73.36562677528636,43.22712877881686,DC Fast,Yes,Weekly,17.824394094988747,81.31689787226563,32.71
293.4150466488982,5.658565614671563,8.350475619594185,49.910983941471756,41.276307274879365,DC Fast,No,Weekly,17.07892030697933,80.7694524264396,23.17
164.0426059282396,37.39210470128136,6.620319004231038,72.79067723277024,76.42456208523801,Level 1,Yes,Quarterly,11.826389757017985,79.2156175611692,11.53
145.18682581818283,94.44485826943034,8.736370576906495,127.40825885077862,58.2553837041994,DC Fast,No,Monthly,11.162457526899379,80.97212694185993,35.36
95.69247517574718,64.17343972985582,6.785065245119057,49.592229656521006,7.100678022258855,DC Fast,Yes,Quarterly,18.383990884866922,84.47247876706263,40.85
19.73142382782449,67.1479148667207,8.022551080190782,88.17672496150742,89.21120156910814,Level 1,No,Weekly,17.76598482196688,76.92893743681377,6.06
302.6528316892686,63.22821536376399,7.524292841835927,124.79257723489717,3.0783102237640136,Level 1,Yes,Weekly,13.272573736996643,84.05772095785527,80.13
284.51535319552715,19.899213895943678,8.408997825740997,65.95207176668924,74.8396356209743,Level 1,Yes,Quarterly,16.581974082133666,75.53455513983198,11.56
349.9011856501457,41.833386410228016,6.966957174331225,103.48725281035067,75.87941427043128,DC Fast,Yes,Weekly,11.241601865478108,78.0838921290166,17.98
348.82289297586686,75.09397983633183,8.920751906906613,51.93210462634589,95.31110852819305,Level 1,No,Quarterly,15.070476590476781,77.88145248611528,2.13
194.4010969609196,10.137289755315916,9.282540379249646,34.20632789786079,5.4134408402320755,DC Fast,Yes,Quarterly,10.187302920604198,81.26365107880906,29.59
269.14559531317866,27.785277608971228,7.071740574101048,123.26994926207132,59.685686078449095,Level 2,Yes,Monthly,13.916018809215554,76.3122495177729,31.13
330.6680054588498,27.631910846585363,6.865095805731587,32.86592104313189,42.784057062705294,Level 2,No,Weekly,10.748428214714052,83.82347611839754,19.0
297.376586737094,43.2018927594506,7.009304189755757,55.27958136034599,33.0632954859542,Level 1,Yes,Quarterly,14.751471801568826,83.28551408465042,29.71
86.57183561011918,98.0368740942185,9.569946466644756,131.16422485966723,9.031856029907303,DC Fast,Yes,Weekly,14.216816468528943,81.52065819685278,81.56
157.69044735853274,6.750254668382194,8.348662416147246,65.04100732022673,56.265411967130916,DC Fast,No,Quarterly,14.44385026638056,79.58413831792198,18.27
45.205795303023244,51.870099438059505,8.135413486026259,146.49589543684095,47.90407256746136,DC Fast,Yes,Quarterly,10.453313020479941,84.32956042142078,45.64
333.91785954055285,17.936468201221047,6.87349136685824,147.36546352060176,10.455445815102426,Level 1,No,Monthly,13.616163412818324,83.30746554720557,75.11
212.16112205780803,97.06765454097442,8.773446023649367,54.87588265896237,61.24895070970834,DC Fast,Yes,Quarterly,17.564838490999165,79.99315148081244,20.84
80.02498192621195,11.33035047274642,9.537998571632816,25.32716889248576,73.79531202529385,DC Fast,No,Monthly,13.689143733536202,82.01873354454311,5.92
235.09523954204985,40.36010023615913,9.398650542632085,111.65822694669929,76.72783010536483,DC Fast,Yes,Weekly,17.151719526095807,80.66929952179684,17.6
216.34488416026355,73.78849848346061,8.691191481432805,78.6282453442847,90.53731882624274,Level 2,Yes,Monthly,13.694787236337334,80.87942238388264,5.77
125.35695131149417,70.45544280274453,6.763475508280858,33.09786971474492,40.94707418887772,DC Fast,Yes,Monthly,14.232394414901865,78.30976069437472,22.8
39.745157269870155,42.272863689393226,6.893389595116045,111.97796646714556,95.3072768622137,Level 2,No,Weekly,15.638921128292662,79.62084604624897,3.12
235.05061845747986,34.652416795271826,6.672581454884386,24.05273818454976,86.5429405082686,DC Fast,Yes,Monthly,19.506819368070826,75.78121430789744,4.28
182.10769531632766,39.76123785528706,7.401177257723642,133.12556976399148,29.650157102393905,DC Fast,Yes,Monthly,11.088604466466553,78.57348691664592,58.83
270.31143710747375,26.42762631586393,6.974815135061322,38.02482878472948,15.928303734945848,DC Fast,No,Quarterly,10.329137686611737,81.95828515362152,28.69
182.0572253891977,20.53329387067998,7.410168140883519,36.55054423707425,43.53893961280134,Level 2,No,Monthly,16.079571838100453,84.53216030506186,16.7
298.26352511148906,48.303969755889,7.847703195016366,42.83739873591599,40.18987079559666,DC Fast,No,Quarterly,19.490970889284263,84.6306411276302,24.01
193.16739357106994,26.853375606760732,9.800439744248974,144.83462660396864,57.57193053312043,Level 1,Yes,Monthly,19.89723132554715,80.55722869124892,35.51
196.3282900373852,28.746166489725013,8.636316209235922,110.11201683299998,58.3386232327748,DC Fast,Yes,Weekly,14.841642473920018,81.06622251809583,30.15
306.82876093042074,65.67560634745571,9.422408249890369,124.17829961027277,74.99869843799752,Level 2,Yes,Weekly,14.680816210850985,76.85721185500968,21.2
141.21900317433895,96.85373316998923,8.986230252493163,71.69254814525789,50.98899482056102,Level 2,No,Monthly,16.449637707451963,81.9530810809353,27.54
46.905329957724256,60.363720055937506,6.893760956843211,63.720654575644225,10.482264094076555,Level 1,No,Quarterly,15.556347572049699,75.70658792674386,37.69
10.07393670966864,7.697946706496628,9.07572142230882,50.48292088181209,85.8291335553106,Level 1,Yes,Monthly,16.34088057614118,77.84685685799444,4.47
264.29803948576665,7.558361385406698,7.462846085456936,82.48424368061316,30.976458318518706,Level 1,Yes,Quarterly,18.739994255378942,81.68363347285442,35.68
217.10834297371264,95.1423220845566,8.736877464481472,91.7377353594419,97.1297460306592,Level 2,No,Monthly,17.463061694876092,78.1031013154349,1.93
246.42791883472825,29.729079030733363,7.69336690775046,102.1307296748582,11.786010867977016,DC Fast,No,Weekly,14.968773916867956,75.49846874114455,58.94
74.53745652811875,9.206698608247542,9.991852921426307,53.425405519830285,95.82511722325032,DC Fast,No,Weekly,14.618644590001697,83.31870409350964,1.53
47.730016455369416,59.90445871503815,7.422430178238722,143.32503051738877,9.101180688251699,Level 1,Yes,Quarterly,16.39601748513116,78.10330007134563,75.69
5.090632983758675,62.36487782902661,7.476956647709944,42.06860476692766,23.103613794705947,Level 1,No,Monthly,14.557062844202974,75.63105224858678,24.64
122.70564558230895,64.85048201186882,9.757352894468394,145.5349127196336,4.657994208654159,DC Fast,No,Quarterly,14.577793512656399,75.74788164502866,83.65
206.47119039912158,26.74020278575413,6.58625541622713,21.931295925975494,70.5113146638995,Level 1,No,Weekly,10.163059017865049,77.51758798788754,6.78
137.28541578490632,1.5110684214475034,8.938411457556189,82.54633993618992,85.02987365717918,DC Fast,No,Quarterly,11.740641374073084,76.78015947221526,7.33
153.11622270830517,96.50153694544719,9.038642367575573,63.33781895515316,43.40710818159804,DC Fast,Yes,Monthly,14.885136399957531,82.7430011778015,32.49
316.45554307281196,25.089304569110247,9.427325020936397,78.3860438109326,92.85220750424297,DC Fast,No,Quarterly,18.22653459050369,78.21684046667035,3.89
121.88941345815512,67.60262880525475,9.910537587234664,94.18639526750258,59.029907175559956,DC Fast,Yes,Monthly,12.78727006727124,83.04695785039833,27.64
179.8963212059338,70.66298698787095,9.914606717048283,76.62659054165218,63.00071354465232,Level 2,Yes,Monthly,15.226434331311491,76.73845997823153,21.75
274.2785544594001,61.00074170794857,6.728468651482624,73.93009053920734,84.54192017007699,DC Fast,No,Weekly,13.449620847592321,79.92879179544084,9.01
138.78997381244454,31.290739421364822,9.37643762963516,115.25404400372985,29.68002050518389,Level 1,No,Monthly,11.04803989539589,81.8803713355313,46.32
217.73034507975572,27.109625376406576,8.762084767800834,109.1639157612404,35.42657213276258,Level 1,Yes,Monthly,19.582984830713006,81.51990853865856,43.37
301.8272980613608,59.76682827027031,8.765697470305819,128.3252666646602,90.59519191946444,Level 1,No,Monthly,18.546738702503017,81.01129409930269,7.51
332.33221828017474,86.60956336116915,6.949224743151432,52.49466756113442,90.09634960387638,Level 1,Yes,Quarterly,10.784924244669064,84.2482160193117,4.94
51.47571832516328,94.67337289233956,8.775655082559787,99.23870626802827,97.64827762008709,Level 2,No,Weekly,17.197872624682844,77.28525147706745,1.6
324.30566880652304,10.590580440375764,9.938689032104367,96.075322101071,90.18383164416711,DC Fast,Yes,Quarterly,13.475799043575002,79.93719204462106,6.28
172.24070257783836,15.482861259771985,9.691364993388063,68.06591541344955,12.73720360333609,DC Fast,Yes,Quarterly,19.948498070617926,83.83992550072409,41.69
90.38553590463542,94.47362587830797,8.036957312816977,83.18748044734852,82.37242861369873,Level 1,Yes,Weekly,13.023985198289777,75.77893765595157,10.97
160.69751468339146,73.65352283347926,6.63981790650133,60.79167862974474,40.9838478109594,Level 1,No,Quarterly,12.387384453625998,75.55888268253075,26.65
343.011401349917,88.29938248297731,7.768027215000717,38.439771690208076,99.08013559459378,Level 1,Yes,Quarterly,15.678905483054052,77.33302287558291,0.4
172.41633289750436,20.263263413534315,9.392366090601943,47.79415738615527,47.22809643288011,DC Fast,Yes,Monthly,18.351261633432042,81.33021219538018,20.96
115.06306360062787,58.758587110940184,8.955246855128081,33.71677403215614,55.38360825022206,Level 2,No,Quarterly,11.92518871819798,77.59879626449806,13.85
221.690299010854,70.11395944174737,8.107702794578847,108.79904477471614,52.97749152567985,Level 2,No,Weekly,17.09402769719331,76.90239883808799,34.38
84.05096657236757,68.01118854469726,6.692855373055909,105.89456110418969,32.17370298582778,Level 2,Yes,Quarterly,10.614065831411217,79.58802315358292,46.98
26.552164838032372,40.81516908666981,7.994131547381559,143.57882830538347,7.502208889291817,Level 2,Yes,Monthly,19.189347431104974,81.13598068769411,76.99
45.10790266872723,1.5394891691308477,8.141587289012593,114.85819377414137,89.56512304019185,Level 1,No,Quarterly,10.810749161472987,77.48557707016741,6.09
44.81604363522035,58.29260568042631,9.749944365129476,26.765959038297087,80.26758125262869,DC Fast,Yes,Weekly,19.142313763441624,78.00691186723742,6.52
53.165942729303026,25.310153917960875,8.743801362537559,134.95187261076404,13.952678055966928,Level 1,No,Monthly,14.908072494527028,81.13559304811514,62.41
48.58951042729355,45.02542461428904,7.590785208291271,132.14777118294435,77.67682713500729,Level 2,No,Quarterly,14.4809111279592,84.45738421989452,16.71
224.3061606811251,95.75810150838173,8.338613925577524,77.63164170045083,62.584666605061,Level 1,No,Weekly,19.733070795003766,81.74741727438088,22.37
63.65802953970069,39.903531764243475,6.73119357737756,96.1621965686298,40.91437879176223,Level 2,Yes,Weekly,19.90384177698219,82.8290414358456,36.75
120.98354916335212,83.98016066644267,9.903988824774078,146.89018322142744,25.40211490955627,DC Fast,No,Quarterly,16.50178125961012,78.66810094755469,67.91
313.87594346710415,18.854060574925114,7.7602096567575405,89.19956730026162,85.97287835022325,Level 2,Yes,Quarterly,11.271192918570485,77.72254359384466,8.36
165.88657409200533,67.24604980250288,8.172535742195976,137.69183768889167,70.01882592940531,Level 1,Yes,Monthly,15.061700856552026,79.54267743202622,25.57
233.64520848235952,97.70069544389435,7.743493909829229,30.795038515324237,54.773990946913685,DC Fast,No,Quarterly,15.291631009556625,83.07132828711674,18.0
60.31195492057044,10.189310087293679,8.888791055406701,44.83674293212877,60.95685338984641,Level 2,No,Monthly,15.144464281353098,79.56299641790555,11.45
67.30115658303477,0.8319942227192012,8.817812554153576,77.29814264737132,9.106618208218098,Level 2,No,Quarterly,15.694918385200097,83.46725408789861,38.86
14.304015693267601,43.35827926326144,9.003628086851975,96.01838508384961,47.39197609111919,DC Fast,No,Weekly,10.187247137943906,84.88771980695127,31.82
59.12727207525759,9.26254830513672,7.438501303641723,126.10962074216403,19.3700292785702,Level 1,Yes,Weekly,17.112272814705022,75.72026665730337,56.59
97.50661866118551,74.83843496762313,7.604839684074231,148.4740749686143,20.838367900882538,DC Fast,Yes,Weekly,17.123943019529882,75.45410156083703,75.18
61.95366949686139,91.45486638485589,6.938379308836728,70.55069454163514,66.13039622868668,Level 1,No,Weekly,11.15469775177888,76.49589702913362,17.64
31.045886814969464,43.402097270875885,8.794284901461394,26.16403269821104,91.1256151834288,Level 2,Yes,Monthly,15.702394424458006,78.84369675734347,2.43
42.222554885210286,25.871164215544095,6.639289945674784,124.15229542839222,40.375661047834654,Level 2,No,Weekly,15.683611824357746,76.31042209145433,41.84
161.27256881145402,43.44033190066098,8.591888174332107,98.56949348076505,20.774927301219037,DC Fast,Yes,Monthly,16.824504201904002,83.70664477618756,53.15
72.21680144202737,72.3447817850001,9.543935596980718,45.810571652866216,64.87469372366542,Level 2,Yes,Monthly,10.85397692135081,75.23146251027063,14.67
127.49445136682641,0.9054161580370979,9.617912519013718,84.32769936078462,87.11870463503178,DC Fast,Yes,Monthly,16.265033072660962,78.15792716335822,6.89
176.1960447991999,58.945398948469716,8.071632161294866,116.50033191938417,74.83188011224908,Level 2,No,Quarterly,12.807519507463411,76.84694629494206,18.17
241.63819002027785,61.329168488737906,8.107562908745757,120.1535323189237,86.87572305365872,Level 2,Yes,Monthly,15.07002990496172,84.31539330157533,10.47
13.759248944384627,63.76882468959355,6.769392140528061,84.95039355983906,53.655467101079935,Level 1,Yes,Quarterly,17.73323552704077,81.69481004890028,25.5
279.79363961816495,24.202207998087722,8.847677589050626,59.677888916751684,75.1876244369191,DC Fast,Yes,Monthly,17.056459363630132,84.12030256451375,12.02
219.76513632181772,71.40527233781268,9.37440797130496,146.58653566500416,14.006455935893648,DC Fast,Yes,Quarterly,11.189030176779934,84.72328710310393,81.16
28.615661182105168,9.13914863317764,7.356292691116495,106.23713942434406,34.82746153631915,Level 2,No,Quarterly,15.911847871160733,79.9709824367737,37.1
305.75251843737203,19.92703364668008,7.974553085716776,73.07087751501882,38.95491644815225,Level 1,Yes,Weekly,19.691165309407385,77.34319108048027,31.65
322.30534018613463,87.74700466544819,9.435937678678446,56.460219146604814,51.12957462460346,Level 1,No,Monthly,11.567694373350022,76.9372878619659,24.31
21.377285949202314,73.87231507265663,9.569921636818009,115.04338779046307,92.90763602568236,DC Fast,No,Quarterly,18.52907087725415,77.22918861685841,5.11
96.9071768515213,1.3745554011345251,7.351129930924791,51.4838479271898,87.42965602221743,DC Fast,Yes,Weekly,17.025480805537768,82.08593307622003,4.79
282.17044792757144,24.83762603698002,8.426997220894775,42.32229856657946,13.452549228918453,Level 2,Yes,Monthly,17.740033129097597,75.40445728123001,33.1
261.8908916342804,21.440648299316457,7.173726027225395,88.87840556506914,17.27896518824632,DC Fast,No,Weekly,12.819583271426454,75.51361073032714,49.34
64.58235677473206,27.080632803697256,6.856575674488448,57.698361043738444,35.76405495889114,Level 2,No,Quarterly,12.878889293798425,81.0814294238315,23.74
73.2722631678486,24.755977027988642,9.688921754871851,101.75766884006995,29.07438658906739,Level 1,No,Weekly,19.06019455776488,81.42057146737406,41.13
129.6652359769837,6.252629574284574,9.371776264812382,35.33202773365035,61.47709531562623,DC Fast,Yes,Weekly,13.598320320925588,81.6526292432246,12.25
169.58304481685747,45.894051659682034,9.16012215631111,105.1423435937518,90.2776047764545,Level 1,Yes,Monthly,10.630153906928104,78.71880504588592,6.49
216.38917003560357,73.27334747861651,6.670682115845992,56.82854863970129,96.22915416725868,Level 1,No,Quarterly,16.0059670357945,83.05944888714153,1.68
129.11977384942034,60.67317247174364,9.453050774485902,20.031581476486654,65.36029525352265,Level 2,No,Monthly,11.248176690418427,80.33624587726618,9.03
161.88715064660175,67.28716685980798,8.033154265668843,36.50168749764293,83.81592014010867,Level 1,No,Monthly,17.96596241407908,76.0546563000942,5.44
261.61482834681476,8.114917853623915,7.698382931535509,141.36999911856225,52.52022002307971,Level 2,Yes,Weekly,16.417464425010575,82.97099307067346,39.87
12.839121011709265,95.14907101767872,8.412667263588817,132.7561030849965,20.832694686003972,Level 2,Yes,Quarterly,18.747265052212082,84.53067786270458,66.77
88.35293052040727,83.84918338430248,6.8197363495324455,50.369174164710785,52.46884120934774,Level 1,No,Monthly,17.848372497826354,75.60036313002358,19.46
249.67235505959334,80.50903184956627,9.148262922733396,121.18834759091386,55.508260143765106,Level 1,Yes,Quarterly,11.121136483381962,78.91351338700579,35.66
313.3223931905198,82.29838050417675,8.538522769109036,99.11430711261666,74.24575642135565,Level 2,No,Monthly,13.810706764344223,79.87516044834747,18.35
179.08710474048314,93.27105081327613,7.153065339056086,146.21761248848304,21.98829897073491,Level 2,Yes,Weekly,17.745602499145875,76.46470760078317,75.15
186.23971984286047,54.42539661136977,7.158812699191659,68.5687357394277,36.83103820867317,Level 1,No,Monthly,14.173414732663257,83.67708947782877,30.19
37.510203968921616,20.02820178676259,7.14487028050436,108.58987962723226,36.40274692145663,Level 2,Yes,Monthly,19.723654847799782,77.84149644890044,40.57
156.59432838820914,61.678360785254114,6.699508356431769,28.259643915109415,95.94395957411649,Level 2,Yes,Monthly,17.357404498934493,82.8300853993816,1.37
186.41604325925812,74.2881493667939,8.557294572800897,71.51215508613276,44.394496032671896,DC Fast,Yes,Quarterly,10.15499916690321,81.70994482028316,32.24
84.86467627215538,73.79173933540254,9.441218621559779,145.29629595446346,75.50939672981465,DC Fast,Yes,Weekly,18.799856915608366,80.98045822467023,22.78
94.23513083228333,52.14490241668801,6.56124374895586,90.06751367851567,75.0811381374439,DC Fast,Yes,Quarterly,11.008047848685576,76.92142848696554,15.37
132.04945708661793,6.845871933357806,6.671516257399458,57.4243354335298,26.554418480324138,DC Fast,Yes,Monthly,11.405237241800858,77.20703520550906,30.51
7.024919222204229,37.11129384301278,8.50469596840431,35.63522520671889,57.18696893717321,DC Fast,Yes,Weekly,17.34492400611051,75.47348404746569,14.33
112.7277079541124,92.07666084633573,9.368234898851183,111.45868422359895,89.43028933186481,Level 2,No,Quarterly,18.649685594304803,77.40712429782266,7.71
74.00680244879062,58.4448909757426,7.6435861169902175,103.83128564586448,47.51977194569494,Level 2,No,Monthly,15.363496278995559,78.45443609460514,33.96
114.62407326227013,53.83319432557134,7.723650395827027,68.6120327684907,94.5117507342546,DC Fast,No,Weekly,12.89049732945779,83.33145303862426,2.8
41.91674613673793,26.885351438219352,8.587212741238716,143.62237574255846,21.44582293241616,Level 1,Yes,Weekly,13.513155452531755,78.66392666714805,63.36
311.6845482589632,36.84489199165789,7.459745111934515,22.88636568842054,7.415910577403073,DC Fast,Yes,Monthly,13.42889329596056,82.54621782765606,30.8
207.75735874391702,89.53460891531692,6.593129281271894,59.484100712137355,89.14538731447493,Level 1,Yes,Weekly,13.266781038095122,79.39442281295487,5.74
237.68581170057135,66.64630475268358,9.073299813355586,139.73903321894556,84.76811979622167,Level 2,No,Weekly,12.429096718216499,82.84868311993888,13.38
276.2099335125684,78.73870267523328,8.689774695295085,61.72160698152725,99.25898759338448,Level 1,No,Quarterly,16.088670946292332,84.7627160043704,0.36
174.45476962517006,45.434542306765515,8.532645996694807,52.79286840117215,67.93934881124261,Level 2,No,Weekly,19.004053185650672,77.3984155805758,13.37
30.422100830598293,63.024721945615795,9.09589445147138,89.44865329106214,93.66879266671495,Level 1,No,Quarterly,13.070824130833412,83.62341611963876,3.45
187.9872896364917,24.838360874320752,8.863307931467132,127.09422748966993,82.69490250841109,Level 2,No,Quarterly,11.86694297461412,81.21824086305774,12.59
205.3943913073077,70.54608302834863,7.220586958624124,33.409078914186935,84.44263331200868,Level 2,No,Quarterly,18.385776663714246,83.17294261588654,5.38
260.9038159645155,42.76013337033373,7.733683664301729,142.5926922539457,56.914157045426826,DC Fast,Yes,Quarterly,17.41783330889703,81.51585902267806,38.52
151.08084118038778,44.25455148147456,6.9413854958751875,123.35947455355132,38.23645979167109,Level 2,No,Weekly,19.308370315599106,79.2394950727415,46.24
44.653105978447314,64.93223245768817,6.954499546962584,43.562533221701756,93.45580725432818,DC Fast,Yes,Weekly,11.655197356049097,77.28074939441791,2.75
99.32156702955356,93.62806214689266,8.866685112247888,112.56103495576114,43.211717561589445,DC Fast,No,Quarterly,11.442513141165914,75.70035225331165,42.82
127.07880373952229,6.400634660862092,9.505100374438744,70.04463394288243,53.881936724966906,DC Fast,No,Weekly,15.414293943049966,80.35518364460717,20.95
226.07103446606044,82.47432373470076,9.869564043513986,72.29830814992144,44.611430712518775,Level 1,Yes,Quarterly,16.144336548350953,84.90326094526866,31.25
199.77240663411916,29.238311041219312,8.699214911423056,121.82771201705263,56.48183139601971,Level 1,Yes,Quarterly,14.801734418595895,82.38041805014207,31.39
124.63385406424618,44.391945450637785,7.144354631763349,145.1620250374952,47.05050789923272,Level 2,Yes,Quarterly,15.989666363238754,78.27345541399016,45.4
345.28033707754287,2.1913328775008956,6.869776209071257,36.46526347013521,4.796755857947588,DC Fast,No,Monthly,11.803797688750713,83.27204800086736,31.13
212.0211867749105,30.1046077834313,9.344978400378652,74.68193079424651,88.20481860076987,DC Fast,No,Weekly,14.796137541640833,82.68984000176407,6.24
83.02937710759807,50.26312426301305,8.525647667259998,82.52240905095945,44.43938189157698,Level 2,Yes,Weekly,16.58092560939668,77.81635793353456,31.97
35.62386541714131,5.617607734743901,8.66399757354802,68.9205362041497,58.894364850734874,DC Fast,No,Quarterly,14.327064492487036,75.14307489794234,16.72
53.50069871451621,49.10957293831652,9.235117310641481,67.21458608310925,13.918780275798703,Level 2,Yes,Weekly,16.79447335816598,76.1816263853395,42.49
86.08520493457785,92.71106288584274,8.961470297063581,26.79492678300755,0.3387847982639136,DC Fast,No,Quarterly,14.511912805538396,83.77306190312058,33.69
56.238480640844486,10.539321810780521,9.42060388499634,109.12002067314103,24.529009364364295,Level 1,No,Weekly,13.335995808422773,83.36563035304872,44.63
65.29845841795702,76.44407280755044,6.696748669109574,76.7078742256059,70.45860321333502,Level 2,No,Quarterly,13.036050470870924,77.95209000878363,15.66
99.78330904284648,40.967105337599264,9.116322228612766,45.32319434371048,9.91945301128786,Level 2,Yes,Quarterly,14.10902058988588,77.8519542628442,33.12
60.68075835316419,65.5173714524338,9.477984650627334,126.08435529926889,90.88874403864679,Level 1,No,Monthly,10.230896226822008,82.92864987102472,6.75
313.8678986192488,26.023659798522935,7.5014726486041,124.33289725971163,21.50225693561846,Level 2,Yes,Quarterly,16.68525138446114,84.37737469895421,60.83
28.081810981574773,15.949226254135828,8.741565458976385,83.2309116515562,20.45936142917758,Level 1,Yes,Monthly,18.451056409802618,82.791372567976,38.84
183.57898634958914,16.046261427122644,7.5995672234294025,58.79858594920887,18.15079616214955,DC Fast,Yes,Weekly,13.546270944431186,81.05578677030762,37.38
143.63888944638154,7.049194564314465,9.852898732688589,102.95205435353881,1.3981712971364746,Level 1,Yes,Weekly,10.460331361417186,77.42671350331804,59.84
343.83251591801223,18.564670490124303,6.616982503524263,57.459777651062396,77.18054684782346,Level 1,Yes,Monthly,19.867755973855576,80.25747914095261,10.05
39.21361575881832,66.42193849889682,8.529274953415342,50.681030942082565,87.50345312452585,Level 2,Yes,Weekly,12.63698255451067,77.33511858593265,5.44
139.24945966600959,88.16906118435081,7.082762414673303,114.96690502342247,61.416270261619886,DC Fast,Yes,Monthly,11.26621121690773,83.08011420096774,31.14
339.3146516463791,81.41256855911618,8.992770718120056,25.24228116372359,18.819998167986228,Level 1,Yes,Weekly,13.69752507973028,78.86961079517738,31.07
302.9274940628931,68.51343098744842,7.115615991965317,32.319901234497216,28.527799694087975,DC Fast,Yes,Monthly,17.385570406335567,83.33697216994027,30.04
285.975224832248,11.043186341110268,7.323841416644251,20.882462623066672,47.592669736496326,Level 1,No,Monthly,12.939165968905657,78.81609217982725,11.06
90.26598946572894,28.918744629594983,8.230297838660153,39.8826142418054,95.43459516233008,Level 2,Yes,Quarterly,15.747032039194877,83.24149405199891,1.47
59.81065558652304,30.980687532246897,9.701922324989074,28.96870113235973,24.73513718177428,Level 1,No,Weekly,14.155599944371422,78.33317815165242,17.77
234.02512697355084,24.99569463976212,7.241000302517898,149.4543078113894,73.16459039198881,Level 1,Yes,Quarterly,11.177639922766184,79.4013270461767,22.97
325.28159619465504,51.50056597097231,7.004840073913362,57.54529609403165,43.94482232929203,DC Fast,No,Monthly,13.302870124921103,81.15488419342657,27.62
194.86701255487543,53.55538148796726,9.156418911489107,39.404841647002144,29.78473483600218,Level 1,No,Quarterly,17.24870505714067,75.70287614029918,23.08
200.06444131446494,35.68859751711102,8.252168363168758,51.32951353946933,45.59159370221138,Level 2,No,Monthly,16.120038973314458,84.48207061815464,21.33
97.99268278109946,35.3789158736436,9.6912478933362,141.6963243002175,7.120671754123253,Level 2,No,Weekly,11.19778379883561,80.73605786123804,75.42
269.3225266171779,82.85555979060814,7.0131509500594476,87.62082899317144,79.86873709303624,Level 1,No,Weekly,11.633224097143085,80.07820014690802,12.85
65.46531199513318,78.92928483196856,8.760747625580638,67.4263525200214,24.330192798296714,Level 1,No,Weekly,16.407333593074455,83.39393971119912,37.01
113.28773274148529,30.779583168074566,7.315077011531352,133.54088952819853,72.54121231929705,DC Fast,Yes,Monthly,18.13415414320869,83.65762729896828,22.24
148.90275351574587,91.37884438732593,7.048661500280738,71.34873517137422,6.834837144819472,DC Fast,Yes,Quarterly,13.494744959581693,80.22260404529015,55.38
177.66363253955925,95.2815017002506,8.892002953050447,63.551114094500456,95.5098556165686,Level 2,Yes,Weekly,15.953107518434502,84.27262325793637,2.56
84.84340634527808,32.67425420300408,8.577896169680567,46.946727931465624,19.30149854056986,DC Fast,Yes,Monthly,11.706435887521053,75.6473776607648,31.51
40.19288865872124,35.442494879305485,9.14189610426816,69.1135871082235,88.27420762070804,Level 1,Yes,Quarterly,13.113763369053238,76.13225792251218,5.17
213.7170148545714,50.56341534219588,7.583119017561638,61.16896628220038,80.94732096154344,Level 2,Yes,Monthly,10.202702056730526,80.9678823001444,9.4
101.02069363408953,94.11208125336735,8.067900797337664,108.04951470875834,96.7859924081416,DC Fast,No,Monthly,17.682759477995226,78.54065861793583,2.39
203.4333774979143,87.63194331423115,7.919150867156464,57.645751607194526,47.78906609457496,Level 2,Yes,Weekly,14.010098197729668,79.64225166189199,27.98
54.02695034597081,10.25679625835898,9.9443131238828,95.035967034933,72.73972938459515,Level 1,No,Monthly,18.161255736539538,78.28079217897167,13.98
168.39903564918612,39.27307432714162,7.5228713485878576,28.56598145415645,37.0710657037784,DC Fast,No,Monthly,17.083729960227263,79.04725311444936,18.92
186.40630139305506,55.33711897497719,7.531860334213684,44.867590370546864,18.436823801969382,Level 1,No,Quarterly,18.28744265728477,83.22646347146299,28.99
18.138237887849417,50.313247255154,7.740918730900126,72.96268530947535,44.30759329334488,Level 1,No,Weekly,12.856586695828828,80.93476199854305,25.89
117.8114973678722,19.38630679368927,8.476079284516125,141.8034030081304,16.574901538845488,Level 2,No,Monthly,11.851087304278453,84.97344549283498,65.47
47.045136928640986,85.88167711681547,7.383129604923108,69.0427581430404,98.20446227863839,Level 2,No,Monthly,19.719056826516706,82.86879197820963,0.92
22.18123966546871,67.69407829968374,9.703514791327459,106.32963575597843,9.624649114071637,Level 2,Yes,Quarterly,17.173277870408697,77.73666254101826,61.48
346.4860813364808,83.79083748518036,7.429899477031922,53.16133891478176,58.92117234526204,DC Fast,No,Monthly,18.340422679266702,77.64345117726697,21.43
112.82384574115304,85.87642793494722,9.635355060460682,36.514364876520126,62.64638552540559,DC Fast,No,Monthly,10.131333737099338,78.35898270117008,14.62
283.4560560491222,74.83558536657398,6.862162722763046,27.609758010406516,53.80795428740542,Level 2,Yes,Monthly,13.544616202958865,83.43259480647743,17.65
89.12422916731735,43.92106012497173,8.797969458398782,59.703754810557676,66.21858857118336,DC Fast,Yes,Monthly,17.428166905773317,75.27287650650565,15.82
238.52595277837526,61.054675501542455,9.674449314533852,40.49593348359804,11.618077501189095,DC Fast,Yes,Monthly,10.779828329899834,77.30181278871258,38.39
266.0797509613903,16.036540611974313,7.090623034393803,42.62135824209615,55.501852420529104,Level 2,Yes,Quarterly,15.673399295689357,84.04918420344266,15.92
208.4735592127455,67.36454174749078,9.889144360347393,118.89871009030351,28.721257112736154,Level 1,Yes,Monthly,14.290727674550032,81.39896436083252,55.08
165.05166599255543,17.925325573928074,8.08509176145429,22.058949222833647,94.01760633010566,DC Fast,Yes,Monthly,10.176165071411074,77.26847095501057,1.61
144.144319951544,69.39495905101568,9.810002879543585,92.51531634560648,76.20716534397258,DC Fast,Yes,Monthly,12.359755771194514,77.19144968232581,16.04
122.10389329004835,22.959816075396866,8.868870152705163,69.32997947715043,97.25144821597426,Level 1,No,Monthly,12.847919890667143,83.6261810175943,1.16
325.33520048673904,11.755130015021997,7.5555540445574305,85.85149998811114,3.7556069740189546,Level 1,Yes,Weekly,11.118599463463225,83.93757508277046,55.14
290.7167927257052,16.52844901429574,7.159058837209873,93.16793083789838,28.51331751807087,Level 1,No,Weekly,16.315369097426604,77.56131090962116,41.23
337.7594187332794,0.1992135219070268,7.563072661787848,60.73780027944616,19.5422586638349,Level 2,Yes,Weekly,12.42397876251889,79.20510358076532,36.93
43.50402821994066,71.87396178535302,6.8255609324193625,58.36415182395709,1.11545873118305,Level 1,Yes,Weekly,12.776194996193883,83.34595738628317,45.56
255.80361632127548,73.24010490583791,7.0035378822016545,115.34224041353774,24.232573024632142,Level 2,No,Quarterly,18.982385982001475,82.71007438609885,57.18
328.41915988736326,51.493334991325945,6.866311541212684,133.26600845575044,67.8775983520429,Level 1,Yes,Weekly,14.671230926931393,83.13916106566084,27.52
63.431573157981056,16.13628010553837,7.980302403095452,45.03561221960862,23.108892213456855,Level 1,Yes,Quarterly,13.921281469692723,80.18398190787968,23.32
23.273693578372125,8.355433751068976,9.284524316901553,32.69043886956936,50.90034454826182,Level 2,Yes,Weekly,17.238710383147172,84.11549048305173,12.96
259.3922272515207,1.912896643728701,6.994842439757191,136.71345483096337,88.78181149649987,Level 2,Yes,Quarterly,19.09613796882912,78.25951543954436,8.84
201.06558961296918,16.57481769652207,6.956121516103176,65.48641027416183,69.37579203490752,Level 1,Yes,Weekly,10.250363362374438,76.56672134347518,13.89
294.6400718653952,89.08555349831467,8.752001323310658,91.67126078616585,39.462906990603194,Level 1,Yes,Monthly,14.482388465553964,82.08732332564865,41.9
48.92033181920132,24.153684170168177,7.190140436888232,66.74060878760045,37.24689389121083,Level 1,Yes,Weekly,16.107813560779473,80.39354416006897,27.32
278.34355915096154,35.42713272172156,6.8416351333814704,36.35430372498667,45.573581400848475,DC Fast,No,Weekly,13.185630981259896,83.54585768809481,20.01
70.56956201671059,10.534548448133318,7.083970023719521,96.61311384320464,17.704144105990636,Level 1,Yes,Weekly,17.724077221232417,75.81159249124715,46.47
57.279580002996575,22.236130474817028,9.733059885568716,88.26831073005185,63.40007674159881,Level 2,No,Monthly,19.714770702702737,83.43692403438067,18.96
57.493029275847526,51.922457078020514,9.375149384716668,46.38916269485564,36.41528191046055,DC Fast,No,Quarterly,19.434273662502832,77.93294653208822,23.43
285.10115208098375,60.775268309565256,7.739225968242829,78.74297580479612,85.23653492620437,Level 2,No,Quarterly,12.65982539379942,81.54855667168184,8.39
232.81902724367004,24.535231416621105,8.795372685645875,123.60317552203396,75.65526600578163,DC Fast,No,Monthly,12.26338278437486,75.40128789078256,18.28
183.07289866919177,5.773215922511721,8.380464857838133,96.75539340402588,61.05131640921601,DC Fast,No,Weekly,19.57490531021221,81.09581296303601,23.15
125.59066944322588,39.10328691273987,8.869934922188975,32.599252518709335,36.420222264951605,Level 2,No,Weekly,14.586284874314659,82.17271689187336,19.07
307.0201892845879,23.420337092633414,8.889349033619657,91.24279463978756,20.99318316734844,DC Fast,No,Weekly,12.082977230846918,78.6875021450562,49.06
137.3557875979224,21.955392322980195,8.700569052709975,111.35597890764629,77.61518641056229,Level 2,Yes,Quarterly,17.069969636304183,77.1541070526214,14.92
285.80980381505196,95.98628027134552,7.43135478988058,123.05144275149767,48.64090989910865,Level 1,Yes,Quarterly,12.844203239037917,80.37630676603546,43.16
153.69721799957645,61.63004859257241,6.6365224726698635,101.78528522245468,22.47500381773575,DC Fast,Yes,Monthly,12.672469750710523,83.33190804435647,55.04
131.93055029871766,55.68784431720959,8.094483736965381,39.84556139030188,19.51746150400062,Level 2,No,Monthly,18.792490430777846,78.2354735829665,28.12
161.93792498436224,41.57751035233219,9.618408596417463,112.32252465672089,16.540090450135903,DC Fast,Yes,Quarterly,11.624791533769034,77.5246929752128,60.46
105.48225595744972,42.89443334301443,8.493240404815015,108.05443999059713,77.7161196205595,Level 2,No,Weekly,10.643929464662364,77.78935308637688,14.77
261.6632830616879,54.090500383808084,9.413368645956677,23.175494782282318,22.89871853003117,Level 1,No,Weekly,12.691864401716872,84.49132152916664,22.11
175.95213653236772,69.64298070361072,9.970685200364299,73.52719678673162,52.66422635251975,Level 1,Yes,Weekly,16.069454128382038,78.59276915764559,26.54
81.27444330138606,70.21460961818295,7.072656714483967,63.28353210510853,45.15463609730565,DC Fast,No,Weekly,11.230878534032705,75.03604239888287,27.46
314.851100646099,17.169390770544958,8.921221736996937,107.02356835297364,57.96108992282839,DC Fast,No,Monthly,14.715946722767939,82.81681207959619,28.57
134.361927480624,50.0112752076627,8.860027507950086,48.09765560041969,87.71549003711942,Level 2,Yes,Monthly,16.273371104253197,81.9927479533539,5.06
190.243501389896,41.195809503410196,9.929844065753974,96.8133499866536,86.77473900817306,Level 2,No,Quarterly,18.487369925931738,76.28568264602968,8.01
317.2652388375914,87.05269662693841,9.949602568834802,138.7167750358424,45.107607182485964,DC Fast,Yes,Monthly,12.298695912022543,84.84904249134912,52.71
218.48329856989724,63.14189212183764,8.903375141034452,123.714308387119,1.5366250734723308,Level 2,No,Weekly,18.173463233827896,81.08062285305111,78.0
40.91431424792742,53.25040664159818,7.35265177193768,139.78950570814897,42.64438057143032,Level 2,No,Quarterly,12.349062611312386,80.00779490940602,45.59
328.9412432647163,11.539464217891737,9.294945433457096,147.2057757012497,60.61935374241404,Level 2,Yes,Monthly,16.767665412396404,78.82219267622891,34.57
219.69781857499626,60.56378893234115,6.874601969738634,21.38711651080116,55.77647590980618,DC Fast,Yes,Monthly,14.306735714824551,83.98672755563638,14.93
117.21696512998014,11.720390568023342,9.232447564600701,100.95636592907208,65.13361058002054,Level 1,Yes,Monthly,11.146812423786702,77.43963481418564,20.49
48.74522543218554,33.720657556575205,9.685686434506437,73.66912170865783,15.407573247308349,Level 1,No,Monthly,17.142634628218488,77.85768900219902,37.39
277.9088162446036,14.284196481433186,7.839916881689524,131.78108374356583,64.65350987807325,Level 2,No,Monthly,12.177626185490178,76.22410806686567,27.08
217.02546457497974,69.20736470243689,8.707223532440782,52.73591126118712,18.265161874377224,DC Fast,Yes,Weekly,11.766234260245914,82.5911909558426,41.65
186.71138219171254,20.62521138361526,8.005499562338892,147.5338335849599,75.0523980696749,Level 2,Yes,Weekly,13.583229285893832,80.95549280405854,21.7
312.8624040678352,39.1859373188026,8.03217769245845,99.78203604068715,33.908761326268,Level 1,Yes,Weekly,16.532902447594836,81.09066169254498,44.63
276.00902392858575,89.56747776187787,7.5862981118784205,123.15986228974802,70.98954333814535,Level 2,No,Monthly,12.339964787906279,77.18470431019463,24.07
53.08620790646291,20.431638339897027,9.167453671576137,31.12794186695988,4.786559890610709,Level 1,No,Quarterly,11.836615387818858,81.51168389127083,20.01
109.10272372844189,50.780506395877914,9.776617974582768,43.84952501865246,40.78600255909134,DC Fast,Yes,Weekly,10.099536257133643,82.65458447246864,24.66
86.97119893506301,41.9271661166022,9.792628007320614,118.59247749444641,70.50345222633328,Level 2,Yes,Weekly,14.716430971017235,78.5788853072569,21.76
260.38120240043696,1.8124041045729733,7.111734497062269,22.85824786511207,22.687051633149412,DC Fast,Yes,Monthly,14.286455693151828,83.01347143961712,21.01
11.736352157522784,79.27581135728128,9.561602773797981,126.19413816619176,79.52870447972225,Level 2,No,Quarterly,12.338677436373763,78.4879058853202,15.55
199.4613897049608,6.904590631459973,9.081010044994928,21.81337242994849,63.0779733104932,Level 2,Yes,Weekly,10.536521640096908,82.58138461509287,9.23
266.8605400092417,47.42550209769536,7.384930902416013,105.42544907796554,58.75617721497983,Level 2,Yes,Weekly,14.29255874595837,75.33730107457718,29.84
306.8679728666123,56.06782949389499,6.735496145225301,67.46220963013477,35.35488542043371,Level 2,Yes,Quarterly,17.88205111071631,80.51164601473653,35.07
119.7286120505676,62.842645661458704,7.4379904340953225,99.49433085349588,48.24514703811176,Level 2,No,Monthly,17.15282131327177,84.69526560639886,33.27
287.4400566352045,68.86316293078755,9.69272882873534,110.48408290858478,59.73493009778531,DC Fast,No,Quarterly,18.607948898601702,84.8124460068239,30.3
38.72110793432253,25.327238352271507,8.716125362135204,64.52177849421955,47.24621139148905,DC Fast,Yes,Monthly,10.095826877131556,77.81752578341741,23.95
296.25830210708136,0.9978776658449373,9.023691313142551,34.03511825440862,69.831332394056,Level 1,No,Weekly,19.664193168045983,79.41399091080355,8.22
44.62103181619385,72.3443662354912,7.400033228881836,29.053962807274534,43.36969331069596,Level 2,Yes,Quarterly,13.414122526274483,75.62977907986632,18.17
139.05055169612854,53.56565993475786,9.01785854451187,96.56168293313122,20.227318174203035,Level 1,Yes,Quarterly,19.903977960919647,83.73341307604599,49.48
279.0533780228438,83.61177032072487,6.598425271972733,87.6851959854345,21.393378280104724,DC Fast,Yes,Weekly,12.526194606017746,80.68572153140214,55.95
52.47109957207082,82.13883629006943,7.8136247102055485,116.48613118574723,0.5803768842941093,Level 1,Yes,Weekly,14.715363875782447,78.85100678940518,75.17
80.23798833142452,84.33261677878832,8.693636719898159,86.26561630051182,30.095771555867245,DC Fast,No,Monthly,13.539276765753037,76.12770558489153,43.37
252.7883989375732,48.50946599795402,7.011337979394621,74.91795270401428,74.89176404785196,Level 2,Yes,Weekly,13.557607149943026,84.4676728549689,14.44
252.01278779112602,33.362839583686565,9.380512510564271,71.75133317071001,79.41627088376096,Level 1,Yes,Weekly,18.422820987482158,80.30219047820994,10.68
224.40167150985405,79.155820259137,7.322609545841715,23.43809733769677,20.246754209575002,Level 1,No,Quarterly,17.46418939737339,77.82927929082904,23.5
242.881955563485,45.12941130292549,8.78298389486456,63.622436220565426,95.90439968714077,Level 1,Yes,Monthly,19.92151435230048,78.5021513013151,1.98
189.95355517165865,18.34421964034345,7.918189999013654,146.88262047818426,50.24027934801267,Level 1,No,Weekly,16.135146827175127,77.70697180922147,40.51
88.12967061743346,85.49740195614743,8.586152584171765,133.56222490952155,91.69787490185027,Level 2,Yes,Quarterly,14.632566043945026,81.0180980885698,7.06
120.9935977263718,88.25598767723473,6.876076934201178,62.819148714448296,70.67652818616311,DC Fast,Yes,Weekly,10.900738629468911,84.2996357578051,16.5
63.559200880498985,46.63097561401701,6.559194799725626,96.41340265862839,72.2433423022413,DC Fast,Yes,Weekly,19.965614195138567,83.56693803326564,18.11
317.9576964667699,7.569972730978747,9.683475495831054,130.14857691961421,8.504362130607113,Level 2,Yes,Weekly,15.515306529322828,79.60380875425977,73.01
204.18712816814215,38.782608991693124,7.443705030685139,77.36566377750893,21.999112689693067,DC Fast,No,Weekly,17.004774696901418,83.26499362301007,43.08
140.29799586727395,80.35376594626034,9.368869509731606,22.334522287519626,0.8814833294472635,Level 1,Yes,Monthly,14.067423871913114,79.2310548127633,30.9
161.70203127544644,90.17740285462287,9.997726051652702,29.68636003642321,71.61276404767375,Level 2,No,Quarterly,15.47715708179236,77.52307140758639,9.81
331.54916886413537,20.347274249759582,7.240009402996189,86.35105377533186,34.443828842851,DC Fast,No,Quarterly,19.425777318928873,84.83415115266428,37.94
53.67299109062807,6.697361202527152,7.428097594141745,146.02711883786418,78.66525160763467,Level 2,No,Weekly,11.664194379316028,78.03887567970821,16.7
205.18044120587902,87.73504531328386,8.82000925672133,110.11724048845281,33.893621993702624,Level 2,Yes,Quarterly,12.923725843302545,78.23724230986909,50.79
177.0610376095631,38.94049389788753,9.879070221102175,29.21910488701404,81.93337522988611,DC Fast,No,Weekly,11.520597277780324,84.89692867786522,5.7
214.00898240212675,54.176096426756324,9.705350218667604,44.61691385294216,13.0698253748313,DC Fast,No,Quarterly,17.922159038047745,76.33927493165655,34.68
6.338564337294178,96.80658120507589,8.260064320229548,120.2720086181905,17.33731567575082,Level 2,No,Monthly,10.620452604218295,82.60533988009695,63.18
305.243368130453,6.656472791422285,9.282885988843535,129.38716879431183,34.08765395839365,Level 2,Yes,Monthly,10.816316498513384,84.35812758482726,51.42
326.24139886926434,64.83180074520956,6.975110485849654,100.30029620451681,40.84873888822733,DC Fast,Yes,Quarterly,12.984941127873686,80.11794994275418,43.58
197.79661425622314,7.410542257486707,9.921033644714043,103.77501205187616,34.87028108429784,Level 2,No,Weekly,15.141881809210112,75.0252176170282,39.97
243.8277883569123,37.54689284665004,9.875236319125953,23.683868549840003,76.36470325232199,DC Fast,No,Weekly,14.062748005595864,78.75058944113107,7.14
322.8747834120535,80.38145451934467,7.073051352577099,127.7089337455961,9.695139262671471,Level 2,Yes,Weekly,10.448163106708073,76.11568992384827,80.31
247.5335220096895,43.34722327556344,7.547980936810873,122.47577706220785,35.12170196384881,Level 2,No,Weekly,19.574915578709515,79.16187660933696,49.64
53.38866501999147,99.71823539029504,6.850542491273684,53.67456873343513,83.72399995154593,Level 2,No,Monthly,19.52869520358084,82.90026761642285,7.48
201.70092605838462,55.905928494660216,7.451011596143629,112.12797359551591,6.679707726217199,DC Fast,No,Weekly,12.7935632324076,79.387115488838,69.3
212.35026623399958,32.11621526359535,9.355845262953224,47.931098835249756,94.23435076713574,Level 1,Yes,Weekly,17.315256152685816,79.31925121345922,2.27
148.44573495583512,22.011132590475313,7.824104625078408,25.242920936696688,98.63168422720129,DC Fast,No,Weekly,15.785754113832237,80.56789476918847,0.36
257.755482468653,35.05205342861618,6.809389385013654,46.147750536749044,8.856817382508009,Level 2,No,Weekly,12.374766950056241,80.8169058474768,35.5
327.0284551691552,37.25332737595508,7.697789336726165,43.221753978058935,29.127252225573695,Level 1,Yes,Monthly,12.621715517416154,83.56296308798971,27.95
323.9489795173717,6.8713677723960975,9.93484166984448,63.90723957553014,37.24006660353562,Level 1,No,Quarterly,14.911531743104504,78.08355439228951,25.76
157.79377999144623,36.95741994267732,8.70389258340721,74.39843463280955,77.6391368652726,Level 2,Yes,Quarterly,14.192369414973601,83.21671264368015,11.51
39.63331604426434,46.423851973922496,7.956563312421553,86.11005589470203,59.59268121167338,DC Fast,Yes,Weekly,12.912293282312643,80.65933748692048,24.14
344.6944196368171,72.27377522388046,7.082884797240445,81.97800381608266,64.43657004925673,Level 1,Yes,Weekly,18.075115963051488,78.00529549717147,22.88
293.6143302560769,65.6729484721608,9.951618790492931,55.18769877548762,75.7509822818506,Level 1,No,Quarterly,14.814629176373849,77.95126044006076,10.77
43.631938421143396,70.87656552291543,9.372971532420951,23.79218691462968,11.797899943702571,DC Fast,No,Monthly,16.54848062389128,78.61137517105725,25.88
322.2946589160803,0.8363681876857099,7.485170558578218,98.66321089082959,83.32094569102624,DC Fast,No,Monthly,11.892735001678755,81.22693242619975,10.31
304.4637267217449,21.766739958053606,6.745240435024163,71.44682788015606,70.5619804180144,Level 1,No,Monthly,15.335076625164866,77.3081173135995,13.92
181.59331999412524,66.16842883998565,6.698189450821453,58.82738046038146,57.73417251963703,DC Fast,No,Monthly,13.179760494466215,84.20333561672267,20.56
206.94640251072525,48.398936817974715,6.921323523269368,132.7023355679666,88.97353347830567,Level 1,No,Monthly,15.264136103948783,80.749125841779,8.62
139.6509463545456,0.5313475668345946,8.532690042650476,117.07663001376078,70.03063538838072,Level 2,No,Monthly,17.808258334109283,84.20015776996007,19.32
19.166573587710968,80.44946424318223,9.750671974219223,131.5095212884175,20.16999626310254,DC Fast,No,Monthly,17.689132100912616,75.46404358579154,65.32
117.31903457606532,77.28095732903374,8.238601998020945,84.34776331261993,42.97453810756667,Level 1,Yes,Monthly,13.54220678034276,78.42611370461474,34.21
280.998707009304,54.841916299356264,9.450309188596691,37.021062776481074,49.404286693573326,DC Fast,No,Monthly,16.94277117079639,75.22807660687623,19.67
1.6212080516110006,6.646332577627212,8.060603169509328,110.50878669576541,5.521762675040565,DC Fast,No,Weekly,19.412899503942768,77.7225181509797,58.59
116.72471009190046,76.65150495325847,8.980042410187387,46.78959139183278,95.46375133600557,Level 1,Yes,Monthly,16.256693299249065,83.62006472268588,1.9
139.35904275683015,58.37135877313639,9.061554580502753,77.35985698192317,12.857726079687847,Level 2,No,Weekly,11.484101233826372,75.36609715842201,47.48
188.088461028273,78.19599771579591,7.108872970661685,28.450102563355507,69.74612672267268,Level 1,Yes,Quarterly,16.79708629279095,79.36147099915745,10.26
321.9494657444662,75.17469923958404,7.764256206415341,127.29009231498772,50.62310360908802,DC Fast,No,Weekly,11.049043863493113,76.17567070473228,42.95
121.22109802808644,80.30020719578371,8.730557547883084,36.37228333617507,2.5632249884422587,Level 1,No,Quarterly,18.72110408793027,79.16840659260367,32.61
121.43362066367969,51.80080664046248,6.747438128645282,137.40267591641026,92.47474758643617,DC Fast,Yes,Weekly,15.166604958019402,83.38851584264377,6.55
258.12543683841193,14.032451819351499,7.765390657170348,132.34997829400243,85.18368088189332,Level 1,Yes,Quarterly,13.851407363115795,81.23071033402519,11.32
158.27627931143252,67.11574733796887,8.371798131984173,80.395759377102,52.425792790383554,Level 2,No,Weekly,10.570065946496923,82.36756345331423,27.4
78.61168802899368,62.04737850519706,9.986785725656235,116.76786655951878,22.894233613944525,Level 2,Yes,Weekly,13.807837345921097,78.4910411544958,58.24
158.3538306464427,74.22531871990871,8.160867469178543,100.52785959635993,12.162289068009425,Level 2,No,Quarterly,19.032066679157893,84.44397695010142,58.21
49.29995713292995,16.98810060507353,9.356198649900133,124.39983350390683,36.33924794321266,Level 2,No,Monthly,10.209829962863031,82.092620937795,43.43
61.73544527717816,19.497519990028923,8.012235497733162,76.13466310216856,25.54282810460905,Level 1,No,Monthly,14.746481577818049,79.21798819284531,32.53
174.4287204588179,89.04095172193284,9.287367529168982,122.1551029517655,50.66912010062987,Level 2,No,Monthly,19.311580911106223,79.26464800227055,39.51
146.62390732659176,74.99777984520708,8.58395180567038,80.11938621846923,96.6409296123429,Level 1,No,Monthly,13.948409997650211,84.18684177943298,1.86
320.19606537383504,90.82284887003229,9.603084045258395,142.3255524195632,57.49534932296414,DC Fast,No,Monthly,14.281756874621504,80.76404693435391,40.53
126.83786469082159,75.87153211639207,7.938298933225385,83.22837310726919,88.99310558900979,DC Fast,Yes,Weekly,15.785600551991198,82.06379209903042,7.1
203.2059225973152,59.71553059903019,8.615065469375176,80.14050535138483,65.08788374957773,DC Fast,Yes,Monthly,14.629373335771835,79.17035224513171,21.46
221.29250077183562,65.41327370278736,8.705065382165895,122.05934200325666,47.52465265872004,Level 2,Yes,Weekly,11.686016912375525,77.23692764764714,42.93
4.583059805916773,88.91279239400099,7.960840296301656,126.80509992890893,85.46075627333713,Level 2,No,Quarterly,10.185555390698603,82.23559291994418,11.26
232.23808020584872,57.88067545119405,7.005092152906185,92.0835848617522,47.13681101729975,Level 2,Yes,Monthly,16.098116579787018,81.07823772141388,34.68
62.312588404413,63.239132432838744,6.827457924193174,43.3737157543598,86.8628170510361,DC Fast,No,Monthly,19.208065870078123,80.0134288042478,5.0
336.3746111143093,15.647671600360058,6.558350427098716,80.80857002448533,29.157676957576527,DC Fast,Yes,Monthly,11.063641330271656,81.24020939994463,41.56
52.031954713589535,47.39212201161027,9.557369924858252,145.8494253782582,12.881307376298812,DC Fast,No,Monthly,12.109527192527533,77.08285586064234,73.9
145.1184433044583,71.6397111958099,7.327662192835431,117.88820509509407,85.53144643629383,DC Fast,No,Weekly,13.702294858249735,82.93938706531956,11.28
29.87238382752535,27.09426983163654,7.240273622486188,125.45113850428719,58.74151637926668,Level 1,No,Weekly,18.087422290211197,84.48162805020306,28.34
348.9059881460816,20.22541805245349,9.07612390149123,24.267314846501215,88.90923982489602,Level 1,No,Weekly,12.692603164709777,83.91103144167703,2.93
175.7682536159349,31.382680822441557,7.620056395805872,80.82173014244079,93.78272069923833,Level 2,No,Quarterly,18.820544042787684,78.21435745307016,3.18
208.38475606201533,24.150062799283344,8.271156423441429,104.0607473754822,5.3628390371449175,Level 2,Yes,Weekly,10.549578746500664,79.06005773282075,63.5
23.476767085949618,21.491263703639586,7.068788728541097,127.90424887164971,50.09693018588683,DC Fast,No,Monthly,19.409566212589347,83.08402299797561,35.9
262.48616463971223,42.48508428680869,9.859110025116893,26.40557496576029,37.49645490745293,Level 1,Yes,Quarterly,15.60747077873765,80.95117130824603,18.51
73.46695758345501,90.78385138835341,9.48053490006033,130.8170551334435,62.585839707011715,Level 1,No,Quarterly,16.587776784877043,80.47914443676649,29.62
314.3190013042498,50.705964673871826,9.52326368037751,91.29212177644852,79.35911972023236,Level 2,No,Monthly,13.67689522536353,84.26641967533445,13.03
71.79887416870251,18.792038081532304,7.9237081200020185,45.650816174887794,28.059021597436896,Level 1,No,Monthly,17.819942855110604,80.3602496097705,21.0
66.7407022322833,7.697166938087408,9.168264247975104,61.243178138461,55.679838437317166,Level 2,Yes,Monthly,11.66566250084406,80.1493867958731,17.73
12.792383746833208,69.61561451379252,7.00356654386423,56.6508417277029,70.87285799048996,DC Fast,No,Monthly,10.48911825278487,75.4201859126636,12.88
165.22343078849974,38.279876443638784,6.530166509071231,89.01167445750185,13.443108283573402,DC Fast,Yes,Weekly,13.955169431075571,75.69416958590138,54.41
197.69439664191574,82.18309465853592,6.569905264023099,26.719138388447135,81.40669059512669,Level 2,No,Quarterly,18.536957139810397,75.0742030788065,6.11
22.998023799923327,65.95107686407702,8.553106080915962,40.60970060499006,60.610959985297306,DC Fast,Yes,Monthly,17.549268366376946,84.13244225783633,15.46
271.4346658432537,79.62414505413685,8.093882168367793,125.65009563885171,94.95374371136518,DC Fast,Yes,Weekly,15.17155970488958,79.083866600177,4.47
158.65109216180966,27.194603941844875,8.31305372117982,37.23851879708543,33.95289191306933,Level 1,Yes,Monthly,15.721377471653534,79.68561376133412,20.68
183.53659426465302,69.2358922461058,6.526120991460268,50.341515029556504,10.814594233719866,Level 1,No,Weekly,11.298928262987554,83.45386947592462,37.5
154.26696142837986,26.406198469371876,7.9794031688009905,78.93817872854045,50.65012010369253,Level 1,No,Monthly,18.406815086175822,81.09246310375778,23.74
140.2670713063641,93.90684794502916,9.013238564203013,87.22571545473296,8.581077170943885,Level 1,Yes,Monthly,17.86959682964197,81.09501596390581,58.71
195.87411595787626,63.63742815333744,8.049427956886026,119.26936234984062,96.95265233240067,Level 1,No,Monthly,16.564703938869428,77.96534429354813,2.24
54.334086075749376,32.451180017534206,9.062767222092777,78.15321546660441,3.8684958257191537,Level 2,No,Weekly,14.661910363289383,83.3390837392452,47.39
63.67484567334489,26.951186229227265,7.315566375388922,122.68240073462005,75.3503901107308,Level 2,No,Monthly,19.644592682795125,76.65829976039494,17.04
301.62496735473104,19.09265850716435,9.34599701568604,100.38501991590947,52.510239814224406,Level 1,Yes,Weekly,18.79031971876471,75.53149592172947,30.75
331.14041174677146,69.46409588937279,8.559509341587082,34.70296612509692,36.862065249828866,DC Fast,Yes,Weekly,16.444304935146185,76.91603357518532,28.38
130.65826069791353,21.87156129979273,7.237670848004672,40.32308699106902,6.5842164508654655,DC Fast,No,Quarterly,13.71800997717288,77.67737218774565,29.34
94.76063560024382,59.53032659274891,7.328521665488415,76.81438430847021,62.216692417360775,Level 2,Yes,Weekly,16.180222786815122,77.82311057854207,21.3
225.39984013365552,26.463502692535734,8.698106625993379,71.59562110157515,58.522032939095524,Level 2,No,Weekly,15.754409265306654,81.70513598618767,20.42
143.05695988433374,66.19689447938686,9.404788576243552,116.6607550528483,28.088327306759975,Level 2,No,Weekly,13.942419878349163,77.17824587328643,53.6
8.885224481120702,81.49397285405392,7.954697237102043,95.49582817365574,91.02217014103121,DC Fast,Yes,Weekly,13.066739716880761,81.76658304494984,6.15
54.653409078166625,77.80252431446532,7.404051501946572,70.4573005302924,30.41100073428369,Level 2,Yes,Weekly,14.070107922373225,75.911321732338,38.25
250.59028009658914,76.08513309307817,9.534540624187102,42.19883684855013,44.97254105921061,DC Fast,No,Quarterly,15.739114060333979,76.47202461097909,23.46
230.62337966855299,18.772240569225207,8.842439021127923,49.48882330231437,54.37624559186557,Level 2,No,Monthly,14.281348447110943,80.08821448490995,16.72
9.483597376219222,8.838494698451871,8.068299205490767,94.81513240097767,10.02318781762861,DC Fast,No,Quarterly,12.635744882013839,84.21895802576643,47.66
77.6902566765323,69.89488284873856,8.207650683477556,75.04704463697303,93.21617192136323,Level 2,Yes,Quarterly,17.60963317760809,83.59567588811115,3.7
80.87617880582499,36.83472137943513,7.214897637777387,86.94057615188737,37.45361524510411,Level 2,Yes,Monthly,15.31467495957413,84.68753442442804,35.49
235.16246025955493,43.23462264033473,8.693809205226954,42.18806658929037,8.077921387434362,DC Fast,No,Weekly,10.676751632256,81.50479065278171,36.47
6.898688214027454,3.1149092793391064,7.75559878690011,106.17781280479355,38.72911736753299,Level 2,No,Monthly,13.683165056261256,81.75814866416093,34.65
36.438003694600845,25.95764492750492,9.984758118360222,130.8300363112757,60.02025470925807,Level 1,Yes,Weekly,18.849134572119937,81.25022998931492,29.69
279.9706298806163,3.3676403874464023,8.180642303416608,53.53213588229708,51.36526718213295,DC Fast,No,Monthly,17.55236531199952,81.22818922858197,19.24
62.49063171901676,87.91857726012476,8.200599621663645,83.89684935813746,69.4541974037274,Level 2,Yes,Quarterly,13.232467839440071,76.47120345067584,18.64
228.46113774815615,24.339668321853047,8.480481255937352,146.81855277271723,5.5483942067910625,DC Fast,Yes,Weekly,19.38183152044509,80.43738956163929,85.1
83.36397336635429,55.73371695730081,9.708646010915613,63.321426271594596,28.45406102720561,Level 2,No,Quarterly,10.7660290835821,78.86067933451726,31.55
34.804487465770805,3.897932066113041,9.302863349509126,97.35602484008895,81.92305768401023,Level 1,No,Weekly,19.61234703892189,79.42537215777294,9.41
85.11026684980892,66.6847391305658,8.078955244292445,31.725441026031767,7.989368779136086,Level 2,Yes,Monthly,12.457050924846756,80.23600573059237,31.75
252.7934261494807,32.30273457540939,9.015447430904786,98.78195032232762,85.54859546959575,Level 2,No,Monthly,10.090941803024192,76.28396171802251,9.06
299.4937638372,89.79191869576658,8.551824245732666,31.652130529600328,9.189609207710625,Level 1,Yes,Monthly,14.338080365183268,78.5948773385212,36.88
290.57695259844706,88.81181889340358,8.22328467045437,144.70060659209685,83.44542148916962,DC Fast,Yes,Monthly,13.589704296870087,75.63449560876603,16.31
139.0142353664592,32.529061836174776,7.173105204745227,113.03614476940048,36.078840107872665,Level 2,Yes,Monthly,15.390890052067938,84.796681304224,44.74
233.82979779972615,90.09608956904678,8.123776922092118,122.46077245764184,61.22090632572158,Level 2,No,Quarterly,17.967728605698454,76.18528028820126,31.31
71.74450339553734,99.61576734987788,7.360365054579011,111.53356690031279,15.288711564799817,Level 1,No,Quarterly,18.424308021504473,77.58524738544955,60.25
102.60170559135464,82.5415664123948,9.701947524480792,96.66477468994054,6.616872172518084,DC Fast,No,Weekly,14.01229999611692,83.91292926703397,63.78
313.7175364823919,84.4871347755229,7.673923847237214,78.4886615411157,21.59382040201351,DC Fast,Yes,Quarterly,14.298457437063501,79.82710046239141,51.49
4.550673228757613,24.90087361090899,9.832924050866803,131.58853936893811,12.785381790869554,Level 1,Yes,Weekly,11.481777303294736,76.3563720152063,64.32
29.927985799063826,57.67023988577563,8.36569351533149,144.38863678059818,31.24058976796318,Level 1,Yes,Weekly,10.475476088811636,78.84230538039348,58.49
72.76018930110956,6.725591396736785,8.710405325366562,84.87470247753058,51.43832465110202,Level 2,Yes,Quarterly,16.412149902350247,76.15867994191386,24.45
9.2862713558369,9.491793682166971,8.400291555712647,141.09955639018406,58.875946356500954,Level 1,No,Quarterly,10.644376255526923,77.00215997084501,29.31
63.50240228142906,99.88926120332906,6.952832159383453,95.83327829850728,78.9868107379743,Level 1,No,Weekly,17.33830119421456,75.52029846949846,13.75
204.06454633939225,32.663924942591095,7.815374266527794,89.98994429653632,65.62398932483586,Level 1,No,Quarterly,15.390901450222476,79.382274945491,18.71
147.49859270737429,74.81839120488463,6.847011392971684,79.08275528419637,60.8758325129553,DC Fast,Yes,Quarterly,11.985829782260835,83.06636121725259,23.79
312.4350988769412,80.66650530268164,8.680339154641835,47.20740899891558,41.17820274857746,Level 1,Yes,Quarterly,15.395229435126495,80.85969178699895,27.11
286.1052466084543,85.80232710072292,8.064059683201537,20.483555906347696,47.38084349601387,Level 2,No,Monthly,11.829977166020988,81.06345305484612,17.57
119.63607309425659,99.76282974021565,9.22294740049828,51.39580949128796,41.45208293901811,Level 2,Yes,Monthly,14.387372075104121,77.0058403008324,28.91
90.79820170095238,24.149648525686786,7.271646683497794,86.26401230846348,84.21660300613831,Level 2,No,Weekly,17.995603162422288,78.43893843252367,8.34
132.89234285854343,4.035082685969971,7.075981204502672,69.39479379376783,23.000045254839986,Level 1,Yes,Quarterly,14.619192934106374,83.45242103840832,32.27
206.6032298801827,41.1191517994586,7.922162808373187,78.30307964034239,0.5720931541964625,DC Fast,Yes,Weekly,11.486993182975482,75.87856184326515,58.73
93.8222742880067,13.008066982894695,9.743048841264335,147.48426854332644,65.13198972262393,Level 1,Yes,Quarterly,17.23828681822945,83.57930653668534,27.81
218.4521177471969,2.2425889162055124,8.986476352543441,65.53540818701259,20.246218363883138,Level 1,Yes,Monthly,11.867684162700089,79.83690026264786,34.11
143.29407826693415,36.04268271414861,7.966232686775215,78.78378211681402,89.01151363098093,Level 2,Yes,Quarterly,17.385498743701095,83.37147431325117,5.84
193.2165132981931,78.37382510752364,8.310452594140088,37.35702167586655,85.9046329706656,Level 1,No,Quarterly,14.793522892158332,78.180064193944,4.98
152.64428519736083,56.61806912250709,6.794745539119845,26.234505216808394,7.672737192820589,DC Fast,No,Quarterly,14.537417590943015,78.38842951583021,27.71
103.06301583967118,31.277798921035405,9.946015637316396,120.8032368970243,10.638840541407735,Level 2,No,Monthly,18.514350378574747,82.51604868323143,62.3
331.95865743675483,65.43420054927196,8.832425566432217,94.18881275935722,49.51715922466663,DC Fast,Yes,Monthly,17.086035243406688,82.8499617339222,36.33
267.26202795591627,23.20181803088107,7.498914239621978,118.89162478570636,60.92226627693547,DC Fast,No,Monthly,10.329107969549392,77.29644677990147,28.69
49.03961151825839,1.4381446072085025,8.550329379753355,39.48216385525171,27.490833748224077,DC Fast,No,Weekly,12.961743146016023,84.72871324821905,20.5
303.96379156426946,76.43533864364274,6.883188281241479,94.33774025374981,71.67977166993707,Level 1,Yes,Quarterly,18.709206608498988,75.84490104244829,19.24
170.60091938732978,62.374308486400906,9.880428340826542,52.97352166437882,59.49160209188715,Level 1,Yes,Monthly,10.183261685451987,75.68502963102131,17.85
313.093279412932,76.23026245009599,7.111747457591781,49.64803619700259,32.48241097485547,Level 1,No,Weekly,15.452534462619703,80.95504215286103,30.83
279.9493395815603,3.893801668766561,8.76810611319325,21.49838182688808,2.5371488042315593,Level 1,No,Monthly,17.27825669173944,82.22740767771622,19.75
148.8247265642317,83.71196278306522,7.359090618886256,36.94429406397934,75.01502812985177,Level 2,No,Quarterly,16.21856085484576,84.60886129224974,9.21
7.864257912041089,61.95262000363033,9.011464839269875,60.204854494960394,21.475366582508272,Level 1,No,Weekly,17.605322021044365,79.04945780798862,32.79
94.03707578473113,56.33953507126401,9.218874785340983,35.19423887682208,83.44737434626283,Level 2,No,Monthly,17.25691848914746,75.25291408989634,5.29
189.57197513130342,62.46140481145316,8.856969051190013,148.1615972534219,42.02902600542552,DC Fast,Yes,Monthly,16.92030695153113,81.02896339446407,54.61
221.71737693915153,86.4433246868364,8.650748110893174,60.122244308113586,57.707744263176544,Level 2,No,Weekly,18.21539860925652,77.89696020598772,22.0
90.2606899016208,58.69365065589071,9.62364182883204,36.94211307130266,87.29487304090019,Level 1,No,Weekly,16.456906684495383,79.32947121195403,4.07
48.774625925488444,58.095037988817936,6.775193488464153,45.88070066763451,86.36230009199534,Level 2,No,Weekly,14.024184942569821,79.88469482249936,5.08
292.2255828797547,99.06791570657658,7.658201680230683,96.40141968439194,37.15195752435733,Level 1,No,Weekly,14.719091099145876,75.64512610738034,44.51
344.5407632462432,75.6730167068568,7.369006178707961,28.32565810242251,20.888889271484313,Level 1,No,Weekly,17.167247826814506,79.85981784564103,28.53
183.99156380594005,44.22938054511353,9.958048867228975,132.1164369183504,77.51460777285946,Level 2,No,Monthly,18.763060296667938,79.26319666804315,17.72
60.08775004690622,70.73970000329277,7.862864228834058,144.99495830082915,43.30802036021312,Level 2,Yes,Weekly,12.722188008397756,82.12544265286593,50.95
95.30756428177914,38.92304716917885,9.064144447341395,52.07716468675951,19.204199355900407,DC Fast,Yes,Weekly,13.420767959710709,81.45665911212345,35.25
6.436736791613357,22.8875462483499,8.896538073583516,78.51238491681173,90.44253423171502,DC Fast,Yes,Quarterly,19.307393963624126,76.8521571815056,4.78
320.00458229617465,59.68518768877594,7.242284331170822,22.87747863383462,19.810419424108737,DC Fast,No,Monthly,15.785117924094454,77.06138918210397,26.99
41.2128790115494,92.81820981139515,7.33649188074043,103.2923292145388,2.580716819123108,DC Fast,No,Quarterly,11.78961817135001,77.51006178774374,67.72
201.78076642998874,92.91395200154628,7.484495972435619,73.81038754683655,2.0279973767419968,DC Fast,Yes,Monthly,16.636951389123826,76.78950440297177,61.77
95.91932724052211,34.19052781054903,7.938945473907827,55.10760059320224,62.231535645426426,Level 2,No,Monthly,19.907621555393796,81.57213199668467,14.51
193.9623008805277,52.7677466221695,7.320137729776844,46.8888243801591,66.16750607175304,DC Fast,No,Monthly,18.234535644704003,84.9443017920027,13.98
227.99713592315248,21.16358985698612,6.5687801896139675,105.02300009563886,31.10417050569839,Level 2,No,Weekly,17.457411365514027,81.52108340515936,44.5
290.40963129752055,99.56311094988834,9.577875698825185,74.10821403420087,32.00109892470634,DC Fast,Yes,Quarterly,12.080466542662691,81.06681546191291,44.3
72.24744511621113,98.11179078679358,9.879634409833095,43.355707573888566,33.94939150599428,Level 1,Yes,Monthly,18.761397846840072,79.09927933351072,27.87
3.8485400304681674,64.95089297074473,7.695496354610488,109.58418059328713,68.01585467588787,DC Fast,Yes,Monthly,15.257888435355465,78.12580258859761,22.96
47.909970524082546,80.44140596774734,7.684774077989156,93.45939679477017,5.813379102682859,Level 1,No,Monthly,18.892900220719554,84.1107375690648,56.72
315.0065246468368,71.51001612837,6.524821344710299,131.6273671408345,92.91163526913256,Level 2,Yes,Quarterly,13.298278294248792,84.69001874142153,6.19
305.86152714688035,59.31582190394682,8.880877409156309,35.271866853944076,22.252104417744643,DC Fast,Yes,Monthly,10.620510526354327,79.96776175587728,32.83
209.0945857596079,5.3347996988897695,9.3890396351202,122.1366582527793,99.96732052420923,Level 2,Yes,Quarterly,14.759759686597462,77.90200495506558,0.02
210.18090115177867,45.476434255266106,7.013129051260011,107.55718228624367,17.1522693787187,DC Fast,No,Quarterly,12.698376048178776,82.70122207669768,57.0
232.76283609118943,67.47863021674105,7.0588322227850275,34.95142178765272,77.15464573123775,Level 2,Yes,Weekly,17.152292897762983,76.32456790866878,9.26
61.37994751820736,67.75316138836847,9.265291374900032,110.3266948833237,22.341254492962502,DC Fast,Yes,Monthly,19.571065528560325,82.65588237643682,57.35
320.0441810737359,37.31226184223836,8.657017619239507,77.40114755437796,8.084680164325398,DC Fast,No,Monthly,16.90974151151564,83.18948374311339,52.11
146.56968371222558,94.16919866580305,6.65701195169701,142.8480221222596,87.49333243506489,Level 1,Yes,Quarterly,18.869339297092033,76.24903944627167,11.27
134.0984848873241,16.7357032236781,8.678914466617986,38.40947558032691,85.87512591908919,Level 2,No,Quarterly,14.530240136012065,84.76861468796564,3.93
181.62119684899315,50.03594462155606,7.581212029953181,103.56834080604594,40.357039244960134,Level 2,No,Weekly,17.716407371953018,84.85512290388479,39.88
16.438088371269266,69.08839765508228,7.790538044147961,69.65740591018297,70.23961425404268,Level 2,Yes,Monthly,18.430434366717034,84.36719479327351,15.32
58.19917906462779,69.71358058918092,9.19405996403908,144.3859071768141,55.706593268391714,Level 2,Yes,Quarterly,17.108756275835425,79.96034809406264,38.71
258.31176574922966,64.86389567688155,9.338273174354137,62.89673638773594,85.29561136737487,Level 2,Yes,Monthly,15.077772860695646,77.46074142276828,7.82
28.979533773794262,27.528821345186017,7.9012481939394075,145.084168233934,31.505596931865444,Level 1,No,Monthly,16.25866109615368,80.82009280881913,52.85
211.10323831323586,15.620656868662197,9.815035276022241,137.19316064309737,52.367239999898516,DC Fast,Yes,Monthly,17.0050699567888,79.19933838471435,39.47
85.87218838846233,63.594032682671084,7.922619512832252,55.149820590385325,48.537237120455046,Level 1,Yes,Quarterly,12.530844032214269,77.05948644717198,21.79
136.2534649146918,59.930211613943776,9.201426123305385,124.4604309874356,35.39058262568587,Level 2,Yes,Monthly,18.095792609149846,79.23676409617848,51.2
101.04280786974496,17.935601028924097,8.193570425974906,149.42854623445578,89.14550645563722,Level 2,No,Quarterly,19.503245389672735,81.63889835677591,8.74
124.4854507627322,70.51391455705634,9.641363142827295,52.846190282266704,16.587792466253546,DC Fast,No,Weekly,14.652393151799359,75.70913310785991,38.44
251.66606681448593,45.51719917336564,9.677164352775625,76.78103201203156,14.950863952069614,Level 1,No,Weekly,17.010671831098776,78.33418001446016,45.06
103.99260046811126,66.7760591603153,6.805958827548793,87.62349575367875,57.69095353227514,DC Fast,Yes,Quarterly,17.37025905790354,75.17794890012826,26.56
198.241624103914,83.73670797701507,9.77772665958579,58.34104765450236,65.7494229984942,DC Fast,Yes,Monthly,16.622475475214802,82.49495505461675,18.58
166.6176407696849,16.972842857692317,9.389371945321455,21.984429153983868,19.461925432456518,Level 1,No,Weekly,15.471151083286355,81.40691267616701,16.7
232.28490787692684,1.9144867996836679,9.269587500094334,48.616801745678465,39.07174422546241,DC Fast,Yes,Weekly,18.816479545748106,75.62672134701965,24.32
327.8904087636653,77.91025863957867,7.203189688899329,56.651794964428596,94.65638429787437,Level 1,Yes,Quarterly,14.489267092688944,84.64737559601969,2.7
256.4002340235876,60.96974251526159,9.317917230641328,77.66796117136434,24.6617422690674,Level 1,No,Quarterly,10.611029564866035,75.22621557127101,40.44
75.22913250676487,69.96395696221217,9.475464571397628,42.243322193742245,66.83607021173941,Level 2,No,Quarterly,18.445563757121604,80.8996064647609,11.87
10.914097271449636,83.81549749886426,7.512026170589529,133.52306636991744,74.01493936975908,DC Fast,No,Quarterly,16.739812723165507,82.76367461799056,21.33
91.79241550493877,80.28109348245005,9.832910274268134,111.63844725507369,44.81286994651595,Level 2,Yes,Quarterly,18.492586264996465,82.87896313044723,40.8
208.27727574508918,96.09201469288247,6.674510512397075,31.076062082756057,93.7525986759583,DC Fast,Yes,Quarterly,11.385474424446944,75.34285135593204,2.63
17.99903471948762,53.59350788521182,7.024682386364988,104.51201864819109,73.66567352187904,DC Fast,Yes,Quarterly,10.307529405097164,84.06415132640439,17.67
173.72818652043273,48.84956326599054,8.3815339831803,104.97534193273066,45.79245798608979,Level 2,No,Monthly,19.34374540382501,84.18451671927122,35.88
208.89499712091123,40.18871998907301,8.515273648928083,144.3087525736716,56.933520177609395,Level 2,No,Monthly,11.477283058505742,80.61390373154373,36.46
116.98536178593629,15.369104284420454,8.758025291553162,20.392713276300963,69.26134434251007,Level 2,Yes,Monthly,18.09652332070452,79.82083198887146,6.95
269.81927131103765,57.26072328820224,6.559391952604132,52.23121847475493,59.219018042921824,Level 1,No,Monthly,18.23209942180636,75.448674630626,17.23
37.30938859682013,27.70125243259788,9.861283711177457,140.612892318791,87.86975838260759,DC Fast,No,Weekly,17.08705200549003,80.61954142509869,9.73
26.298223607533068,92.13075122129754,6.6560583245695035,141.1774090017768,35.68886622804012,Level 1,Yes,Monthly,11.312622110928709,79.09379081770231,56.12
254.86606467126117,58.31908042770976,7.000716834531908,113.67623451818287,29.988574005580492,DC Fast,No,Weekly,16.673986245608077,82.72806407408656,53.6
173.42196067216946,59.284018050811014,6.5490508113412,119.54923173618019,21.38388894952643,DC Fast,Yes,Weekly,18.890865833268656,79.03883566886088,63.4
240.9408387497076,35.492466087701004,8.484004516529332,31.892784530854122,3.7782968064595135,Level 1,No,Weekly,14.255316448008832,81.8358083332471,28.66
152.18956851131117,5.198935197770749,9.762934093723402,86.80385852117037,4.301396438005534,Level 1,Yes,Quarterly,14.135168543785989,76.0140814623753,48.68
86.24071163368738,3.174376537298862,8.830815081281624,50.10578886756992,87.00551931092828,DC Fast,No,Weekly,14.428583095794192,76.32952270765966,4.48
286.6858111859699,42.33351441531975,9.379301139681495,43.55834566977025,67.83931464059073,Level 2,Yes,Weekly,10.822718906762065,76.39710190649159,13.63
279.7955576391427,8.456537809723786,6.54648421210503,125.33942888603323,66.05324154364861,Level 2,No,Weekly,18.920255690299733,75.45525499799743,25.03
243.14376479904936,60.68469555401391,8.397053544679041,37.55495776847117,61.464281893488604,Level 2,No,Quarterly,18.691828639805102,80.41328859269804,13.9
95.25079803048695,88.09730056396575,8.108470421269327,80.92471280953008,84.92191446941048,Level 2,No,Monthly,19.979093217902864,82.93967726043635,8.8
206.58073340418048,88.29148165187222,8.246387804772775,142.0151711461843,48.026692566562744,DC Fast,No,Monthly,15.851831414984135,81.10411203693666,47.95
126.34086392900937,65.90454101322324,6.7527461486731575,44.15816722349453,87.04108285583003,Level 2,No,Weekly,17.51191636451386,80.74954885552856,5.09
32.05372566432195,21.1231831472931,8.895523763742576,147.13914508597048,35.944502618223915,Level 2,Yes,Weekly,12.026719063073047,81.80623928402737,53.37
321.059751411785,86.29968313588721,8.261271452005222,149.25743814893767,92.67075043390905,Level 2,Yes,Monthly,16.675288182241694,78.39645323072014,7.26
47.886520821636495,88.60934353132082,9.178020974514425,92.23023010871238,69.86569800812401,DC Fast,Yes,Monthly,16.497328487573906,78.61954071648229,20.42
332.58307383728084,19.66535849529587,8.198517219216004,42.118556223030524,25.71771360244273,Level 1,No,Monthly,19.012087358416125,78.14270098220922,24.94
156.1020205352845,73.74260857706773,7.022835726792512,61.09363543231643,56.40849216886251,Level 2,Yes,Monthly,18.307927228390742,82.12108932853576,22.33
64.79652509351688,28.651954892712293,8.768899339272377,75.18406824794957,53.303056148825554,DC Fast,No,Weekly,19.38466462617763,76.61640335670775,23.15
189.66533158242535,80.26403123529296,7.103352267368082,60.212149166568985,13.789882173033396,DC Fast,No,Weekly,18.688334727016077,75.13025280312924,45.24
305.5310425567429,99.72378999036027,9.553380971741852,56.48262538394705,59.12429057506141,Level 2,Yes,Weekly,18.68693894898852,80.96196446722493,23.32
256.27871024334644,3.0026005329392813,8.645906836742345,146.38986219812648,31.478562371695794,Level 1,Yes,Monthly,10.637233266887183,84.42381364734206,56.56
282.2964017515074,89.73658657909318,7.05021359244934,39.937427564046935,5.234876680960243,Level 1,No,Quarterly,18.459619526959557,81.09407916996305,38.08
230.57417834875108,62.26305335986581,9.868183201184223,115.33262813319209,94.86561577065649,Level 1,No,Monthly,16.074783945031182,82.82921652940895,3.71
242.29679758124837,97.33826191648211,8.314279121673621,20.053337627092734,64.14903690642878,DC Fast,Yes,Monthly,13.804444517659611,81.7279070946603,13.91
297.21847804786177,46.50095175264276,6.755144581550793,97.50374702230899,87.6918931870847,Level 2,Yes,Quarterly,10.565146243880623,79.97436653523016,8.26
87.38380310071508,84.73879305713737,8.693915165452735,139.0725905140268,67.60560050132531,Level 2,No,Quarterly,16.776737747680468,82.18392401783846,27.41
171.29873727509917,6.239406859827723,7.3861961745448355,57.431432232118475,35.698369214011294,DC Fast,No,Monthly,13.282017505376174,83.24104123855221,25.31
77.42330463686078,33.527905007829574,9.312927081570558,44.11837678350349,51.268807232881144,Level 2,Yes,Quarterly,14.677762649860348,77.24731644171698,16.88
345.68380279882643,6.701653775120997,9.362377257481667,104.7183733341955,67.57467603471771,Level 2,No,Quarterly,16.81728437055134,78.36130480483146,20.46
330.42076889031466,97.53431334790706,9.926315745491316,112.63818294879111,96.02523252014376,Level 1,No,Quarterly,19.11774547024143,77.23725732503284,3.07
13.799383978977065,81.69739072718367,8.256543358585763,109.44396746375757,25.366945912169648,Level 2,Yes,Monthly,18.254369156049982,79.52172955590441,53.95
246.95131038049095,85.25474212459704,8.09234907904708,61.51119440277863,87.49770586241176,Level 2,Yes,Monthly,14.505971291035998,83.85064550916667,6.89
323.83691109548306,93.79652314338942,9.137164619062682,52.78631228071301,92.40778052942694,DC Fast,No,Quarterly,13.877831574463789,78.45207100835333,3.94
63.201370794566735,8.510348611978536,6.963647297196743,144.26944399506573,67.04155146589565,DC Fast,No,Weekly,12.397797388440475,78.74466889130554,26.33
198.7808306934203,38.55975925133334,8.414204298275935,140.02893607509083,93.12666274013378,Level 1,Yes,Quarterly,13.724267511759683,83.60367234671932,5.65
320.42090415581464,7.103488904400212,8.411866600457978,79.45115928606664,39.78785874773685,DC Fast,No,Quarterly,11.110463872918983,80.15374330744675,31.58
11.881092505029594,21.07931015500286,6.8131559298363555,130.00520260006854,95.30161760404428,Level 1,Yes,Monthly,19.711055083647544,80.35448999647434,3.37
244.09709353639397,22.936577703767234,7.962944299274198,78.80205209245848,70.27828771659749,Level 1,No,Weekly,15.73917443959579,83.60801203332213,15.04
104.07215258039277,46.91072110475787,9.486496794985207,75.17057234942635,4.20057674188119,Level 2,Yes,Quarterly,11.278058427952129,79.90526737025473,49.84
323.5386683817856,26.856216745364257,9.496537676981312,40.3791831879083,90.68728318190527,Level 1,No,Weekly,13.528060092659057,81.81557534629395,3.22
339.87038580787873,10.09781068177611,6.847331827218883,75.43278734395648,48.44728090331925,Level 2,No,Monthly,15.47039143620656,75.85644665874061,25.98
330.4932711897019,16.749108909410772,6.817523089617408,89.8642020179749,46.032698477783285,Level 1,No,Weekly,15.328856366408697,76.78631713126886,30.78
165.97497583011233,14.727556355209092,7.419434169506774,22.92556256572924,56.646660597963425,DC Fast,Yes,Monthly,10.355033687186324,79.04376200716246,11.64
301.7149278462597,97.30767979122983,9.561681218938977,77.73469067280283,14.938454677122792,DC Fast,Yes,Quarterly,19.508410342291114,79.94839067819875,56.85
295.5922894872746,75.92925069184736,6.951159047757247,121.57630839137605,46.916604856739866,DC Fast,Yes,Monthly,12.753756814749446,84.65733701236229,45.52
111.68516563513947,96.7761465269562,9.019988809196061,108.40598732865509,83.11272167177457,Level 1,No,Weekly,10.161846689318912,84.7065163304779,12.18
290.12041595273706,43.974048650790856,6.854079668645861,102.57040855231155,1.5482459137515336,Level 1,No,Weekly,10.764440089502825,83.51197087478762,65.0
12.952672150422417,27.83684816626566,8.680982488117388,138.24220569683632,27.29171603243713,Level 2,Yes,Weekly,15.801949032479769,78.15598835285574,57.84
208.69445746871855,79.82931972091866,7.746235546917006,22.344161277279902,0.245458644384422,Level 2,Yes,Quarterly,11.377855206750969,84.6402829083244,33.59
80.50309305069607,32.62539180411468,9.261198870380534,92.41618620499044,41.571130914984835,Level 2,No,Weekly,10.417247928535033,81.89340864676213,33.17
42.19841002204758,29.93833737053483,7.317916570888773,122.35535029326192,72.83155104937347,Level 2,No,Weekly,13.796264664127113,78.929401278174,18.99
26.933620570223205,23.25059922078312,8.73720640286486,90.37359975116475,79.87718291146285,Level 1,No,Weekly,16.227611923401888,82.01674916984766,10.31
243.7010715573489,12.967897822423534,7.324888871015597,62.10642183544929,94.51897611270066,Level 1,No,Monthly,11.118398048416124,75.16522729786527,2.2
118.95623731882316,25.646306101676597,8.997810990892539,37.71257346195712,60.85046129707865,Level 2,Yes,Weekly,13.133278321513156,76.46154682274214,13.08
253.66837003506652,35.53197484738877,9.55787312096262,135.38319933610487,25.462686665289546,Level 1,Yes,Monthly,14.177606716245421,83.29685711556368,60.94
22.87471927962983,67.39942081457303,6.94380629694366,81.19911101038838,92.4147949136699,Level 1,No,Weekly,11.594600977867671,81.4557363687317,4.02
110.35161824071362,6.256484221945158,9.533084910084263,134.15497560814117,77.53157538803761,Level 1,No,Monthly,15.0607389846671,78.64194701291883,15.91
188.82195233136804,21.050693966534297,8.577513390450044,96.16077591631188,57.44284830031445,Level 1,No,Monthly,10.85214086901771,80.00666640222718,24.01
276.7531076936372,80.90236402916764,6.944886718034584,107.6449751599501,69.56402157189359,Level 2,Yes,Quarterly,10.465184963450687,84.05142149645766,23.23
111.56337602622447,14.692192358377076,7.996396493758992,124.5539500691985,92.43163550074291,Level 2,Yes,Quarterly,15.198353671551349,81.31578109479086,5.4
219.0619817529532,34.26451465225215,7.063011027197843,105.69022079801746,71.23940284729217,Level 1,No,Monthly,12.478969727508757,78.9814928393433,18.27
310.0922118826655,86.46589218581401,8.951217611032993,71.7471292882619,36.8374507584734,DC Fast,No,Monthly,10.953738078980276,76.20326657397536,38.3
215.5521158638066,15.492531114344265,9.156038470462825,86.77233991072463,71.30282022890967,Level 2,No,Quarterly,14.239125874876322,77.93746801625561,15.14
81.53581616377181,8.27368356181899,6.870287820954796,124.39591820786438,4.027816273538787,Level 2,No,Monthly,19.151407395173948,84.78340232796583,65.0
8.540273544788308,48.45379950800108,8.271489484431255,68.57453852848795,38.64155618305812,DC Fast,No,Quarterly,17.241924466541548,79.37363062851777,28.16
304.53460586532543,30.24195112785364,9.35118769609071,70.45578937990462,40.63230318455793,Level 2,No,Quarterly,18.156159153470277,79.71839463844861,29.1
7.444293797635498,56.34083644838541,9.776570645428489,32.43971508754015,16.68382344208347,DC Fast,Yes,Weekly,18.719139887586365,79.98598032397015,28.85
306.1455854394698,80.38048904834751,8.297312533596195,138.8959765788272,2.3085480551770177,DC Fast,Yes,Weekly,19.72627741396419,83.8410402294821,93.71
185.1279969095242,13.714848815274316,9.825977282639926,31.834720942907424,13.338123663774281,Level 1,Yes,Quarterly,17.63246573514173,81.0392828438531,22.91
328.67369447951364,58.0699084554285,8.374911396596104,104.26719306831227,65.46214957970551,Level 2,No,Quarterly,16.084079219394795,81.93677036451922,24.07
279.5741325207829,50.550876038986395,7.879666731099678,73.71528224436369,80.22888163636875,DC Fast,No,Monthly,13.654258803022472,78.89413542549104,11.04
349.27693868666813,14.407878601319958,9.468710949935135,72.7305207332075,98.82034927269741,Level 1,No,Quarterly,11.81643236557716,75.29087618588974,0.55
122.74913540809855,62.39984855289824,8.225439486603312,108.34173875444891,34.63635031084943,Level 2,Yes,Quarterly,16.866598739832945,84.30972914242844,46.11
268.5159011258944,27.364041786077166,8.15165878697583,28.722185241884233,59.937922226110175,Level 1,No,Weekly,19.94949986121942,84.49127680916406,11.12
140.67581976323476,48.78343185440125,8.216093712934398,97.1817517836865,93.71449668151219,Level 1,Yes,Quarterly,14.67358684618919,84.49153053348051,3.88
167.9564671063681,8.227232427706188,9.46374750654411,120.36413217640612,16.70417813381526,DC Fast,No,Monthly,17.236793680928077,84.43687086646716,58.11
219.62691212642952,45.958405721362304,9.411795395908182,127.66765852525725,71.76455863427427,Level 2,No,Quarterly,14.950924499931562,83.15241941069561,21.67
305.78698996521854,30.646346804282032,7.91231997354074,42.16895062119079,75.49787331491632,Level 1,No,Weekly,14.319334233634766,81.84596050116326,8.7
344.4292142197533,82.23812111853543,7.6665495095468374,136.66447651016256,8.897553586933837,DC Fast,Yes,Weekly,14.10305613559915,83.44509918267286,87.44
268.89569485258136,5.697872699736828,8.221748084136951,105.29899194016748,86.12493851830651,DC Fast,Yes,Weekly,15.046246829316976,81.00546239001036,9.5
146.21837375856683,41.860727491832996,8.504703784079881,134.64112410668878,81.31050471108439,Level 1,Yes,Weekly,13.66895661865375,76.34369613892024,15.11
147.47495079697455,45.8431424131438,7.334180237197989,83.08649322432578,3.3403006577434446,Level 1,No,Quarterly,17.48773321821808,78.91218165041421,49.94
258.15380555611205,72.50060762991187,9.278842796504566,90.46433486263626,9.108441488005148,DC Fast,Yes,Monthly,18.742720265915167,84.71294911972937,63.15
83.57200101890582,57.428757509021096,8.20268968006348,139.47497601372726,4.912689389185232,Level 1,No,Monthly,18.828853066451842,78.51137813595656,75.97
38.66593959598813,66.72123371941811,7.6691594194698585,136.98824063610732,33.47435317993622,Level 1,No,Monthly,12.27698713425826,83.6782791373137,52.54
124.11775517427179,77.7049285651756,6.873873475373967,78.26091353797025,50.92889906799262,Level 2,Yes,Quarterly,18.959091387314906,75.9321147077487,28.6
100.53364707892861,86.22029736581888,7.335958061412624,55.673642112638625,53.23477279546288,DC Fast,Yes,Quarterly,13.41551231855105,78.3418384237547,23.43
103.70784215959652,31.38754967224705,9.822484101145943,71.11215649335435,26.766675976944263,Level 1,No,Quarterly,13.093076654852975,78.5095332472738,31.42
81.76271286746848,53.802270536390296,7.567848903868343,70.40936270886746,91.15968865602741,DC Fast,No,Monthly,17.267560573982358,75.5160254310898,4.44
14.732616372726659,84.01080784391999,7.091007512784624,57.29269374776322,36.826278987191316,Level 2,No,Quarterly,13.046963400862895,76.19094330186755,27.54
6.255877156694833,98.94511309650565,8.112354770792477,54.915348563285654,4.555015596535251,DC Fast,No,Quarterly,10.5296640560971,76.93165211121772,44.24
345.702836407611,88.95193110437631,7.574807101760871,131.93818174236353,30.022711154138637,DC Fast,Yes,Weekly,13.73617772310308,83.37815590810114,66.26
149.72059680755183,37.14672626243768,6.6230573759491795,29.08204968900602,53.11094225441555,DC Fast,Yes,Weekly,17.21465600358349,75.63401989939807,15.75
134.5143265058886,19.516651721865042,7.6310082604779605,108.08945367294724,40.822182258823204,Level 2,Yes,Monthly,13.269584202701765,77.98700901344387,38.87
237.87654894257446,48.93925374065887,8.40438018378814,42.4666066893388,27.384251909925915,Level 2,No,Weekly,16.295590559951464,75.10175002589267,28.08
76.38886075277246,74.16414518360422,8.430993302069885,64.78576614122822,13.132324976431741,DC Fast,No,Weekly,16.601194442631304,81.95627745403024,44.5
332.48641438257886,49.25690707532976,7.74795622411911,28.00059443752879,81.91645000962298,DC Fast,No,Weekly,17.33736011726356,81.2030309004338,6.5
275.22075504544324,48.31808633136685,8.065559646884102,55.096572791210065,99.61452421241918,Level 2,Yes,Quarterly,18.971304663109365,81.44982262053142,0.18
31.29385080929083,83.82304210818006,9.879312713821683,119.89473924524148,32.95421335238821,Level 1,No,Weekly,14.325644992684314,78.74382784714619,49.61
146.15327152472491,36.14037790671863,7.82071967030609,135.05199219114363,38.162104417660395,Level 2,No,Weekly,11.66432076662457,77.08267821267569,48.99
307.6914076467576,85.97946748116456,7.403793846409941,48.79852974730771,61.8037524676957,DC Fast,Yes,Weekly,13.189257154318895,82.20320213286033,20.43
330.6562078019936,40.680480095172356,7.3521346542336605,80.26121910365984,71.84414747355413,Level 1,Yes,Quarterly,14.321672551739859,83.11117872740695,15.99
163.5905289374544,32.82331056783394,8.102176144464469,81.14212623183684,39.20295348035913,Level 1,No,Monthly,17.13891469328113,76.38601498098201,30.57
214.6939862237477,45.3989911199699,9.158320520509305,133.56478974876546,90.49295169818153,Level 1,Yes,Quarterly,10.131221255616335,79.86829427937421,7.64
58.46188113222633,76.24469586748684,7.220958644659656,119.1638768738547,56.00039892289183,Level 2,No,Quarterly,13.15785383439879,77.48715681978862,32.21
346.90901914794176,12.600202786399429,8.982536444992688,86.70003838784649,45.0390076405931,Level 2,Yes,Weekly,17.798425810193166,76.68106861206134,33.15
81.08509548420518,19.64192158720174,6.574024381722957,107.19713606133054,64.66727531599051,Level 2,No,Monthly,16.708577033306952,82.34325313494999,21.57
329.956120947294,95.1444825663092,7.9662654229438115,130.1561570082177,95.28038482491732,Level 2,Yes,Weekly,17.31739973585605,80.38096935472836,4.36
227.37632714732896,17.54916273813574,9.215527728209754,21.240064023320844,79.45522944217055,DC Fast,Yes,Weekly,18.118107694391945,77.16185332378667,5.93
212.7078782076007,56.77273179310546,7.6855653452105095,72.37570403650632,4.001313053512434,Level 1,Yes,Monthly,17.832357188779625,78.10000011211545,51.41
179.440978855778,57.931446666193786,8.473079855058899,137.94161174602021,33.230991073995966,DC Fast,Yes,Monthly,16.82183166152778,84.66653671327742,59.04
80.73443410121554,48.96244620502448,7.217427314890688,116.24069400971368,47.05446849512227,Level 2,No,Quarterly,14.396615323705905,83.48679564708557,36.27
61.784811201927894,64.47452485768186,9.096983868941603,90.5693786634297,31.451757220910526,Level 2,No,Monthly,19.83598328878154,83.79946742873128,40.38
77.17017317456137,22.982672579761843,6.682976861440658,88.85378851456734,70.01875608304566,DC Fast,Yes,Quarterly,15.690731955900738,79.60012097080708,16.98
65.25339175048909,55.266226777674824,9.483899257064252,65.21011268857691,82.6269149862581,Level 1,No,Quarterly,12.02769209368839,81.23807263920875,7.39
272.85456574836365,37.21732552468971,7.1936873524758385,87.66766937339689,73.13450951852715,Level 1,Yes,Weekly,12.928128551047845,78.76767740204411,16.26
122.54384070835553,66.1667259629189,9.560393110979158,105.19981593024892,98.93332868282752,Level 2,Yes,Weekly,16.9356245597047,75.77711975688891,0.76
20.24493679718873,14.122354337314945,7.733852344551811,74.3871949957431,27.25476478930291,Level 2,No,Weekly,19.247395651994637,79.01069310656783,32.11
339.185920549284,57.08774168394763,9.029392510660703,112.83990903098261,87.49894950244214,Level 2,No,Monthly,11.787201292058976,80.93980753207144,9.36
309.325059737199,18.52703553833237,7.61728854225166,131.96018954385016,76.66226651744861,Level 2,No,Monthly,10.823464957457864,77.87144270768131,18.2
324.7132991183245,27.86430631150364,9.670690849321266,40.10903026403195,36.21787575581461,Level 1,No,Quarterly,18.81531048042006,83.47950574727416,20.78
348.21773792625237,21.87098003235832,6.94322993931431,78.70111296626519,73.41245436569686,DC Fast,No,Quarterly,19.152779789128346,76.51100159174598,14.57
60.863337226820555,18.28377798688171,7.124819262454095,73.04261186706054,10.407595641824695,Level 1,No,Quarterly,12.763793453158994,78.67129089436919,36.74
138.68470661593057,82.5710951560667,8.225605438055808,109.37042452646465,78.93334823405523,DC Fast,No,Monthly,13.772857243712398,76.24903905324203,15.64
265.38346649643194,28.570756766089033,6.786784536633512,52.482770483530814,53.23306025871026,Level 2,Yes,Quarterly,16.601879974978583,79.04832133985225,19.76
243.60721631882728,92.71237818644494,7.185930646456167,103.23261894379591,29.22901727092532,Level 2,No,Quarterly,13.299300208424748,75.39661304974271,51.03
53.86356721894927,96.99265253451908,9.80318233774205,134.07360142509344,65.57773017841801,DC Fast,Yes,Monthly,18.771587082700528,77.72549395061645,30.69
285.5415937467162,57.126046993709735,9.917713814017604,74.35710797317094,64.1619998714409,Level 2,No,Weekly,11.075787027138627,79.00735255113683,20.15
78.55420014283123,14.30011226657264,7.816907652656477,138.4320409972986,20.94862227195997,Level 1,No,Monthly,10.379822209601953,79.78165363276692,57.9
78.33616518791808,37.45482433795813,9.731501073548774,149.1112860613522,3.0397414811526136,Level 2,Yes,Quarterly,12.084862067427895,80.43696358475142,83.01
187.94104801269475,79.7732263348214,8.40688636485701,33.79196649323377,43.36225869016739,Level 2,Yes,Weekly,12.860877782049691,77.74991129789919,23.04
207.5289771945961,36.739072869707044,7.444098630558185,50.29691443803162,56.95118693444212,Level 2,Yes,Monthly,11.129265912888751,80.23041334614872,18.09
203.03017274323392,8.701721830278874,8.958395523782094,143.54936769267212,87.66052783705985,Level 2,Yes,Weekly,10.656904293406468,80.0900462156206,10.34
32.0203930892142,55.678491092818795,8.806156323012,144.58259924258027,92.82167956475944,Level 1,No,Weekly,17.556077135017983,78.16178050876208,5.88
307.11130192063314,84.51208514960348,9.961938616880566,32.70194580027861,52.88052181567664,DC Fast,No,Quarterly,11.642765659022574,83.30200330656479,19.11
92.96001490604712,79.59263871435024,7.427665505932492,21.94980504902777,75.38034837685449,Level 2,Yes,Monthly,19.13922199066304,80.45641126593566,7.83
45.33022244898146,17.512314013035322,8.852208259316074,40.943003023334896,43.93032723279969,Level 2,Yes,Quarterly,13.67999661448096,78.32269718746545,16.9
311.061827954142,67.27646144124667,6.682083142603064,149.48166183969226,74.6082156572893,Level 1,No,Monthly,16.706058097213454,84.47338512080776,23.18
334.4780243804137,22.05042634356471,6.897761135438518,43.39995015938929,20.48015249391669,Level 1,No,Monthly,12.254021147688002,83.4511241307116,27.49
301.74466604290774,21.820753455217222,6.513714312328826,85.33118887386301,37.106473480353145,Level 1,Yes,Monthly,12.403227684918669,84.82587811551801,35.79
283.3306261537073,87.40717733051852,9.998112383708856,130.29430443596644,63.42279988136148,Level 2,No,Weekly,15.747092028675754,81.9223387464542,31.92
229.3346932236576,24.966895274023017,9.307957940016172,22.652209389466826,1.815796560707883,DC Fast,No,Weekly,15.606429251459861,78.78222905506047,27.11
192.80007971319876,26.32473465180112,9.253530551567392,98.58356769359973,72.2461310338954,Level 1,Yes,Quarterly,17.687292280120815,77.80860666679013,16.77
30.44536596899355,0.06533907612995549,8.284041263508628,56.013308353051166,83.55355012681667,Level 1,Yes,Monthly,17.57813305694266,81.63317843674481,5.52
142.95862457474453,87.06690341255177,7.550234790169039,132.10353913716511,39.91416610939515,Level 1,Yes,Monthly,16.706877646636613,84.80816582495304,50.99
130.4409809543099,79.25948132091347,7.029424995619365,56.84994940433029,44.79424171771643,DC Fast,Yes,Weekly,14.491305658934909,81.26715080103848,28.91
90.91382431611417,62.7328935090678,7.496361585962623,109.27824363664816,85.1282212216531,Level 2,No,Monthly,18.906403862806172,83.81614940989839,10.16
253.19703979100473,75.02657639388423,7.815899276751987,107.6485522181616,77.56546353260335,Level 2,Yes,Quarterly,16.225784902212986,78.29103431047768,16.82
173.55650727756978,15.20485674244918,9.14708533943103,48.7941613517532,28.814948903337502,Level 2,No,Monthly,19.90198490462357,79.06953782474255,24.57
28.366175567676777,45.832359458757544,8.388816261161033,24.523895982885513,32.397610656153894,Level 1,No,Monthly,18.193698179343585,84.06275239589354,14.76
77.06412068243397,35.121938734878086,6.771192692944189,73.20244459210164,67.88782323905966,Level 2,No,Weekly,10.443098112383263,82.56866701957819,15.35
239.14056728085856,9.37765262570165,6.5631015313561925,57.59510975556306,56.31980924481612,Level 1,No,Monthly,13.205939070803177,84.81410320367905,16.35
26.645800821605064,48.61304852149241,6.858162628369221,125.16710744978212,16.222957109649695,DC Fast,Yes,Quarterly,15.718757164709517,82.74764209732243,64.09
297.922419917069,92.07396503426354,7.936745497940827,124.04734449919489,30.99299092291664,DC Fast,No,Quarterly,17.21469537871487,79.48515707218232,58.82
173.301284454891,4.005911905069448,9.766175209671564,79.4131137850413,89.99832768786541,Level 2,Yes,Quarterly,15.503364977619416,80.31068019822364,4.96
168.2053020643268,29.14609134937939,8.730908684232276,98.84658929201846,68.81744367222635,Level 1,No,Quarterly,17.86130422462182,84.00515492463137,17.89
207.34272463083116,20.754093620570345,9.306390649564303,98.55373707830027,98.59743176855194,Level 1,Yes,Weekly,12.826556527573446,80.51646736098049,0.87
288.63833807380223,23.81466536656963,8.13231108076592,127.53055929559103,76.70125299807694,Level 2,No,Monthly,11.83912051232825,77.55397374164446,17.74
121.73322276576756,90.84345518793752,7.76583129118265,75.25031383601568,94.19744321435903,DC Fast,No,Weekly,10.539166837897701,79.3561981276995,3.46
237.30565339567224,46.806905423429015,6.879401304508179,55.80806837276618,21.61885738704754,DC Fast,Yes,Quarterly,15.73313744571522,80.16315988849118,37.44
198.00618739852686,46.62994129398188,9.565765577651717,54.45453935827117,77.14848748169257,DC Fast,Yes,Monthly,16.885995206754952,75.9671983355113,10.78
93.45989455929747,76.05756424552823,9.241060101597661,89.70499630668654,2.021752014779743,DC Fast,Yes,Weekly,13.261497171193616,82.4376267425289,65.49
307.5204952243053,15.44922040049258,7.088413341592037,78.38926635518763,67.07600217115339,DC Fast,Yes,Monthly,16.135841848558766,76.09353933354973,18.71
279.0991075624248,48.72653541000508,8.292911973566913,77.2157002280417,46.92822781202414,Level 2,No,Quarterly,10.521572308533292,79.04917713368806,28.8
230.45814213044892,42.99852141210597,8.205811827724357,31.84785408166194,34.676007192006864,Level 2,No,Quarterly,10.992933462968036,83.04622441540404,19.97
297.7036051829847,59.69106905466561,8.68782043440285,113.41848628972544,86.24043522930891,Level 2,No,Monthly,17.017547722584982,79.67570361613296,10.26
303.5529703359308,99.95577032504386,9.811654128969414,47.78576943764839,85.42676926575307,DC Fast,No,Monthly,13.680697052172988,83.42015519718508,7.41
247.92704185026219,76.9448894082047,8.529200046168679,45.60397192713378,2.230170489864358,DC Fast,No,Quarterly,16.713340311030056,78.41881322056115,43.34
292.9546649272852,39.78657030174272,8.390760433725164,73.65858163606114,60.9505122449431,Level 2,Yes,Weekly,18.31721120279918,84.57636293998435,22.11
244.1150115842493,82.75530522740469,6.676130265271324,49.61118441031418,36.78322243209564,Level 2,Yes,Quarterly,18.52622437476117,77.09468431805236,30.33
238.04927011610513,17.070836331248017,6.720176166063084,95.901574750042,41.56610015004492,DC Fast,No,Monthly,11.72167645464451,75.38264144989301,35.57
216.5139823753145,3.0463686308960125,7.155713769643761,68.29023411348129,83.2040739218776,Level 1,Yes,Weekly,14.862855723513466,83.7242654299042,7.58
263.45082384517445,20.444837246427305,6.613647700921119,78.35852393706271,30.983977152767828,Level 2,No,Quarterly,17.339267236324865,82.52202715950408,34.85
55.511786852575796,34.041155611425964,9.101735134495044,89.83201180852375,94.30488106376201,DC Fast,No,Monthly,17.739805962669102,77.31983837067372,3.2
308.3047657196249,51.05807574595599,9.031656063978872,46.45961792263463,17.963382637214075,DC Fast,Yes,Monthly,17.846759807288777,84.84741607136674,38.14
305.1452347108312,61.51291405411998,6.976196820510751,40.247710972518874,66.27224233681778,Level 2,No,Monthly,12.281673343805846,80.02280129268527,13.46
10.236549062095701,91.06057172144217,9.426276152783483,134.4548473735686,67.21050670137647,Level 1,Yes,Weekly,11.925348177237733,84.51065440144163,27.71
289.0358626976669,50.98540095504577,7.041751121961392,76.38408136808474,25.21951614279182,DC Fast,No,Weekly,15.900124682736958,80.05028771386999,43.68
45.10445361570582,50.127564462572934,7.554114554490756,73.57216925223008,32.4750608967202,Level 2,Yes,Weekly,17.410857977382197,79.71874586771291,35.36
117.29159899069967,5.024300982298213,7.371419147064778,24.629579535469393,83.47984925799405,DC Fast,No,Weekly,13.191395155341933,79.49138537144465,3.83
260.2278897020627,3.491155265622381,7.803074845005668,84.73691933636113,76.18052549549525,DC Fast,No,Monthly,11.047051568624216,78.34875276132951,12.89
56.26596361690787,55.11599619163721,7.391323180614867,92.04206380943,32.909588031475955,DC Fast,Yes,Monthly,17.167463829100775,80.33701497176551,42.39
286.28845844167176,43.81786132483445,8.211328242534583,92.64931322410665,53.39565469349339,DC Fast,No,Weekly,12.996978313800046,79.52554661948568,30.36
291.2469622852097,83.91803949802986,7.925927584741399,111.91405201197496,6.168029625309545,Level 1,No,Weekly,11.663627243117219,75.36746876623555,71.43
177.61370681629268,16.067958471184518,9.952993217727643,43.072638548831534,20.874588239862923,Level 2,Yes,Monthly,11.477235283971316,77.60435233423503,27.68
2.2350551008917527,2.49716621170496,6.6957422254487895,52.789007449980446,48.58205588603991,Level 2,Yes,Quarterly,13.149095475267163,77.13122800105559,16.83
100.46334661121948,44.903876793012586,6.99763481735573,125.39496047995365,8.59737352792116,Level 2,Yes,Quarterly,15.926780659137455,83.67435602321066,69.26
215.92442143150978,23.74785567522575,6.684890628680109,143.13218018964122,84.33323548919375,Level 2,No,Monthly,13.584022386938166,80.98869977226842,12.84
343.4151623095982,4.961437333883745,8.690444182438316,37.67125715775168,71.80062101076479,Level 2,Yes,Weekly,10.206618515934316,82.63683100449728,10.05
221.13473445583392,72.4598286847629,6.690782470948019,84.69444208567836,94.36336706484948,Level 1,Yes,Weekly,10.96908434677811,84.5682603774928,3.54
90.93125337245593,11.159299995724748,9.427539080816432,47.84291285614629,69.34669059640271,DC Fast,Yes,Monthly,12.90503247198619,81.4403927252641,11.22
221.90199608486398,60.83195000077717,8.291785207386747,27.809511886147718,94.04013722621856,DC Fast,No,Quarterly,16.597044821470917,84.82609991404745,1.96
188.9948829005494,28.104975016688915,8.344526686035367,62.315433956397605,55.4512555690965,Level 2,Yes,Monthly,10.985150734685337,78.11764051652129,20.57
272.94588830290024,17.3496050355022,8.46558077699268,38.67939127394766,60.02186110619694,DC Fast,No,Monthly,15.606568535006819,76.86267182312893,13.69
37.44322358943544,37.97515229193175,7.097847972071738,112.29129954645201,97.69710546262608,DC Fast,No,Monthly,11.198858708240042,79.03309887992911,1.54
266.3597658757098,80.14457762229537,7.191916060900707,89.38430377728778,64.21291468642603,DC Fast,Yes,Weekly,12.116153273493815,79.70799414935809,25.49
189.44330253663858,39.20935769045727,7.615860630055517,38.69848122874042,3.07865688607466,Level 2,No,Weekly,11.721885275557627,83.95361542852585,33.34
337.04720135064815,75.07696492110557,8.57723745537648,21.201406492716867,72.38027766305233,Level 2,No,Weekly,10.672286355708104,80.59940439036676,9.5
119.65525811354013,12.548629679915068,7.235412215790751,125.06041637314765,90.54686921374156,Level 1,No,Quarterly,16.7132981738659,77.92180999418017,6.29
221.41766259688185,77.27714196650791,6.907161044966414,42.90527280135218,79.55802497943266,Level 2,No,Monthly,14.634035473860346,82.4263428286752,8.48
326.2098369285061,23.693332490664865,9.895409102464512,98.80816348869958,58.38332726254226,Level 1,No,Monthly,18.310534408973382,80.05831937139071,25.47
35.87840479673774,67.73931298888728,6.57693635183368,63.79984869997693,67.13035130935164,Level 2,Yes,Quarterly,10.98890839982317,76.6213194527517,15.75
328.0299705327579,56.57815548409963,9.309440918676076,96.11317198095463,99.01917892516717,DC Fast,Yes,Weekly,11.447329333380722,80.76819787591252,0.71
240.76000280528467,92.91447172116874,9.258123023512578,61.034971507702124,9.066208850933833,Level 1,Yes,Monthly,13.064577313504506,84.11394536807283,48.93
23.742970686810168,38.732251797531404,7.540249398457836,31.302142889993043,66.72448286332396,Level 1,No,Quarterly,17.65865986938808,83.4262261747582,7.65
105.33724843138569,6.616518883444044,6.974693156025597,48.983501112507966,28.339769457059383,Level 1,Yes,Weekly,13.057588231556988,80.86809972635331,24.25
247.86023102584855,1.9155485551252904,7.009700263468982,44.447613642279826,64.00903965861701,Level 2,No,Weekly,14.084187074986925,78.77083173884988,11.97
23.572710514070096,82.6858560972753,8.941010660330173,75.64251581715371,60.762357588393876,Level 1,No,Monthly,13.016035662971646,75.86978751064211,20.18
203.75966106169565,52.473563766143215,8.749823068801607,105.57689184540045,15.345683210816208,Level 2,No,Weekly,10.8022429180103,79.69648923331624,58.14
121.05906993353486,77.52440518349492,9.239609859879854,54.294789743026485,20.674664574023915,Level 1,No,Quarterly,19.394336228961876,82.5207943752958,33.06
217.320431218617,23.44256000115147,9.781184103396866,21.569091589080333,62.16295780432135,Level 2,Yes,Weekly,15.485389920711889,78.6027371973301,10.44
16.009711834379498,34.50837455132337,8.921745771433072,87.4618573544184,12.822994730377413,Level 1,No,Monthly,17.87833188185497,77.35446825551665,43.74
305.0378821533317,3.010387221131894,7.045480377930052,98.74873361666637,26.518087513032285,DC Fast,Yes,Quarterly,16.58357092185296,84.31379719270953,46.88
340.72113921208893,96.14923245741122,7.352049158678938,145.17316422023526,83.52455477380025,DC Fast,Yes,Weekly,15.14254279061975,83.21555700457992,16.79
339.107249349992,66.78679067008134,9.447678058055901,96.6312044021221,32.70915060016386,Level 1,No,Weekly,10.896782566593801,81.38275619420145,45.41
262.37814111002365,93.32050877593062,7.23257126541973,81.25243271915843,48.80601562696629,Level 2,Yes,Weekly,16.427335452703044,76.3678334392052,34.33
45.53018404572119,26.549640742907233,6.753828109340685,94.5422113667015,94.11403351458402,Level 2,Yes,Quarterly,11.553703559368321,76.44908840406173,3.36
265.3921185751579,61.146361122566084,8.961480189147878,140.62708188206352,22.71490888369463,Level 2,Yes,Weekly,14.143831693562767,76.03219591455779,70.43
8.605420760580529,67.84999682926379,7.9088422442154975,127.68915892821401,38.96260173580104,DC Fast,No,Monthly,16.291131434804303,81.16296666892742,47.6
7.743243035149039,31.754970025758844,9.720140183910662,61.98723533729504,60.64577755435457,DC Fast,No,Quarterly,17.822290004721232,76.15562796473336,15.89
113.26357670233944,84.81092350156301,8.775892748827815,50.84306727542784,75.53389295039722,DC Fast,No,Quarterly,16.850451757086198,83.42627198862633,10.98
171.02511664163302,94.71614629002478,6.816466422270812,54.14236960758957,90.16533867127052,Level 2,Yes,Weekly,16.71533529054629,84.92965001819323,5.13
269.6425962327276,88.48551176960044,9.817497985387813,85.57473516297769,91.54729875735151,Level 2,Yes,Quarterly,11.490422091752075,78.66348184708666,5.63
239.15338181227682,73.90669759393725,7.4049504227408605,116.72642865971511,77.6640074372623,Level 2,No,Monthly,13.461285400715878,79.53669846967098,17.16
156.0659472318619,27.746467972495402,7.680243716422,85.41849693378508,22.833083659331045,Level 1,No,Quarterly,10.42912272660194,82.1166717698568,38.93
95.76933319858306,28.161604210563173,7.907911447892397,28.813531457654637,2.4809330042565803,Level 1,Yes,Monthly,17.194768931764646,84.37153006325767,25.32
348.9935750551989,96.3360320446038,6.679285037415096,114.06549105719752,38.37739303556238,Level 1,No,Weekly,19.525859813174193,83.94093773556385,49.43
149.16345578259052,1.0284495935692028,8.237803977807117,124.77611672722401,14.154885098782334,DC Fast,No,Quarterly,12.641103901790757,75.57591828749848,59.62
157.98545851538643,71.60499732421445,6.931614718763523,57.634722465563556,71.0387647438298,DC Fast,Yes,Monthly,10.876967091623094,76.69071802556765,14.86
57.26833741708421,70.62461625552622,7.903396143409231,106.33634610683555,66.11305868257168,Level 2,Yes,Weekly,14.755700767536535,82.54597198557792,24.14
278.1833420624753,62.26895409497975,7.727484257972295,75.45694713707114,4.397164162145484,Level 1,No,Monthly,18.566982231275688,81.88893108032447,51.91
242.78877902352102,99.01088460868658,9.204940291992761,135.58551624456757,83.65937791309511,Level 2,No,Quarterly,15.519741952717798,76.33218594040123,14.46
77.26936447606614,31.187943576372522,9.311096790714558,129.87932256089618,24.874326629118226,Level 1,No,Quarterly,10.467771501901133,80.02064582001567,52.94
28.833365965544942,33.997186379324816,7.036945088361808,88.3061597802535,43.22270754910422,Level 1,No,Monthly,19.74272240527946,82.80814631085296,28.85
238.17475572614958,7.893940294655555,7.782929155827292,109.89572095576727,66.79337354557424,Level 2,Yes,Weekly,18.286499099626006,77.18780682262694,22.68
229.07892499839733,44.27981365437375,7.806736063611411,134.83546113287352,42.94187868522533,Level 2,No,Weekly,11.315940770515102,83.71287635734666,46.88
95.64083444937326,26.10485262348481,7.029936553776298,84.44321131017581,44.12878027999434,Level 1,No,Weekly,19.21797756503509,75.52971774820368,28.14
332.80224678764364,34.338670217764424,9.294587267679166,60.722596263546855,6.5627995335740374,Level 1,Yes,Weekly,14.506882886051887,82.82195085068074,45.37
52.87026212331508,83.45717902556277,8.975299149173981,117.97659792824557,40.14435492600038,DC Fast,Yes,Monthly,13.718979905749412,81.1581889978987,47.6
151.31718036491068,93.54845135274957,7.166336252039621,48.60861312200993,76.48478932199835,Level 2,Yes,Quarterly,14.610533305271883,78.15199346654349,11.03
330.2655720586596,18.573307200518563,7.783526680078297,70.50904924078546,91.51763371865978,Level 2,Yes,Monthly,18.34571956870947,82.20932548341911,4.41
146.9045609241428,37.25089315534659,6.8703175869978,132.54454082388318,41.34971370633718,Level 2,Yes,Quarterly,16.59479678286786,82.82365795151159,46.45
223.48408168242995,92.8630562115394,8.698723089825654,114.17490423501096,42.358582687907884,Level 2,Yes,Quarterly,10.592484523997275,84.3389897130397,46.06
139.158039286978,6.180846068922263,6.924801735920169,72.4954306821749,70.26271063236521,Level 1,Yes,Monthly,19.57604371116171,78.67774672154263,13.34
95.9753208220345,9.236052811137851,9.950769590187212,47.916785313086464,94.27720011052766,DC Fast,No,Monthly,11.477841334783177,81.86016735979955,1.92
344.39217678593985,16.279098920622936,9.232387261407517,66.27589080819075,26.70609402393602,Level 2,No,Weekly,17.45567951735351,81.02616276934691,35.15
143.26690221026504,59.521283412687474,7.865834923543982,56.933539399566286,44.014420653793685,Level 1,Yes,Quarterly,16.36136530428131,80.25206069457089,24.6
312.9347212876971,15.047227100599747,8.52497376297774,42.89160743270101,79.59732435523011,Level 1,No,Weekly,11.875280479465609,83.90416474155037,6.91
80.48411206188017,96.80763814507335,9.68969635675743,116.63327876353537,60.96935693740385,Level 1,No,Weekly,11.707320761130497,75.031673141384,29.42
74.58664640877916,44.671452725852035,8.439347481385392,52.7690852905223,11.058634396395473,Level 1,Yes,Monthly,18.703275937046918,77.82111606103598,34.94
10.896929009578976,50.15179603501664,7.110744702392843,79.04177112180929,62.77327355622657,Level 1,Yes,Weekly,14.196949234995971,80.3827723954483,19.44
228.08338888155976,24.66586158054065,7.825461744534057,70.16172808869418,18.674628459732688,Level 2,Yes,Weekly,16.545765141741384,76.78293261636553,41.76
128.9842203033164,47.09602524347335,9.45100702760411,147.670059222632,51.02159340784041,Level 2,Yes,Weekly,15.040710038566733,84.07866533732758,43.8
302.52538744387294,66.19136326370115,8.754745555963662,70.84199173926868,52.910326766043845,DC Fast,Yes,Monthly,17.273535170759594,81.47595117613015,28.34
165.62346734204502,75.11771369540428,8.777535345168301,30.397722763578123,87.62033622249848,Level 2,No,Weekly,14.792423750393304,79.7788299463199,4.32
338.8676997701526,75.3868082709913,9.533875199909712,31.677347834370924,46.249427401243814,Level 1,No,Weekly,12.873799152555684,83.14701759066655,20.16
64.9339304960924,57.789111269408835,9.628905701118766,96.79798377589843,27.94424222358942,DC Fast,Yes,Monthly,13.633833709964964,79.50886191465104,47.58
304.0181087844638,90.43597749938573,9.719274001228026,97.91726172597453,23.096634821603157,Level 1,Yes,Monthly,18.590776944503425,80.5865301193001,55.84
271.8088984771096,81.74078473061094,6.831972176386047,74.43866876274515,87.42518766843361,Level 1,No,Monthly,14.68034692922727,75.02750995553922,7.09
269.8226456254182,75.70481146986255,8.404441006870853,76.13968000056386,17.10108544182284,Level 2,No,Quarterly,12.134493322446094,78.65700530195073,47.51
295.67412984091067,5.560552168046062,9.091783324264116,27.01123576931326,42.58685608831437,Level 1,No,Monthly,19.34605388077253,76.38790472350969,13.49
266.3583968300496,0.6877962219649314,9.149243957944549,87.15104635060409,18.717311492694698,Level 2,Yes,Quarterly,17.96600456498377,81.89688680662292,44.72
219.17711257099538,21.244727719547296,8.623506706895014,85.61613179944572,77.33040401143754,Level 1,Yes,Monthly,10.55666146056199,79.79026958975734,12.49
45.93570718883565,66.35235939134523,7.08375567314286,39.441411412402786,47.4372639974619,DC Fast,No,Monthly,19.98942961980518,78.01757557250231,19.07
11.38416282193817,41.119748888254584,9.290971938795824,33.499120194420584,35.1143690556812,Level 1,Yes,Monthly,16.949266964401023,79.67832339371742,18.23
322.2967467354904,40.24062592993117,9.020389667302311,36.06442377793377,36.10996406264668,Level 2,No,Quarterly,11.60266599040587,77.09629887951345,21.92
215.8276100822583,88.45868882296138,6.801475200421627,33.13367204386361,85.22142067229794,Level 1,Yes,Weekly,12.371676812985964,84.2508663248614,5.94
278.7880518416617,89.55628481318388,8.123334386360316,99.26206541977878,55.37739542944381,Level 2,Yes,Monthly,16.92445481241547,75.53972632550914,33.27
168.53282302939252,90.91752640535857,7.108920898326312,45.542744812379425,71.78678511312636,Level 2,No,Quarterly,17.79761055279122,83.6541703529612,11.97
41.057866136838065,31.38780765150273,7.681169659995401,52.68591978437025,89.70385162506845,DC Fast,No,Monthly,12.390359431498062,80.11358788733351,3.87
43.81502727089266,69.10558127392618,6.563283822719899,42.564378739687164,90.17416760406421,Level 2,Yes,Weekly,12.569688538992708,81.18946496138817,3.94
239.94785053014,27.163318127436963,7.901154539437654,144.5185895783054,32.850905433786316,DC Fast,No,Quarterly,13.071206948720608,78.02605620908705,56.85
150.60706321481194,19.060983307444978,8.424569224046737,131.1002702097386,95.24512631463853,DC Fast,Yes,Monthly,15.980183648366367,84.66697616794322,3.76
70.18365434511786,18.463245734736923,8.668539074894804,49.964328855697715,2.4875882014605444,Level 1,No,Monthly,11.71816178301277,77.8185095851949,30.4
172.0580913595029,34.2107620863594,8.822216207950486,62.58361820987638,37.68355610161657,DC Fast,No,Monthly,11.042431988847776,80.88877997140304,28.52
22.47312797629693,42.99576197798217,9.42701959585861,47.28606949964963,89.57988575088416,Level 2,Yes,Weekly,16.788640890855135,84.93416705107128,3.98
203.68999067003958,83.09491710550684,7.254120175465055,83.9438747299071,27.463687981698293,Level 2,Yes,Quarterly,17.7909793979317,83.81094396383446,46.12
94.14769155228419,11.98910934727121,6.921686378534638,22.549369221652967,27.308145032131836,DC Fast,Yes,Monthly,15.009294044165054,80.36329825286106,17.92
279.14568522301585,73.49258473948942,9.48038010164274,107.27784115658345,30.26222850818887,Level 1,No,Monthly,13.638327102683853,84.90374522967213,49.63
108.62668562325082,53.14549141893053,7.048144852124275,88.01055947629341,61.23133848469222,DC Fast,No,Quarterly,14.320427135264763,82.01369861732614,22.55
159.32705217863042,28.794534267599246,9.911660284676683,136.82306067914342,43.83327756143538,DC Fast,Yes,Weekly,13.884078338719519,77.0870041614181,47.38
4.067188967835222,49.281958453282456,9.44888380289523,41.371048962693834,72.67348363533426,Level 2,No,Weekly,19.599849082376753,79.05596210435806,8.98
25.356410728095607,29.994206977702266,8.253068120613596,124.53420198794711,89.49106425646659,Level 1,Yes,Weekly,17.680899052191403,78.34493334011552,7.52
137.37274474233968,59.608195523830595,9.934974987227088,122.95493188067304,67.41993749428606,Level 1,Yes,Weekly,12.080872148501102,78.44013708271189,25.25
167.97859215099322,43.38439228552442,6.840818551878015,36.5335545981953,20.44667201975755,Level 1,Yes,Weekly,13.8418915205398,82.60456439359866,27.41
210.0071918417563,16.440552907887874,7.560730164112856,71.81269913873658,93.26819023605022,Level 1,Yes,Monthly,15.440122913631098,80.84262927272793,3.2
102.08190254825612,11.658307455569672,8.73378545264214,42.1198433487872,26.44928733474785,Level 2,Yes,Monthly,16.129858620636885,75.38092711589529,23.67
243.2436601442899,54.66956820721302,7.725024039656126,53.113665059481356,14.989429532815812,Level 1,No,Monthly,14.68183896028767,83.77448483650976,35.46
301.0428390162216,90.24130332861034,9.749303931932772,54.22200272797077,8.996727886096089,Level 1,No,Quarterly,18.10126635011959,77.96796140480164,43.26
272.94784611267244,34.395768655768556,6.729691308622361,92.31073122335046,56.33837406661656,Level 1,Yes,Weekly,17.676060194582316,84.97074876913143,27.23
13.866588871925,73.30001072226231,8.422941412213376,73.48342112886051,11.376246248065181,Level 2,No,Quarterly,15.051579186281668,84.54190730334786,44.18
168.17743154024012,65.8661354939767,8.568031935882901,143.2052645208197,13.877588411263076,Level 2,Yes,Weekly,18.544293867817302,84.40530716681965,78.2
36.7255624463612,93.1554914309481,8.784548433220284,36.42811845311067,30.003048059549663,Level 1,No,Weekly,17.510895304423858,83.11127604063974,24.76
84.71575555188461,82.09810172991409,7.394831781661351,146.57997753052584,28.16530096844638,Level 2,No,Quarterly,17.785818487206434,77.20613331683542,63.06
345.33190764350127,56.660525890546296,7.775982496319526,49.98302322785432,60.42395103321423,DC Fast,Yes,Monthly,19.564007794334167,80.32632744028783,19.72
49.87344001552963,65.70304982341074,9.45288185382742,120.47361172964091,81.67452794726815,Level 1,No,Quarterly,12.664669412092026,77.24302626824975,12.86
174.61085370797463,89.83864665840349,7.18229969139556,64.06609040246678,76.13496562028924,Level 2,Yes,Monthly,12.676481623668492,77.59675455588949,13.2
216.3545070113417,39.95187845869348,9.394037465106766,38.6005814042508,26.248445471647674,Level 1,No,Weekly,18.8895225569064,81.10951769436278,24.39
245.86273969043637,32.679470585777736,8.469293980159598,131.5255940820112,24.53104979859799,Level 1,Yes,Monthly,17.722263733856796,75.40833545353064,59.87
195.87703922041993,1.081108363519634,9.167656289179288,60.15191690074022,96.57915301069676,Level 2,Yes,Weekly,19.265455414356275,84.69458566820708,1.45
3.4197965967142805,82.65510741914642,8.99762578192215,105.65120254948948,0.8236241591960125,DC Fast,Yes,Weekly,10.63130160324453,84.18673172577965,72.76
114.26145788539716,80.0980700403365,7.2262902338470765,93.63767906126145,87.97205330602158,Level 1,Yes,Monthly,16.277570772615967,78.8076757215772,7.79
181.199075184649,10.445451810015138,8.490844577518555,81.32832022081365,19.972851912240497,DC Fast,Yes,Weekly,11.446283381234474,80.15422448006913,44.53
30.753274700691673,57.68573811327003,9.537031034817822,84.45653144431009,94.72843230897678,Level 2,Yes,Monthly,15.038971982925826,79.66119419267758,3.02
122.71942592321327,46.398169816688736,8.012406828806753,115.19092883199738,34.23072848275197,Level 1,No,Quarterly,11.557469318534443,83.8219977861747,43.8
11.621088076978298,11.870909550911147,9.883067695781609,31.410478836047275,44.03517738932523,Level 2,Yes,Weekly,11.280785089848793,81.8860187631611,14.55
27.50247400425726,98.05682270607235,8.082752850356012,106.86348605452767,70.7120613944381,Level 2,No,Weekly,10.121683453820332,77.78111247424357,20.99
138.92314667055862,21.469588746335543,6.999749728337596,136.45557318181523,58.76690514732603,Level 2,Yes,Quarterly,16.302388123829044,79.46841254465296,32.44
46.45051391507112,6.723418009056115,7.8630213802718565,27.51246561258234,31.79393297068228,Level 2,No,Weekly,13.59022616690086,79.28965975686764,14.47
198.63929689154534,59.48473795019096,9.83095842236688,38.284934100376674,55.38309158678235,Level 1,Yes,Quarterly,11.051882848789717,84.59335168283918,16.17
241.312739198043,73.88666771330327,7.61902297268949,113.16215177126408,73.07068843628862,DC Fast,Yes,Quarterly,13.2283777773131,76.7531091051464,21.32
280.205344688179,3.2443446047186963,9.53834355953472,76.84661427180029,4.23349459024921,DC Fast,No,Weekly,11.689440914515849,75.89576337294429,49.55
70.05258548568354,65.87176387270222,9.584377385886615,72.46132070577949,1.1199305255704117,Level 1,Yes,Quarterly,19.416948315016594,83.8061883216169,50.04
58.618903790674416,53.22918759514545,7.725652835161863,37.80566249075066,45.80669390728913,Level 1,Yes,Quarterly,13.200048857613481,83.9668598950587,17.31
36.59874411704009,10.326500887504842,6.791401803177212,85.88010529331245,13.183661780351418,DC Fast,Yes,Quarterly,13.339535232893898,83.71739087912165,45.58
222.75058734027283,17.252387694636205,9.035952682055864,36.45089045552904,66.43442914647144,DC Fast,Yes,Weekly,18.398580033995856,80.10976915625557,12.08
247.2665042704154,56.79742973160805,7.590293046548951,81.96065932037025,21.40524562274342,Level 1,No,Quarterly,16.477557612860043,81.59744428269461,43.18
11.055150688974713,29.63576135132884,9.240232649901504,119.26998886501536,43.2851106795671,Level 2,Yes,Monthly,17.101716074030016,80.63363047560983,39.5
327.6742861852914,93.8315728651316,8.049291968911517,53.57436652533126,19.767093687426897,Level 1,No,Monthly,16.360018039889606,75.694478260544,39.59
18.189949278015344,81.87402294840508,8.198433598199175,82.50220186336455,54.848358574912446,DC Fast,Yes,Quarterly,19.461962839485654,80.95834896900722,27.31
189.45371735537466,98.3567206513663,9.222682923619878,148.96207602158864,11.60534593845689,Level 2,Yes,Monthly,12.070008315580452,75.13614147256101,86.28
248.17118180782074,25.967083895041398,7.838271658715698,109.26455503602484,2.310685278748026,DC Fast,Yes,Weekly,19.890392417557955,78.24987409557086,71.07
304.83919331113,96.9723632797977,8.0509457086302,129.37638026967582,5.113163810669718,Level 2,Yes,Quarterly,18.309561775565133,84.32292575873167,85.06
249.93042624634973,43.12338697915579,7.816666640693677,73.93018885287094,95.425844151531,DC Fast,No,Weekly,15.889725888763422,78.04045269635807,2.53
280.60482907442713,34.751879531375465,7.785691803470479,119.82192000636118,14.228621861093583,Level 2,Yes,Monthly,16.62371624396249,84.39826642644248,65.87
118.80756738998213,5.034952696935324,8.340813019155108,25.26619248237184,70.84782531368351,Level 1,Yes,Monthly,16.48825876500614,77.50133957149244,6.28
285.18878981127926,5.276525785960262,9.330798055754027,35.97845373049185,6.792620422282624,Level 1,Yes,Monthly,10.58396224059154,78.14562240461532,28.45
28.0401962346363,69.20112559466547,7.766189091728981,46.39917707960808,10.816035223518217,Level 2,No,Monthly,12.180164985319387,81.28407496438554,33.53
313.18582962118467,45.79289944340279,8.334891521882078,72.25375019997854,50.887625140933466,Level 2,No,Weekly,19.614708845247492,82.61626972789296,26.64
191.6573316538077,22.65216260361057,8.847545639049102,129.94683418234922,46.48709301543437,Level 1,No,Quarterly,15.343644288593794,80.01387768004884,38.49
286.0542194868728,61.39703063252326,7.443038062062793,65.01458660243097,95.15803094398696,Level 1,No,Weekly,13.783536032619121,83.82115687194155,2.44
158.31139958140506,25.285811825011116,7.471329817158374,105.10075515701017,94.48354530207374,Level 2,Yes,Quarterly,17.62038463389075,75.40240421610619,3.56
225.25219331878372,57.76317543444226,9.766945944582092,112.21085832445284,77.9608642542465,Level 2,Yes,Monthly,15.245189426558095,84.22194838634371,16.55
184.24093132763963,35.92087469826903,9.03237100665881,96.20370603148439,60.21018301273497,Level 1,No,Monthly,10.131627714318975,76.96307799895408,23.24
256.05633261436617,82.3552226611819,8.520153366781582,66.4414558621177,45.4960317393011,DC Fast,Yes,Monthly,17.36237596715118,83.84238745084656,32.31
28.57049371070635,82.06961607667793,8.767020190472142,95.01693442276076,35.617853432842104,Level 1,Yes,Monthly,17.322175600528613,79.0086317948638,41.04
21.12322939669733,47.73503981224013,6.602548050861964,64.494527062667,94.70875469755555,Level 2,No,Weekly,11.651487121099745,83.32757055871038,2.33
86.48613190355125,35.08191093350156,8.663360379465939,30.90358601176157,60.29088114246856,Level 2,Yes,Quarterly,19.566600884242135,81.71665549803696,11.41
55.84063803961592,36.25597965590946,8.283281056284707,149.06451716418186,57.90725276859945,DC Fast,No,Quarterly,12.239081315411143,76.75941632478262,35.32
305.1242483072706,80.57145256682179,8.410123879228024,36.53371897222642,23.190112176891486,Level 1,No,Monthly,14.577493673821992,84.18047569881449,29.79
76.72489557531551,32.8179482797612,7.7579833939078595,29.405289898687457,4.669781788511306,Level 2,No,Weekly,11.147359612609147,77.4551739048846,25.23
341.55283953669596,20.9059373706846,6.785158641995297,134.20899739693027,94.51885797595445,Level 1,No,Monthly,16.032823194505884,77.44140118694999,4.28
117.91352711988739,8.468834187530682,7.176687317642182,59.23850591607636,31.37352588446539,Level 2,No,Quarterly,13.754511200572125,83.14178896637381,24.92
63.74127049104475,46.66931208844084,9.827606496244352,104.53860662955599,44.25890233244587,DC Fast,No,Quarterly,13.531734622097055,76.05873255572521,35.77
276.3944774998677,48.213209891984185,7.930448467948269,62.77074485609027,11.463994358570684,Level 1,Yes,Weekly,18.269768772209474,77.2203590637046,44.44
230.54772142530663,84.09087104029072,8.133391045408025,70.88905520328126,83.6924329909292,Level 1,Yes,Quarterly,10.095617128504783,80.03677573421062,9.14
174.36850075859866,22.123869644606398,6.684484264487036,54.07468636218355,2.7631832855930627,DC Fast,Yes,Weekly,17.979467708924226,83.30477028686624,42.82
194.37724282817092,38.099127366839994,6.631481803403932,64.59572075309133,83.39907620990965,Level 2,No,Monthly,15.714485657480786,76.47483974737267,7.6
251.72062239529234,80.8405738893691,9.010135064663652,73.3910520762506,14.028501278796679,Level 2,No,Monthly,19.860985134801993,80.47668234512346,49.26
79.95915946595456,82.36236107489735,8.383331324423889,113.65408898200458,88.6564112631152,Level 1,No,Weekly,15.89443220604249,82.1124059180294,8.16
348.71687061985966,38.46110759787682,8.280470944756933,86.49970525052294,72.97726373361574,DC Fast,Yes,Monthly,10.55379134147958,83.60595224715951,17.53
341.17760675137407,45.91240232866809,7.350935856479341,142.663478230407,16.46702625073051,Level 1,Yes,Weekly,10.506453264437264,84.3556556020222,74.93
227.6139902214279,30.328589084928293,9.106627560704727,25.444451199040817,56.58179928594681,Level 1,No,Monthly,18.83152986371832,82.84639914468933,10.71
69.8398578252008,93.2554878419312,7.088828026879722,85.39888194216365,31.265631435521946,Level 2,No,Monthly,18.41214145511053,81.52828398222002,41.68
238.07988485095197,11.864376574158031,7.16477160281357,95.94922254812336,17.823309891158345,Level 2,No,Quarterly,13.458900755820231,79.33620085312766,46.97
25.269443142711545,93.374942300147,8.112492599718964,139.62560818965562,85.91821994111083,Level 2,No,Quarterly,16.180324841811373,76.1211015418842,11.92
10.728375772032123,68.38664518353433,7.501979517391793,26.390608070785586,40.35227665072294,Level 2,No,Weekly,14.895913570556003,82.09737192525522,16.99
90.18901097892478,53.15721526867312,7.366120434316012,94.55494604157808,39.85437143653825,Level 2,Yes,Monthly,19.67164055136052,84.92737304475487,37.83
161.9180348587607,3.2659060784495875,8.758331755936661,130.97189070863442,16.988667480662002,DC Fast,No,Monthly,19.499609008768914,82.367605947321,61.45
303.8953768929332,47.55961918220083,8.778401108264905,51.450604655500754,38.306567608577865,Level 1,No,Monthly,19.838390085407745,75.16711093737726,25.48
254.5091744182078,40.774810500273226,9.385809744299753,133.91800530811187,87.16168463288501,DC Fast,No,Quarterly,18.664487806342642,79.96259978041839,10.5
259.94728241999337,16.121881197512256,7.961979984405415,22.47564320565794,36.31287104896359,Level 1,No,Weekly,19.095515907751015,81.14646632482903,14.64
148.92266705682638,65.6409603500657,6.7557978185915255,115.21910178738486,95.1603562499788,Level 2,Yes,Weekly,12.172787787671364,81.89674201102844,3.72
121.07724739143703,97.11509073682858,7.457832347225102,141.3047187519249,94.63088992083874,DC Fast,No,Weekly,18.310067889897745,82.19725835600708,4.95
129.86356704461093,56.218881106452514,9.93001912118886,105.43569601320809,14.489865930734602,Level 1,No,Monthly,17.088571132042745,80.58108441216524,55.11
345.67734730762027,71.47532764439458,8.586905013314457,77.07380171745824,17.73112535226449,Level 2,No,Weekly,19.6278650882807,77.23360332734241,50.1
14.038216994368868,6.845045256601678,8.98407979680357,25.834532141453344,86.26740703318892,Level 2,Yes,Quarterly,15.712618284426194,84.42200661476546,2.84
303.461023642857,41.76669958169947,6.5257524036889505,139.61479573194174,39.27609189247192,DC Fast,No,Quarterly,10.851671667105563,81.96666467663663,52.1
202.53639300033768,11.635848516449588,8.313720062638822,81.13850894990472,0.43739822830093367,DC Fast,Yes,Weekly,15.97398891187153,77.3684003686941,55.96
153.51539671635666,61.27958355365104,6.631350301361311,23.769576763673243,27.3871819705371,DC Fast,No,Monthly,16.86580928021288,78.22321832270273,22.15
253.84018114529778,93.84821582141547,8.492305742320069,109.67673927273906,59.762899319556,Level 2,No,Quarterly,12.203210287124282,84.2192767063037,30.41
170.334129498646,66.17777324716386,9.722697973726264,82.63884296491356,79.9265965959968,Level 1,No,Quarterly,13.941133835127284,83.87485186707336,11.01
305.6981333285812,7.680304831442153,9.889466956751427,36.1648912675134,13.338861709325956,Level 1,No,Monthly,15.985034140516799,79.05146438358089,24.63
315.2456524039405,35.466620498508284,8.391934363861235,47.85533521033375,11.054136441673535,DC Fast,No,Monthly,13.741057373165056,75.38307221991451,37.48
147.6023244057094,55.066337944085156,8.103716818382756,28.383788459260018,92.20926535723316,Level 1,No,Weekly,13.749477172386639,75.48497368893938,2.24
96.88972903226805,40.320775613325225,9.807559829869728,94.65816016211456,75.11483678225827,Level 2,No,Quarterly,11.330866391727973,77.83918290918389,14.26
207.32261500767677,83.36440104751723,8.857634411988432,100.8638323027612,58.97796007780784,Level 1,No,Quarterly,19.40746723077666,81.29122219339,27.41
319.32717096584184,81.46710047099891,6.727147478384433,85.74649878620777,76.9186789995928,Level 2,No,Weekly,17.504943844950965,80.84194635334562,15.2
73.73176615198331,61.183102010322145,8.130039521836242,126.22327729033994,42.88543613066385,DC Fast,Yes,Weekly,10.01243438866102,81.33827786943942,46.74
218.03830424721897,37.345794513270526,7.340857564625064,131.93114677004178,75.84557473091266,Level 1,Yes,Quarterly,17.65613284022165,82.17282971932107,18.97
221.0460770323822,25.533637376324414,8.144315125070385,100.03117156880646,37.18029912745357,Level 2,Yes,Quarterly,17.397949926578587,75.19032253592738,39.98
256.58955784534834,10.587431821312931,8.094129502022266,21.65834236196597,24.409457249260235,DC Fast,Yes,Monthly,10.09730960155523,76.05085595172443,20.97
46.048689794540934,35.4897683486554,8.537506809851596,110.37985524720564,72.90134212929686,DC Fast,No,Monthly,13.696042976137646,78.59483451827212,17.89
250.538737638731,41.31725172077195,7.74869671622238,74.3398981996457,41.96722921572683,DC Fast,No,Quarterly,16.067476903255304,76.54859997521582,30.87
318.16138223297435,67.58229251040736,7.074946573095748,93.5224728194303,98.13771043261949,DC Fast,Yes,Quarterly,14.52750651858036,75.75320042544554,1.32
62.88908810458469,65.81598242975734,8.263018021064847,104.38047826245497,34.9485182308101,Level 1,Yes,Monthly,17.77986118720507,81.40964395997332,43.42
83.14016372335718,7.0108139641256955,9.405710095210168,65.53075986251997,92.17274205310659,Level 2,Yes,Weekly,14.25458332634434,83.15336477491098,3.39
339.98828291457386,39.525931543115775,8.824042798236608,139.22280567233327,93.29625485670795,Level 1,Yes,Weekly,11.53862969453837,82.52626657434283,5.84
63.34193344832142,18.177886721736193,7.684287530738255,37.41673267747156,24.185294706474615,Level 2,No,Quarterly,19.764156242738288,83.1703977860918,19.68
299.0347826793527,15.68127053168057,9.774330579656,107.29653494653486,79.82211815880133,DC Fast,Yes,Quarterly,12.420399927760466,81.65856544057877,14.03
172.29724975681216,82.73021497372459,9.692726499372139,20.566745394355454,43.30745051445651,Level 1,No,Monthly,17.176923105413323,82.35345321814202,16.1
86.53087604111197,4.191521671625753,7.232719397844345,140.2046437026735,91.7524727230348,DC Fast,No,Quarterly,11.431563116640719,77.71778774208302,6.26
304.762465445379,41.91828759021213,6.637961547921271,34.62553732095189,45.01242726352388,Level 2,No,Weekly,13.290126137839327,84.93008036284164,19.5
155.85683925093292,16.82036557665182,9.094580479227668,32.3349499191847,74.4303717337366,DC Fast,Yes,Monthly,14.420276084304238,76.83165654493887,8.04
180.18607387539157,87.9330215678474,9.396635914722037,63.29099229679175,46.69674091637979,Level 1,Yes,Monthly,11.92232004527064,77.14493874389383,28.15
125.73167928991799,55.704051327503514,9.887525980829743,68.56361718508047,22.780075571285618,Level 1,No,Weekly,14.499595763686095,77.88921831815847,36.74
207.5327980022246,23.1380636376848,9.614427379309088,47.85900940197422,19.935012894468628,Level 2,Yes,Weekly,11.5716282299175,84.75332430106579,31.99
57.233355404757965,50.24272871663764,8.601871688722452,96.0658159205262,42.54311942563456,Level 2,Yes,Monthly,15.590065389858902,84.88288589353905,35.88
136.87853782811624,73.14863597031159,8.355183187243332,77.57883274545526,75.5494657014215,Level 1,No,Quarterly,16.63713252520194,82.94893749706497,12.86
339.2943128173506,95.81180089194338,6.597443679419052,24.442826575341364,60.50714851807668,Level 1,No,Weekly,10.624342840280107,81.29057598559633,14.57
90.34670144539464,22.044600424541894,7.363297563956722,61.55476809318908,68.86292899005433,Level 1,Yes,Monthly,18.71132121082168,80.20062575184613,12.67
229.85783258945227,88.61817721293451,8.108651631065243,125.35627876451217,28.232635073194245,Level 1,No,Quarterly,11.851408850420356,84.70620845686845,57.29
113.81652247864321,93.43041141674902,8.699763650292487,109.66119953204291,48.14353459576055,Level 2,Yes,Quarterly,12.253624253203238,81.95622802858247,39.06
270.71559399031025,91.64205445320663,8.450381416614437,114.23321096538446,4.4395264969327,Level 1,Yes,Monthly,16.61349840083063,84.4473012832603,76.3
45.80578125142244,63.54143568619099,9.099225963885917,110.75520013085806,81.75324159581207,Level 2,No,Weekly,14.68751060434414,78.16550799477623,12.61
339.43736577749064,62.982065443470766,7.4791842581046435,60.42649277979433,98.98921622398747,Level 1,No,Quarterly,14.993955991710656,78.33774792269566,0.48
158.82633948427375,40.32106331838228,8.477334126783656,32.95630986998086,40.68790626246709,Level 1,Yes,Weekly,11.281549845631327,83.54724594118436,19.04
82.61766217126238,75.23978823037879,6.808497851867773,55.42073392430248,1.096365313154335,DC Fast,No,Monthly,18.057358218764083,76.49854920585294,45.52
25.72386156550443,53.12940183509319,7.947829332541224,128.1320890240707,16.979263955094737,DC Fast,Yes,Weekly,16.1705424610421,84.45927861296076,66.86
59.41526678063926,67.74380712282945,9.125562915341103,147.46120371179924,65.25268777504188,Level 1,No,Quarterly,11.35382043309456,80.07474354663407,29.06
181.9208819946062,42.84579038487954,8.926902987001654,84.20011191640297,61.207931820385916,Level 2,Yes,Monthly,13.73999367025596,84.26413878583698,22.72
117.9511117509502,73.14964640431391,9.967249580102626,21.26104613999549,78.78647195855439,Level 1,No,Quarterly,18.1040993273503,78.36792788725813,5.33
290.1091780589133,82.4471517604549,7.472618940957146,38.20582557744977,25.388401096106815,DC Fast,Yes,Quarterly,15.683550459866208,82.15958904139397,33.96
150.81063328163208,14.64362566028161,8.243662547108928,61.87047479111455,76.36319155471341,Level 1,Yes,Monthly,11.086487791329304,79.8287512197269,9.74
87.04999540567047,83.2929715574228,7.653356448208989,95.21609531708347,68.79840215236698,DC Fast,No,Monthly,13.727770457892866,81.26803630245473,20.7
216.00074531141053,54.029653179030724,8.042110899207112,29.762173954690816,32.28144977138433,Level 1,Yes,Weekly,12.426943984557346,80.04372493139152,22.88
247.37202590990603,84.46659090902243,9.49932545454286,142.6364488322846,54.548814805696196,Level 1,Yes,Monthly,15.174655536537264,84.67115617371361,41.79
58.46466776533245,43.13017063410146,8.894731763159703,67.4608775269721,14.727380849832672,Level 2,Yes,Weekly,18.433611288719895,81.92105397813917,41.58
58.66672570091118,37.904048538303506,9.588544169716537,138.635948330227,45.256450343558264,DC Fast,Yes,Monthly,14.362671348044199,77.51318968626316,45.54
12.83499942674004,91.50607325172224,7.212288879161603,121.46783435841283,88.1197339555641,DC Fast,Yes,Quarterly,14.33342030368323,84.09676921905084,9.55
257.7407052729742,25.11692675484013,9.556763912445033,118.20684542702554,42.11913798253908,DC Fast,No,Weekly,19.05350902327037,77.94029738155105,42.92
232.33158466763177,84.42123252861431,6.709167959624345,98.87354537169016,83.9566706475422,Level 2,Yes,Monthly,15.761854125072723,78.71605099300857,11.65
166.12080651243485,48.40205725094041,9.610097481530033,101.4818962167398,59.02533652596944,Level 1,Yes,Weekly,15.661910873974069,76.02123698020213,27.16
295.459657139219,51.40954425512597,7.651758228112548,102.94042057811225,19.187671310235675,Level 2,Yes,Weekly,12.619098918753894,83.9996651979619,58.48
281.9845535325186,30.8468281489484,7.601056716949232,101.73378031332568,58.11062446978964,Level 1,No,Weekly,16.077227478371263,77.86112023227864,26.64
204.87402753886326,57.30422006190157,8.292310018445324,91.98467008178696,50.598332915706344,Level 2,No,Quarterly,15.759104674173964,77.58917617931382,30.06
303.89494817964055,32.52111962762113,9.792415657031311,148.23382240277556,39.8641335196384,Level 2,Yes,Monthly,13.96851470341864,84.20262597994954,54.51
72.04442351286889,3.926941424165231,6.667234776384919,115.19777376534049,11.963043951607034,DC Fast,Yes,Monthly,19.906955658991805,83.05526862405033,59.42
39.171866789204756,27.199860534435604,7.732808412747609,121.00303049102776,41.670866384722984,Level 2,No,Weekly,18.818909649480865,76.41078921519374,40.12
94.41236403094636,0.6379043406590679,9.498001960391676,133.42016596087763,7.276237623962711,Level 1,No,Monthly,17.495862900768156,82.69324503903681,64.25
19.980399631260198,97.83547870568566,7.886190671024133,48.033169154360394,9.876905139875126,Level 2,Yes,Quarterly,15.373455884130005,84.1303309805379,39.84
185.9093348003612,96.57472098197475,7.197049141589734,30.8945406823579,41.591653293271605,Level 2,No,Weekly,14.620598018946303,75.78511218210744,22.55
327.81199230323654,39.5155297472305,7.986779634659941,82.77627675781783,30.53814819684637,Level 1,Yes,Quarterly,11.848973952231994,83.25214994904573,40.12
13.770239233978376,72.8370854339646,7.849433755220843,86.8304904305055,92.55443258622235,DC Fast,Yes,Quarterly,13.057374740146237,80.47420051873056,4.56
42.73846990350938,34.580609841042495,9.703956705133463,127.7936313934893,37.57058053802705,Level 1,Yes,Monthly,17.739607998232103,81.69197449378801,45.67
158.26965989920234,67.1093157085976,9.16677031510084,77.69186530670365,75.78581220721001,Level 1,No,Monthly,14.537489539375514,79.92854338904937,12.91
326.85625613476674,80.54300430459791,8.267904445104023,94.21089332076065,53.02475263662427,Level 1,Yes,Weekly,18.822695165695013,81.97803084905279,33.34
110.65463674186267,94.67562446922408,9.9592969835255,88.51922200674959,70.40856686423355,Level 2,Yes,Quarterly,11.479111363455289,75.34097861666753,19.32
177.53218304093735,40.0212275849672,8.128471359465731,24.96636188846084,26.01159830153992,Level 2,No,Monthly,15.083470960136365,82.62706723223283,19.71
14.550500667637234,78.32979829560477,6.703832407870963,99.97793655759881,94.19049728383291,Level 1,Yes,Weekly,16.469656840213087,75.33343697858959,3.85
51.9201203367311,26.59284506321188,7.4179601263524475,127.64562715065279,53.00884969144239,Level 1,Yes,Weekly,15.16848456307926,79.55299847747344,34.39
345.3205430355964,99.03323037936484,8.026246680767594,40.475071249854494,83.13240712852496,DC Fast,Yes,Monthly,18.892268915849872,76.50964993130295,8.63
337.79154375261595,2.5769598764351143,7.049159184511421,97.26312541045745,36.50456934761135,Level 2,No,Quarterly,19.895632818291396,83.23574277351307,37.32
1.7289933270433655,60.3528806501121,9.816477942134151,97.16937077803387,10.021134905052453,Level 2,No,Weekly,11.158346583413698,78.13660909175668,55.0
333.1341248981336,65.95059816513272,9.183971142362205,41.34404532732664,67.37116477208488,Level 2,Yes,Monthly,11.299549040769211,79.54093544604332,14.58
223.69197823542513,68.80455570741289,7.439005201497205,36.05026458499569,0.7759648337424485,Level 2,No,Weekly,11.30324113560121,79.28750741298312,37.75
303.77140308200774,12.038757878908902,8.567815867312707,147.406752586943,47.52929765655083,Level 1,Yes,Monthly,16.811770960705275,82.72501965684707,44.8
159.1589494718507,93.85297834731304,9.025072049883502,71.18349205489488,19.280190266645924,Level 1,Yes,Weekly,13.72676095495838,79.81144359795975,46.77
180.45861000273757,18.11832790500828,9.794476251173792,49.5648247340588,62.737550443536215,DC Fast,No,Quarterly,17.33314661265906,82.88958335010346,13.58
171.09630308992206,62.27534032398411,9.585723722113936,42.272190779068744,97.94198731378522,Level 2,No,Weekly,14.054714728869786,75.73508276802676,0.8
233.40249014113652,22.267607912308495,8.303172791483748,106.78822276582056,46.440290632064595,Level 2,Yes,Monthly,16.276067213320637,76.91593967902995,36.27
48.87793916470952,30.72164170212709,9.211284169275562,99.22788865254624,81.74982565256667,Level 1,No,Monthly,17.698580056788934,80.5153424964636,10.23
10.490756455437284,54.645854172812435,8.467506638396546,103.66177598836427,50.7784186951121,DC Fast,No,Monthly,15.482159106549206,84.47088324752696,31.82
107.77547955691682,41.719341856457646,8.434463615159391,31.440783576488794,49.584003110402406,Level 1,No,Quarterly,15.39503590450006,75.7475784672178,12.8
246.63826695782635,16.02256009765063,6.901596854183672,136.1594958547968,93.04234931787778,Level 2,Yes,Monthly,10.882343252856344,75.43084216156865,5.65
70.64870824303193,17.093640242084827,6.941481803056532,70.60463158517628,88.99658687466815,Level 2,Yes,Monthly,14.107817429094348,76.56550674927855,5.05
235.70135166372106,41.814478816279966,8.353367652578601,60.73802283594653,78.58004651879745,DC Fast,No,Quarterly,15.457771532249376,81.41153128860157,9.94
339.46921613754466,75.72829782755008,7.441015407426523,80.10698814220609,29.625575331678412,Level 1,Yes,Monthly,14.6198082566641,78.98992916670247,44.2
32.865250526296435,89.79646468477885,6.57362915861164,70.70858854719168,54.50084157239405,Level 2,Yes,Monthly,19.007820001884255,83.25552379417687,25.14
235.4107413787942,8.412766225938284,9.029937213650744,132.26501040808898,22.3897233305685,Level 2,No,Quarterly,19.065306321194896,75.71933151481366,57.47
155.3125767565999,39.310390755940105,6.613703088415577,140.80392677572598,44.39166980465398,DC Fast,Yes,Weekly,18.219173805887618,76.96414086814701,48.73
303.84978903212686,10.024556372287662,8.58346894386419,59.44891813844881,48.42130657597906,Level 2,No,Monthly,13.752980753731201,78.00026405464895,21.6
62.002426306585065,1.6592480632597884,8.3871782794456,132.31165496979412,83.16400401693309,Level 2,Yes,Weekly,17.172991516875342,81.26730086688785,12.49
242.41908327915758,66.17186826439566,9.890851417022315,121.59800683929873,89.60283653249931,Level 1,Yes,Quarterly,13.952884610696099,81.85172690301548,8.13
293.34035137683856,60.24494419665878,8.194745987716747,141.00499740481905,41.462006239647785,DC Fast,No,Monthly,12.32593598975759,76.24203293963774,52.58
330.6149768159081,16.301911381488623,6.722605027322291,51.94754058416542,1.7704445073237207,DC Fast,Yes,Monthly,13.429026435508817,84.43804708991739,43.98
239.13680990137604,23.38128330930641,8.430907887322615,95.00468951572728,86.17738397893547,DC Fast,No,Quarterly,10.709646332855355,78.4104413519021,8.34
174.01116740294955,2.370775364451838,9.443836597156356,55.6907960162578,17.42786785013607,Level 1,Yes,Monthly,13.31777509004647,82.13168763000283,30.59
216.24653407042484,83.49472056944037,9.98897249498504,127.13228376296865,62.188196389039355,DC Fast,Yes,Weekly,14.607422172611717,80.24207718947699,33.52
304.1167445675514,97.46905960485515,8.006201107911753,20.692144774238354,2.4970900434131194,Level 2,Yes,Weekly,19.5548089478083,77.22758113547107,38.54
199.71341132359038,13.545953679469081,7.621045598738599,93.42649117523149,39.95064752605643,DC Fast,No,Quarterly,13.13410586219625,83.46228323115412,34.41
10.6354708938929,23.147521376529813,9.673286539331997,64.09644606534934,98.59603021153498,Level 2,Yes,Monthly,19.024535392055206,83.1823802819193,0.59
325.8320434274422,86.8409523946934,7.169347451766425,61.948881920116634,10.069360110380309,DC Fast,Yes,Monthly,12.28858275823497,78.9607185391669,53.37
241.3343628610464,92.64637979561849,8.654001202615243,103.8378221024392,42.369315199964234,DC Fast,No,Quarterly,11.909688977592495,80.88607585693856,42.84
236.7796850220363,41.96273828068103,7.9200004846333165,130.6929784108192,30.714995018995218,Level 1,No,Weekly,15.18995456432165,77.5782569593594,54.06
75.48630333920102,5.062247226907413,6.643788277344443,99.19540088113241,90.50881233882643,DC Fast,Yes,Weekly,16.72511369297406,81.89851628746301,5.79
230.60991458143002,3.93918336928194,7.715509660069943,130.9124872240739,86.93401079073551,DC Fast,No,Quarterly,10.443322508022813,78.09026812620431,9.76
137.85254197895546,57.39498660690104,7.428299828759361,54.3976245445339,23.769876030622882,Level 1,No,Monthly,12.210658650472167,83.44078734382235,30.72
227.93154196452224,39.2895108893179,8.901319038802203,87.53524111944755,8.118778705043116,Level 2,No,Weekly,14.556836665013165,77.17385104277274,53.96
37.30756060779675,2.8652427577654516,9.820766741921712,78.56975007871989,62.713839406111745,DC Fast,No,Monthly,13.310043359831814,75.14803422818464,17.14
230.2458566110626,58.32523923125568,7.438165155825232,21.51383693540251,33.636871188370975,DC Fast,Yes,Weekly,17.126210793483217,77.68508041967918,23.06
349.7948040197333,1.1302536589022472,9.340130787030887,92.38557860829621,67.20843906060631,Level 2,No,Monthly,15.111605960413169,76.91052486459486,18.85
16.87421360119461,78.73719581492729,6.693759359284433,105.99816213900274,3.2119756067814476,Level 1,Yes,Weekly,11.603591056039003,80.08286439724924,67.06
342.0109644774611,30.643282270337156,8.383423535139347,96.94887257447911,13.339923517748941,DC Fast,Yes,Monthly,18.944653793150906,77.03703291656576,59.49
142.41778625300472,4.02580030092321,6.746925222984631,115.7163868418448,68.63722327726434,Level 1,Yes,Quarterly,12.929056754833596,82.63189870719495,20.19
304.7637076180407,58.835222098315334,9.769115468957239,94.27413869890003,21.237065530249776,Level 2,No,Weekly,17.311311089644235,77.41370638004004,52.34
273.8349194203957,39.76844144330547,9.182229481950866,28.6775331305984,85.75876757624016,Level 2,No,Quarterly,17.7991577910541,82.06968179912656,4.21
198.45569134533372,97.38004133571495,8.802824689216074,35.13791813101248,5.859088771013543,Level 1,Yes,Weekly,19.631577002561023,80.78470923013724,39.57
258.4572232379643,54.41986625037022,9.383637335686325,97.54169508071381,21.54819827855746,Level 2,Yes,Weekly,14.985074665241013,84.86249856471885,54.4
307.48044645547174,27.52391810370083,8.766319284495571,55.74729495657322,99.85602484850686,Level 2,No,Weekly,16.158355154644322,84.99900977009231,0.06
141.44911257786154,70.94388646339748,9.89130539011002,30.35386677451956,43.30761025867926,DC Fast,No,Monthly,13.348762934795337,83.69526083317331,19.69
114.46160654713354,27.149200254271133,8.9988528175267,75.84835664831108,70.29656635446435,Level 1,Yes,Weekly,16.781792934120666,82.59983369298752,14.8
233.65768494725467,90.42432914075651,9.736305133537863,92.0619377508752,18.266304885701366,DC Fast,No,Quarterly,14.633834858663198,78.86456414000574,55.73
282.7460796794405,37.47219705073764,8.309961622037234,62.73697848544885,60.98687349855377,Level 1,No,Monthly,14.376523647244223,82.53276727131303,17.49
266.7997971718155,54.98685627762052,6.90972544543652,113.65638128935113,72.61060683694186,DC Fast,Yes,Monthly,18.554675291161054,84.56675537079491,21.46
279.2347771005221,5.0573103824228856,8.34862202498056,103.6901790531618,31.447663586651053,Level 2,No,Weekly,10.501688434986887,75.23377575395445,43.09
152.45416018452656,42.61212379522308,6.944054898220827,63.266386941917354,82.88971119758777,Level 1,No,Monthly,18.819624278318685,80.37914700197739,7.33
286.2419756612576,83.2363539660995,8.573727177117417,118.13342875811288,60.34175784722833,Level 1,Yes,Weekly,18.52069837828557,77.17998304388435,32.48
42.07316937971296,80.56488053633419,8.188725711846821,104.33035552929461,38.91230096150302,Level 1,No,Quarterly,15.06366253561789,80.5787631586885,39.29
190.57118428629735,22.431855885352626,8.679013892414737,102.86789923332726,55.76423933431586,Level 1,Yes,Monthly,14.902028542056282,79.66447089758891,27.81
2.0155311743425495,22.60790710105627,6.535164433691911,91.94560110231885,57.676084743592426,Level 2,No,Monthly,13.618073680354902,80.75768581552285,22.15
113.6050404650946,81.73053122132367,7.181941720793774,21.480656851511863,16.5535292693866,Level 2,Yes,Quarterly,19.941737916817345,80.50962221418725,26.16
128.26153720498925,93.03984201693255,8.219656511692458,110.54593385199558,40.27323698669662,Level 2,No,Quarterly,11.111693327538411,84.60107039168562,43.61
138.66044206323937,9.536092127300355,9.826762465561972,68.88543284419035,34.34305880194931,DC Fast,Yes,Weekly,15.90215235628607,80.52186108934737,31.89
243.41352234145177,45.005863942622526,7.842631641243054,142.53926232062523,40.09027225791261,Level 2,No,Monthly,16.81681590112417,83.46232088124867,51.09
135.99533544462102,33.745427896422896,7.985302091187721,126.3380202400367,76.11105884852579,DC Fast,No,Quarterly,19.343300082169442,78.19820286800847,17.79
157.04276791788573,87.06884554574394,9.001436311523177,96.40028103907059,48.253840746667265,DC Fast,No,Monthly,17.802034968567614,79.38100688791049,35.73
83.14044580601461,8.352491468001876,8.613274650501413,52.783657636505026,94.03161532392643,Level 2,Yes,Quarterly,16.43847202811547,79.7041347604481,2.11
130.63812707026904,21.112594255803742,7.546241525344167,46.48326112609666,29.36764133584362,Level 2,No,Monthly,11.168123168121227,77.7872804333538,23.49
79.54436954210301,75.24683375864943,7.937857384485997,64.25002889808138,41.5703578284929,Level 2,Yes,Quarterly,13.737335168314674,78.79790261477956,29.33
25.618573318955274,5.129384898121558,7.261949296000314,81.95383266540242,78.69568104790415,DC Fast,No,Monthly,11.388416425479853,80.98513079466775,10.15
211.20700768348226,49.25353807142893,9.88107510695573,58.48851630506312,54.60245933207503,Level 1,No,Weekly,18.812127324655137,80.80187763304532,19.88
233.8744794942557,44.210703467972,6.957220335450759,86.94083440102276,54.70281464244478,Level 2,No,Monthly,17.496211555636428,81.3643534457348,26.39
216.8216211033651,33.44011789887487,7.801428745982468,41.498155316714175,5.334016300518352,DC Fast,No,Weekly,17.575367867972293,78.5181791542014,35.55
162.22291533020032,39.457231531892376,6.590436402770039,147.102665667315,39.85996627184558,DC Fast,No,Weekly,16.52256517773544,78.15831495153057,52.83
132.92502306273045,52.99405869302329,7.276228221767412,34.030192145449206,27.073373242173247,Level 2,No,Weekly,15.070435369367097,81.11617882754163,23.91
302.16677735013883,16.136735838838312,9.231648984330542,141.15273815506836,99.93351228311154,DC Fast,Yes,Monthly,11.499710594634973,76.32861748427526,0.06
181.67862479767632,57.19958782835928,7.204113313011078,138.76514148235032,30.835507063231027,Level 2,Yes,Monthly,13.296948867050517,77.5303154353214,60.01
167.71365717040584,80.54323292999864,6.78022190885138,88.29686263653474,88.44965347938634,DC Fast,No,Weekly,11.369157924768906,75.42127736952995,7.56
8.974723032252491,76.01609297901591,8.160586129455831,114.23833533869097,67.62337350404775,Level 1,No,Quarterly,17.249131428523434,75.7261085259608,21.91
119.43673966915472,15.389990469377368,6.534892321570815,76.6862787364364,34.09164091920904,DC Fast,No,Monthly,11.602287760220051,77.43383279260608,32.09
133.06846657504997,14.92494697414739,6.796681540492166,101.90449508051697,54.353437837412365,Level 2,No,Monthly,17.021135501716856,75.19529280296919,26.95
139.58797331391517,26.817436774491334,9.326690543470413,64.27487186474542,84.05358799491938,Level 1,No,Monthly,16.922553895959048,77.45410592087461,6.51
203.0603292295663,36.10747263410372,9.200156707008622,59.150672572107894,88.33682980309119,Level 2,Yes,Monthly,14.593044789912888,81.54976323062026,5.38
186.76089135440745,40.84555814084826,9.702985871417136,95.16987220203679,16.03938750061452,DC Fast,No,Weekly,11.352286541180522,75.61107078468933,53.46
212.76678247770562,67.96972168333453,9.490804025687623,84.75685764391744,33.95731412081696,Level 1,No,Quarterly,13.148008261340367,79.36736677794642,37.69
267.7091415397449,5.66804321658354,8.891114471339364,95.33972798949755,33.522318021357165,Level 1,Yes,Quarterly,13.200931090755514,84.1310878691955,38.34
284.5450085506327,3.4672704226066386,6.68316500055232,57.26587556731299,4.204479607594469,DC Fast,Yes,Quarterly,17.003851331432934,82.91284828925401,41.65
251.34307667927305,39.191056294390904,9.239970162953302,67.70451813620939,59.823775985189656,Level 1,Yes,Quarterly,11.137430194137243,78.05437502294858,19.58
334.43329358422716,69.71636921379805,9.459287837941961,30.90673488175821,85.4820052992188,Level 1,No,Weekly,18.290686462160906,84.24805479191647,5.26
6.381403936726571,19.343534295648258,9.29678751020184,26.795928395386746,38.15743878255178,Level 1,No,Monthly,17.61007290185914,78.29646496747725,11.57
68.52229498924113,64.15044812562518,8.27967662357809,52.949426857492114,74.0035944984177,Level 2,No,Monthly,11.86306918174274,75.72515496337563,10.65
2.6470062423497422,25.982813794029948,7.3151564352731855,29.65209171297095,62.77004136007399,Level 2,No,Weekly,17.191643817788894,84.94055956768113,8.91
226.61614995411105,88.60861088135164,9.458654914910543,33.49071212251629,37.56487354930008,Level 1,No,Monthly,16.68513181467822,83.70022527189172,22.89
314.31069213249543,89.56899442666165,9.045069834090484,125.68069270121183,14.105979949229708,DC Fast,Yes,Weekly,17.481208001109263,79.65932783301092,78.21
85.21880380170475,29.72872042813265,9.932664110360982,25.05358061216961,70.93238527759674,DC Fast,No,Quarterly,11.889285554486944,81.66376524192404,7.02
324.46209067870734,22.99937539632405,7.044924092145765,105.66256321151656,85.45651689412405,Level 2,No,Weekly,11.575903221564687,81.71228077856671,9.8
21.0935866013463,41.13039720662313,7.289826040682192,55.43250734600207,68.58544924014919,DC Fast,No,Monthly,12.364839859227542,76.9448223073046,12.52
327.05260938193,24.05315851801487,7.241293524585259,133.30093849205645,1.7878484034818065,Level 1,Yes,Monthly,13.658717031489758,77.00048633153632,79.38
123.06794053387205,67.23838432917036,9.273889186674678,83.04899699507494,21.623289439099125,DC Fast,No,Monthly,17.936649810358013,79.69580703351826,46.31
35.49728995722578,82.60646845482856,7.154175537575414,59.72493971261734,6.947998488353191,Level 2,No,Quarterly,17.3792393747885,84.11573140137698,41.91
170.055115715214,67.3092130911217,6.733309404381571,87.29306163962649,57.038609957622675,Level 2,No,Weekly,19.25451592278533,75.0999377485857,26.3
89.87179870217778,82.43504472493495,9.9949628230497,69.65454247588494,75.64776788404124,Level 1,No,Weekly,10.586295590986154,82.82505635949359,12.43
99.705515686673,39.69921622074742,6.586860240058022,93.35913840707792,11.057918706865944,Level 2,Yes,Monthly,10.115562810141856,75.57526783714654,53.94
107.5514877242003,15.631697070886085,9.42335421055603,34.889272882425274,83.83378205933852,Level 2,Yes,Weekly,16.99138829700799,79.78222114883118,4.91
281.0590642414322,73.79509473975922,7.778783945427285,149.60876536563165,55.55089783954832,Level 2,Yes,Monthly,12.792874957941656,81.37872833073476,42.92
188.70644683633907,36.047450514155386,9.445654109152354,75.32226410057328,68.9969012141725,DC Fast,No,Weekly,13.340788955338176,81.86759267082465,16.59
108.95769470460128,67.12708252291326,8.441171719239007,65.26998316195792,97.14018486086462,Level 2,Yes,Quarterly,15.468020259145122,75.58479263615911,1.44
213.61682415882143,27.064394198176565,9.655709303202261,112.32728028111444,8.368098824769731,DC Fast,Yes,Quarterly,11.024131231267985,79.18603617383968,65.6
250.65273597811773,8.122963480667266,9.741675452451194,67.30692284439323,90.12240229777892,Level 2,No,Weekly,16.4269441654805,80.83837260502325,4.46
95.41840025673682,99.25817954877634,6.5318436344827155,128.3256596537385,12.610269598740931,Level 2,No,Quarterly,13.251474462311503,75.66045537306007,71.37
144.74218553387303,15.620150793059928,6.763942615974759,79.05519416685529,39.29588066366823,DC Fast,Yes,Quarterly,16.327151243009915,76.3509455659531,31.83
42.66013266793164,98.8420993963481,7.3762555534979946,113.54259372450653,85.14386963311144,DC Fast,Yes,Quarterly,18.34006913073386,81.63648989504038,11.63
63.40227233713811,97.72799325664472,8.842603957272257,33.96891813744525,90.62542367378683,Level 1,Yes,Monthly,11.711113333374296,80.21638196590652,3.51
238.39124888774398,79.38181039080396,9.608952687790271,129.99549412216453,50.63716735451453,Level 1,Yes,Weekly,19.308730929145202,76.61828661268291,42.43
63.503421693469434,65.94229620819976,8.10979682952887,115.64333828115429,59.410463827542515,DC Fast,No,Weekly,15.306881410624438,80.35239336914734,30.11
183.80718428347106,57.78070502510847,8.624405906959929,47.52318120005554,70.81473345985572,Level 2,No,Monthly,19.229277651739686,84.12692373444416,11.7
248.16619160285143,86.61015453778347,7.159749484784464,38.88718126695227,83.27586684527142,Level 1,Yes,Monthly,12.077300822017781,75.15587584775363,7.1
37.40692308316034,28.943952161948793,9.317383918585898,61.11800533433117,12.151116953766616,DC Fast,Yes,Quarterly,16.045626646042376,81.42633773485855,37.99
198.55927687011624,46.7681212484877,9.885648389737144,146.88917618414757,81.00693082292277,DC Fast,Yes,Weekly,14.038871173236046,75.73650434605342,17.59
89.79697429547731,61.93899693665019,7.440096265201091,53.38810469371762,48.127615051161676,Level 2,No,Monthly,17.742221911560133,75.06449442964701,21.45
337.0244063331529,41.11904758694911,8.231890830601913,79.29653716306233,45.0623425108169,DC Fast,No,Quarterly,16.059089432132964,76.50654488660633,31.6
169.24097635197364,42.7486454090268,6.8014063867723085,23.90262934325372,42.389975199699826,Level 1,No,Weekly,14.945154569583185,79.2290663185392,14.59
282.09739242130536,33.02846675020844,8.45697829762039,71.63957884361022,50.92115852460426,Level 2,Yes,Quarterly,19.129854064310088,83.02343998981954,25.75
192.57928975469162,56.4231816684536,8.259742046463382,94.27160200630335,94.50505533946036,DC Fast,No,Weekly,13.771170641716802,77.81785496604559,3.6
15.194386499186708,85.0574528015116,7.005527694542772,143.90619962603546,54.82037727921516,DC Fast,Yes,Quarterly,12.199802048981816,81.25673212388759,40.81
221.60298145790782,20.152837800631286,8.047231745913262,87.17568584220838,95.31775382631392,Level 2,Yes,Weekly,16.081011868520918,79.11156637955307,2.75
332.99116977232995,93.44330387534414,7.669366282302971,126.48395240309941,18.029013061564058,Level 2,No,Weekly,16.240284371728137,77.34331791966008,71.65
210.5641370512159,68.90876537482296,8.326408063568163,91.12659353395708,72.41359788326332,Level 2,Yes,Weekly,14.390946215718754,80.14247114282858,18.54
286.7161007993766,82.32732126800302,8.549790174000798,25.30205174661735,81.22395386087472,Level 1,No,Weekly,14.866100436893824,82.97464490372623,6.43
309.4722621719427,55.619069263001165,6.5297345251252334,60.95107577467063,67.91288313348619,Level 1,No,Quarterly,19.595534142999,83.32492370056144,14.8
79.82792018212636,77.95167014240634,9.163520940323444,94.82143601804343,60.692228022654035,DC Fast,Yes,Monthly,17.32685691396801,83.46519531877237,26.83
74.21569396787933,1.620039733946721,8.995550021516092,143.57721557104617,56.48127810861823,DC Fast,Yes,Weekly,11.10601751482577,78.3855781255498,35.62
213.8433460978471,81.83804247795352,7.782002351722827,131.68694676766034,86.0930482578696,Level 2,No,Weekly,12.121300708706109,82.93456064715753,11.9
143.85996443234666,4.013885908536652,6.685275774490864,49.68622984325019,82.16465971645,DC Fast,No,Weekly,19.75576634435559,77.12178455108908,6.37
293.9514560033521,88.99133763628625,9.142263889247676,48.61427790249125,12.228872118059952,DC Fast,No,Weekly,17.26465553793531,82.38425101242883,44.34
315.0080931893039,99.19627472386433,9.843113061673463,46.1524857248071,84.85876570308781,Level 2,No,Quarterly,19.150451261446534,84.48384426272617,7.15
123.69748275595134,29.40674621767778,7.340530586077049,139.9248565193254,41.40686194404425,Level 1,No,Monthly,13.038614639887221,75.13743834690958,45.18
82.90469564106873,21.031855628579365,7.632336148079633,130.8465999032237,25.369682999581077,Level 1,No,Monthly,17.41866860086592,79.40363931178798,52.72
273.18393033535165,76.53633638580408,7.143345113186353,120.73484619288334,86.97685680139259,Level 1,No,Monthly,17.140027085235115,81.47770988414004,10.15
96.18211244184764,25.302634092025322,8.519276431706938,71.05556484914959,43.20247996337416,DC Fast,Yes,Quarterly,12.94689985439375,82.01775770487554,27.74
287.91501147978744,86.55623831722035,7.041944881266092,85.56949155883969,80.83646901768167,Level 2,No,Monthly,15.508163254507053,76.76087758269202,12.41
148.308388777067,10.28425921574767,7.746678802114828,80.36312682336987,26.34036119558445,Level 1,Yes,Quarterly,16.274151112702953,84.72183275238592,35.65
233.64246475201466,12.595519637935826,8.939545548769921,52.941753982718446,0.3929321422217802,DC Fast,Yes,Quarterly,14.811318108274651,81.15265367970973,41.35
33.437359842133866,97.91515551006155,8.46040594053272,85.6536459993397,49.545919290294435,Level 2,No,Weekly,18.271787066580128,76.64340601228268,31.07
218.35076363680056,67.38388982700046,7.852618975147774,23.96455122085808,10.022825664288426,Level 1,No,Quarterly,18.328690417979892,75.20522511712515,25.13
158.1186875580302,84.68872244289528,7.970873606326396,37.13534855466969,75.43759555249096,Level 1,No,Monthly,18.506005483015567,82.83264198789776,8.92
205.31296211141594,32.4329377351518,8.467388089181304,135.25664750196302,27.607513606941037,Level 2,No,Monthly,18.034235690981628,75.7970473944546,57.3
58.804972710702195,67.64837495206044,6.520526547605065,117.71836971408503,44.364564660347874,DC Fast,No,Monthly,14.880834771971447,76.41050921070237,41.35
257.9058107304637,59.42418273085972,6.7747845395876345,74.97289317768133,8.703356509155425,DC Fast,Yes,Weekly,13.814382981490072,80.7483002685569,55.87
301.97897714013,60.3150120122947,9.584403237170541,87.22954709690404,28.665924844725264,Level 1,Yes,Weekly,18.313762837143706,81.0350550344962,45.81
75.85893003177148,68.25324595377215,6.772576461819518,68.09985517479706,78.1490243258572,Level 2,No,Weekly,14.902014585562668,81.86887118592398,10.92
33.500094432056606,57.53591731290986,8.973812586736768,116.30138273088743,15.158791190231947,DC Fast,No,Quarterly,12.463713986279819,78.93514012663621,59.94
8.273505116217738,42.906236930266594,9.720133574381684,121.94433330017034,64.71595611269574,Level 2,No,Monthly,15.073435323222164,82.73898668966822,24.6
224.6900251551431,27.592269438054686,7.447392615056059,119.22707472641068,91.74258528045011,Level 2,No,Quarterly,11.418498219192422,84.74358599615888,5.8
212.48291263107328,76.8581330913202,7.7967200297083,113.93952422847845,67.98367597577203,Level 1,Yes,Quarterly,16.91629490598799,77.71094943079883,24.11
191.3440944499245,22.62724300031862,8.491224920456506,46.58556403006346,81.10216892922269,Level 2,Yes,Monthly,13.359212816239063,82.03028616537947,7.16
81.1814836405914,69.23543061544142,9.585981393735047,63.936097301262244,10.89716293039158,Level 2,Yes,Weekly,12.606587984474544,84.28468652395156,45.65
136.81709856693013,23.333282264932663,9.796669555411471,81.07990654787774,25.073182600205445,Level 2,No,Monthly,19.56508746234745,81.86286762617043,37.7
208.06671731516056,62.53301699544539,9.088471368389438,63.00308888559523,89.4538852240591,DC Fast,No,Quarterly,17.768809957583077,81.8110949864426,5.25
173.8684006007093,74.70782671290289,6.803169162991429,118.14222602058277,71.51056136180893,Level 1,No,Quarterly,17.870695027239314,77.23772569085206,20.84
345.7249320752106,21.87138889065392,8.842039544371978,62.815958152494105,63.95538263773112,Level 1,Yes,Weekly,16.237219692791832,80.35130200319693,17.34
47.753913394856596,5.994330086130828,7.936063026554317,37.97017128209383,66.37667361217,Level 2,Yes,Quarterly,18.39172810510297,80.6252284360458,9.13
243.30059391665782,13.097374299417408,8.147453498218717,71.87525876627953,41.420055430464345,Level 2,Yes,Quarterly,17.591624811633814,82.00129562455953,28.64
141.51156883650225,60.59969672710255,6.6720193662081195,147.38887626170944,4.455663161765322,DC Fast,No,Monthly,15.987737041336166,84.96821449896183,85.48
149.86986522396518,84.94464062257356,7.168717487712254,49.36458368136486,78.4441542070729,Level 1,Yes,Weekly,19.611244018517173,75.33643822543762,9.92
251.1592179803617,4.499682123542437,9.266797626367767,99.58062566261978,67.87132362153538,DC Fast,No,Monthly,11.915949496844231,75.65232661267487,19.65
242.35265296352938,73.41512590416463,8.088855915667509,76.28649647916183,47.28044641127247,Level 1,Yes,Monthly,19.433797189947512,75.77950069430919,30.81
346.9395977957659,34.13186459500521,7.555817845709021,29.23319379441246,89.97596153682575,DC Fast,No,Monthly,14.014381619988649,82.42979134488957,3.38
44.93800130894383,47.85283699195225,7.844066758877354,83.42395877974774,33.615966498509884,Level 2,No,Quarterly,15.283989834014866,76.36353795110757,34.37
36.43837728445822,92.88595498455656,9.490398296639881,111.28136272428063,29.43217442312359,DC Fast,No,Quarterly,11.227393195443089,81.22451874490345,51.69
253.5185859950594,33.19715047358455,9.121496560917349,86.71859685761643,87.27963250794429,Level 2,No,Weekly,15.401074389217909,78.24668877893458,7.39
202.4354209522432,46.5336933939486,7.453103890133789,133.37378828705553,79.69876547589855,Level 1,Yes,Quarterly,16.112067518581934,79.5731995621071,16.27
95.95623329593205,1.3682414760681105,6.911256440743307,57.56181216548575,51.49798106483448,Level 1,Yes,Weekly,19.97701541808524,77.15663159817414,17.95
27.79677914614531,8.159872000483837,7.381993775754251,31.21239226951544,13.073473945784997,Level 2,Yes,Monthly,19.751924110715265,83.66106561304542,21.52
29.980387358750686,25.859159113478402,9.722647578691568,141.75352951554078,21.507147146505247,Level 1,No,Monthly,19.66397291874287,80.86150324163026,59.14
312.9668061324414,2.7852240821074403,8.535560932474144,69.16552543866848,65.62279904088066,DC Fast,Yes,Quarterly,13.483880601020573,84.44563263582253,17.1
67.15356365156002,63.1375326048251,8.36718073060674,94.93272168897234,38.50412378404117,Level 2,No,Quarterly,19.912664987450434,80.7459624970433,36.86
113.18004674043226,42.63983568016225,8.587377598923615,122.96040639692548,83.64731916659713,Level 1,Yes,Weekly,14.55478151595111,76.23908030596947,12.2
79.3297407794458,54.814520272802206,7.781098930112803,62.16077630382548,94.99550093322041,DC Fast,Yes,Quarterly,18.518362587619006,76.70870433838475,2.42
124.24870704117806,17.464718589632955,9.324874571118295,113.10138996308945,80.56369252749182,DC Fast,No,Quarterly,12.163199690189721,84.89073976367847,12.75
24.298344961132678,29.593202943661613,8.331501872550874,37.604450476317645,37.754542299555716,Level 1,No,Quarterly,15.058331796566023,82.25565197330867,15.4
181.67092681789464,66.38244748527251,6.908617659690784,57.86818713671568,78.8686429231424,Level 1,No,Monthly,19.660120961276053,75.4927875002909,9.34
23.664397257275215,96.53027236303998,6.951727936901721,38.81238269774759,35.14416734706835,DC Fast,Yes,Quarterly,19.470313969234276,82.03781005034665,27.04
280.12477773782655,5.04167736022092,8.379007012759164,125.45997259217651,16.71000877656339,Level 2,No,Quarterly,16.837348778214267,79.12173046809612,59.41
81.79922866865155,89.03843208552661,9.777995763247937,48.9444005794821,3.3393204865857395,Level 1,Yes,Monthly,17.978143225530598,78.0720838682319,42.36
189.0041701115787,57.68812013112085,7.579232425866696,113.26246220267734,38.571671276102,Level 1,Yes,Monthly,11.764266966024014,76.54060793730534,44.7
308.02768064651036,56.39195667556237,9.543394091007265,142.62879164193484,90.35593036972818,Level 2,Yes,Monthly,17.216585494841574,83.39903954556566,8.81
227.80707916651795,50.027853520776034,9.174334553026078,88.61038717895401,23.89865877556765,Level 2,No,Monthly,16.180508083353722,75.638413789891,45.47
186.53522529296737,6.9394085904183385,7.367343550174174,90.2037949938894,20.6513164929784,Level 1,Yes,Quarterly,10.91551735751246,77.89835462379641,42.48
113.51681359038146,8.987685173616066,6.627192619106848,79.93436385271556,96.98207852410403,Level 2,No,Quarterly,11.131590065896763,78.06382893825705,1.39
116.55066957036928,60.09120056590861,6.85646542799834,62.36571864117356,2.500411285059212,DC Fast,No,Quarterly,11.084436177512618,76.609052839635,45.84
234.32043431936654,34.09585714355583,9.049728768466041,81.83515402023923,78.57821503937544,DC Fast,Yes,Weekly,17.243569348298358,80.0818488328687,12.94
347.94877642740863,91.72680665776807,7.198844083142263,98.36497919467872,32.13699557408704,DC Fast,Yes,Monthly,11.417152082475724,75.11702626810893,52.94
231.64371644728251,40.659053735947225,7.799448221768879,148.17890438218572,3.7487956869659333,Level 1,Yes,Quarterly,14.677322711144704,78.00975515410408,83.85
195.22419607950872,14.328145870264109,8.255947081022487,141.90939271136915,91.78025402095837,Level 2,Yes,Quarterly,13.569818058777578,84.33629444033065,6.71
255.72767858373612,71.4718833502036,9.03913858957557,132.07988457810583,13.96423302095836,DC Fast,No,Quarterly,15.505041407702178,78.10529569342006,73.35
162.82196429930136,29.335342144100984,6.896309281406939,135.58696964163158,55.17792837256954,Level 2,No,Monthly,17.06476487219403,78.60459387106752,34.92
21.049819910274824,52.54703073558932,7.922282418471115,80.82039382796557,27.405420742954778,DC Fast,No,Monthly,16.84722537221332,79.73165048234071,38.93
196.80388555726844,69.783278550517,8.197755181999433,105.46776253307043,6.519280218469103,Level 2,No,Monthly,15.155199159143766,80.61693374851475,65.34
335.1688495768831,90.02641112020704,8.392894723900389,136.35867398170785,4.992248566337909,DC Fast,No,Quarterly,14.643348736103855,83.08708644820744,87.14
61.356029825180876,79.2191194801676,9.364262244883259,71.0835994488759,11.555669883633879,DC Fast,No,Monthly,13.978155951222586,76.90321223156018,47.42
241.501711787233,67.63610678727241,7.100873682651259,145.02912218491093,7.136701388938005,DC Fast,No,Quarterly,18.619099483043794,83.71746377192557,84.14
70.32679103066977,67.96331823951436,9.327410081393179,74.05218806899379,76.05581155199229,DC Fast,No,Weekly,13.30851804872645,82.5754935714389,13.09
187.53968956557844,94.59246440320865,8.925074496938283,98.14074650111803,48.556620228342915,DC Fast,No,Monthly,12.59365821167495,82.22650334661556,36.85
33.83675737635187,29.582409749653603,8.445547849696357,112.27461272540835,34.289209134897966,DC Fast,Yes,Monthly,17.43315493655271,75.86804573714635,45.21
157.6298276903648,0.11120941961874076,8.948347546409002,143.576961699872,41.83689101320071,DC Fast,Yes,Quarterly,13.597634616967264,75.21640689974585,47.42
264.65716511333613,27.19545593981987,7.942062086330798,51.800115626794586,92.89467355726234,DC Fast,No,Monthly,18.469985997572685,80.94012700908084,2.96
121.65003348364372,21.7891379626744,6.984391550888436,116.99702717102349,91.07518127381472,DC Fast,No,Monthly,13.278887186371447,83.63133962523162,6.16
232.7191035705263,66.18345851139982,8.830178340928786,87.70602619873068,71.56764801225769,Level 2,Yes,Quarterly,17.01944824574588,80.84441464140636,18.11
278.4074862764052,63.3711599765529,8.336353073399678,54.912428280683336,88.46823774216878,Level 2,Yes,Quarterly,10.45109006285336,77.13234865445531,5.6
324.51223681780846,59.34613827047238,8.737811801899714,120.95888917353078,31.964802758762477,Level 1,Yes,Quarterly,13.855628801103201,75.90519897949213,53.6
82.12472864940874,1.62434432094537,7.682995733599715,91.78889642260005,38.110932600828285,DC Fast,No,Weekly,13.432301749675515,81.99596452817735,33.52
139.76057053325786,72.87780544506475,9.674033020689425,105.92659668445785,61.371218185422805,Level 2,Yes,Quarterly,18.166787392759232,82.21770277317809,27.52
53.3456046656461,32.353041248549154,8.555794540014519,61.977138915127135,62.36259472972642,Level 2,Yes,Monthly,19.6705540322831,76.72531700687108,16.37
347.36922575543133,66.50559890066312,6.798908695018058,82.56561373758865,48.169983801234096,Level 2,Yes,Weekly,14.608812766929614,75.28190315496536,34.15
324.45033877350335,55.65784285021533,8.0743139674655,100.25605262844871,40.06578484379533,Level 2,Yes,Quarterly,18.24836277153758,79.08283513223196,42.15
188.98499559819587,34.27309254279072,9.14724619160272,72.63840585507972,98.6180311608695,Level 2,Yes,Weekly,16.996947009573653,80.82718702133022,0.73
294.71165303174746,13.457626710410775,9.279470966062952,45.788430180201175,82.11236261177244,Level 2,No,Weekly,19.673859876636932,82.0600240956719,6.55
182.33529204521477,9.441889766048096,8.231089684673156,145.01326400098952,43.49801978880452,Level 1,Yes,Monthly,18.111085143428248,83.09945009152904,45.82
218.25499080096589,83.15183331122236,9.631616497909555,86.49078020554026,72.72924772395685,Level 2,No,Weekly,10.774780659637305,81.10537427306733,17.49
31.193551240605817,91.8397542081558,7.436839530180041,115.40964813740106,26.95616932524595,Level 1,Yes,Quarterly,17.13281722382236,76.10880608598485,54.03
264.3446471738828,64.97880467642996,7.937095440333933,73.43613516228756,10.016932623732988,Level 1,Yes,Weekly,15.354997154223735,81.82581672142415,51.64
44.69971927233219,10.343411486048337,9.645089186991395,66.16712932334312,35.24310255527406,DC Fast,Yes,Weekly,10.164360579323272,84.84176642894882,29.29
289.1236705883849,40.20272168882407,9.636898507650526,72.93135880072626,40.29728001233942,DC Fast,Yes,Monthly,12.513129587254436,84.05584584597403,34.18
273.70983068463505,72.89392001051573,8.899994690886384,73.19556369213447,1.6537124560670802,DC Fast,Yes,Monthly,19.21755245026893,83.71668909269513,60.58
248.06064421004174,77.9820884010068,9.50643191492777,90.74341507245397,81.47920016358961,Level 2,No,Quarterly,19.26061372786753,78.02170153358341,11.88
12.65613318366674,11.82186222910886,6.810706434346814,90.65108309757721,35.91934023891815,DC Fast,No,Monthly,17.988504602006344,82.50788176454,33.61
106.09492458086501,0.003071884538241587,9.527482416727217,84.62999606477332,58.0418165780147,Level 2,No,Quarterly,19.817796032779896,83.51103445965146,19.74
92.08939946879501,71.2137045880605,7.622169672925794,37.522152039266956,7.396318727095597,Level 2,No,Quarterly,18.06545224624205,81.78326204631263,31.56
126.04774261503168,35.659617598620564,7.124160293498758,84.48981220506904,17.499682875058397,DC Fast,No,Monthly,10.102041872852451,77.5056175656798,45.73
30.67496136734349,25.448133161826025,7.337794427197162,41.983507054684694,88.969372532756,DC Fast,No,Weekly,12.878343403015117,84.53833971874958,3.58
327.935238060872,1.289746978952544,7.962889778048605,36.39765221844947,60.86875278828008,Level 1,No,Monthly,10.306241822377629,79.50819411458676,11.01
193.83078424933169,54.02994067614997,7.379172016115636,141.2439432543518,95.02840501704856,Level 1,Yes,Weekly,10.941079687375595,76.29805558665879,4.31
106.93350873030825,85.11507354259817,7.621986551057747,98.64350170920156,99.87500343913169,Level 2,No,Weekly,12.18840816950776,76.09777895057393,0.08
138.9435309759992,95.76316462725879,6.972424701250747,105.73370755619595,37.18601153330944,Level 2,Yes,Quarterly,15.035585463255224,81.47518987299046,46.69
156.5208891766925,56.574495061328925,7.536618679456495,72.23317714333729,29.880306408327463,DC Fast,Yes,Quarterly,18.475320034620175,79.3770964641674,38.69
210.20801667621606,51.44613277398942,8.502993350897004,138.16751594893236,85.83560551590968,DC Fast,No,Monthly,18.61966756157108,75.94483875178963,12.09
180.4877996937742,8.50563854892411,8.046487978318723,102.93096364535651,99.86114270374541,Level 1,Yes,Weekly,16.162018585572966,82.40364572156095,0.09
321.7871906250461,54.887280154259976,7.713515664325689,119.99208303806637,62.96412342324573,DC Fast,Yes,Monthly,19.28175939066235,82.9932516725862,30.6
173.93721901704058,37.99790789653946,9.112582450999898,67.9131209736028,79.51407225115223,Level 2,No,Quarterly,15.000623265902082,82.25415630786452,9.4
347.2553051881594,60.71352808835769,9.627284899876614,144.80154450648632,78.17458588152745,DC Fast,Yes,Weekly,18.890360441332014,77.02260877684013,21.16
297.99873521078354,38.87263478765467,9.14876228015839,126.65996772058095,35.533970821954696,Level 1,No,Monthly,14.540652563320121,81.89775455996069,49.03
72.97868002506753,24.029912345036674,7.662002457411877,131.01330019189066,57.42703802570872,Level 2,Yes,Monthly,12.772250074218823,75.10722802894385,32.32
325.70832512537066,9.49652752283765,9.105547587431438,42.38525476534805,83.30569412642136,Level 1,No,Quarterly,19.164129181004277,78.0511213967841,5.2
40.728239259916634,31.491844458889574,7.031930638659179,55.22521702325854,68.81138762610554,Level 1,Yes,Quarterly,13.879350756788693,78.98821531407543,11.49
286.10739797191707,9.664483428775227,6.956112958319518,57.13145795886502,2.116381398203826,Level 2,No,Quarterly,15.034041088444617,83.35246948885502,38.48
133.21815271680302,17.689695082398394,7.709694629626556,55.21819902209325,33.67056688975335,Level 1,Yes,Quarterly,13.288606325306773,78.90394373069404,24.56
307.29101215577435,98.73361585795459,9.3269582916542,131.20306107355742,14.447569659460536,DC Fast,No,Monthly,16.6283760029073,75.11269446189398,77.7
303.8198415376076,44.41035569066186,7.362218865348057,24.145023377116974,23.297221207803908,DC Fast,Yes,Quarterly,19.950312250060357,78.52346411828009,25.89
282.0738900411674,53.187176650501655,6.721386931145378,29.89299856750066,90.54894774913257,Level 1,Yes,Quarterly,10.255135488647696,79.98924098359288,3.14
276.5106527074715,87.36185287372153,6.960983373222243,55.60893318188748,3.689328891076815,DC Fast,No,Monthly,18.998480060071014,84.49004786672774,50.32
106.63769868431427,99.55689004906878,9.50560738985353,45.983486704427676,21.980071196192373,Level 1,Yes,Monthly,10.039260569892654,84.41034303789544,34.68
28.321749067938264,58.27144493446815,8.718241496615507,50.141749804770285,30.956935223823145,DC Fast,No,Weekly,13.642278811462111,76.80874038221411,28.22
141.04306256780652,81.24738210441717,7.386204071794919,123.732614602929,61.68840719663948,Level 1,Yes,Monthly,11.686068062895142,76.85146541739452,30.65
60.733580245278034,32.694102433667524,8.443535388648634,93.20645720596609,53.41016900858655,DC Fast,Yes,Weekly,17.573417806725512,76.6338145646455,28.75
243.2328811158616,30.57439574472911,8.346528678488726,20.750185968085837,21.82694828533861,Level 2,No,Quarterly,10.506108407571734,82.88921932414104,18.61
121.13490428822493,40.27037209945602,8.794025924542314,75.81195954154538,16.424106722315447,Level 2,Yes,Weekly,15.534849535843279,75.06022040368407,44.96
341.4635703009702,67.25072626736491,7.316156440475657,73.02504049054666,23.679803459611882,DC Fast,No,Weekly,12.949261338453127,76.27177198191877,46.0
224.3402270708662,68.21916892550988,9.525410455180392,34.81288502779066,50.25296267016556,Level 1,Yes,Quarterly,11.33670248864702,80.379596316441,18.1
287.86819727202635,31.52394346494508,7.5827899672800445,107.89843251818942,27.117778571120343,DC Fast,Yes,Quarterly,17.71818212102641,77.47562066886765,52.32
46.383635459646946,13.320992413662868,8.92946078891683,111.27263448933384,94.76025016077222,Level 1,Yes,Quarterly,12.174168342552568,75.92356458239261,3.21
301.7050687954179,63.239625646550856,6.556436262302752,113.7161184767727,46.38652214288476,DC Fast,Yes,Weekly,12.23675212054939,78.59878012333834,43.61
322.965016679688,12.832586218876452,7.804299954629515,114.70122292261696,5.879601654463706,DC Fast,No,Monthly,12.75076785137923,77.74207605060245,67.05
170.47167158662756,57.84925082293301,7.730984362855829,20.006867501198585,72.92664058366334,Level 2,No,Monthly,15.867667638280274,80.11104306514285,7.2
212.1885282128421,69.3422128056309,8.40219550004055,144.0097045000739,32.884528820898964,Level 1,Yes,Monthly,16.596659316907484,84.79233593830196,60.19
267.68343031604843,70.06114963944516,6.754576916220188,125.8471397171062,65.34889320582475,Level 1,Yes,Quarterly,10.17602523701345,76.24304636814918,28.18
61.19351954114439,75.34721106595967,9.26545980804138,137.51762055660708,27.9594370523232,Level 1,No,Quarterly,12.418696361137904,78.72726704834095,57.6
175.89812676220484,87.28594215656645,7.26223280618649,22.033628389966438,57.07437417333199,Level 1,Yes,Monthly,14.309708425052829,84.31985017872475,14.09
139.53205972030958,49.995899196478845,8.869632352087036,141.40164345214612,77.21525048074646,Level 1,No,Quarterly,13.319769521612331,83.76873043493822,18.24
51.23089725678719,73.02491895295712,9.311242431354326,125.2725087294536,92.8008741774554,Level 2,Yes,Weekly,18.84170658510886,78.9427103478428,5.8
128.637047802036,61.91727353658367,8.466569346845295,128.83848858463082,26.112714443307706,DC Fast,Yes,Weekly,17.877087308864187,81.98953264519736,62.4
23.86030828492275,18.663993979768257,9.09309122352695,32.127360013855906,33.485695099898116,Level 1,No,Quarterly,16.258902155388277,75.87857013581346,13.69
9.034167432320444,2.568964486940817,8.816511092752519,116.0411437594177,46.42664202859397,Level 1,Yes,Monthly,13.380424159970397,82.12541055543615,33.36
47.30820120418797,28.454138567693377,7.744354290032026,144.78916965347184,92.71748377359889,DC Fast,No,Monthly,17.0067234484616,84.72857729484741,5.94
337.09028905621085,44.30337063376194,9.331004886617478,108.21115438436088,90.13868568106571,Level 2,No,Weekly,18.436380128457944,80.37488152834192,7.09
192.33533756325593,61.71059444286563,7.531454794599348,94.17298260119884,8.987828010063803,Level 2,No,Quarterly,15.948303773589867,79.98490227034414,56.64
338.037756403627,84.99593305032053,8.49924521213031,142.9318581073696,13.192982575381084,Level 2,No,Monthly,17.844614668933794,76.87318619701911,80.93
151.3742574155462,19.624571670616564,9.108892086995388,77.58182582547667,49.55091773306383,DC Fast,No,Monthly,17.49104961399748,81.33788198907291,25.45
109.13564657984085,12.55497898984771,7.826345684343776,97.90816362036223,10.661927280542349,DC Fast,No,Quarterly,15.717373111603223,80.90437280778914,51.14
177.14965199408545,96.34799474743275,7.559686626660987,81.9239781542676,34.55808733486975,Level 2,Yes,Quarterly,13.12183216821511,81.5193305947575,41.79
153.82909102151854,10.80445593764071,8.10771103560488,141.2700087768389,14.838537821747765,Level 2,No,Monthly,17.45782158001272,75.26083286684722,66.29
36.98263949161037,47.84910701071892,9.362872230222038,29.891014479515945,63.604035513188585,DC Fast,No,Quarterly,12.067963663576064,80.48723488349074,10.15
224.28921014157217,58.55637287933019,9.754726171009827,85.14556110729526,94.94954317391617,Level 2,Yes,Quarterly,17.794883464715337,80.94934843497373,3.09
75.61336387835986,54.137442090743825,8.407791945009615,109.30381738010698,99.67337702943814,Level 1,No,Quarterly,18.04546692142533,77.07530135412802,0.21
216.85578421424034,8.603215703294321,8.815131718632781,122.9478499948908,37.52411324969148,DC Fast,Yes,Monthly,18.22144879570373,77.08332857488536,46.97
227.57038233935367,5.702691400361937,9.6614576778362,95.79242416773772,59.901263711461226,Level 2,No,Weekly,14.729159709784575,77.7621816851095,23.25
53.20869859502684,10.548342746103568,6.844913979945298,138.15930673578902,85.62676535240813,Level 1,No,Quarterly,11.924807677704216,82.11721591727238,10.21
21.472369488733854,58.55876838726125,7.312275022531578,142.45888809490333,11.746207279638398,DC Fast,No,Monthly,10.997236000660687,81.06266063532371,74.19
273.26655512395394,54.43448876343211,8.981150021880538,28.361499015165858,68.9564411051965,DC Fast,Yes,Weekly,17.433612504879243,83.45762646117805,11.95
160.93014831926206,23.374079203674427,9.383105616693049,72.30817014037866,40.88436617250682,Level 1,Yes,Monthly,18.86261384529813,77.95658571843099,28.17
20.357328426916528,63.777414184559156,9.499601599157023,23.04967282375008,20.614616028016407,DC Fast,No,Monthly,16.508383588369067,84.12068059888318,21.8
348.2032110094185,82.00675020556494,7.952875118992264,62.82416545867758,40.2753618747442,Level 2,No,Monthly,11.441600603883696,82.43706161983359,32.61
20.223196348728322,4.157895984659376,6.812689658021534,89.79286833617827,7.596028696491686,DC Fast,Yes,Weekly,19.348964485175742,78.95011670013697,50.96
243.2623301004936,49.81299435480424,8.03223517054867,138.40334096629334,69.54071485893057,Level 2,Yes,Monthly,19.891020145393195,75.95262065625455,26.49
344.28762384219476,68.93104121026903,7.307571065724688,130.05206192050235,25.27426687484531,Level 1,Yes,Weekly,14.333786099349219,77.56983662487482,64.97
83.71303647557397,25.23119270696871,7.519187592488184,36.57496446735814,31.1405645044878,Level 1,No,Quarterly,15.948252892737713,84.56768217214851,17.22
49.78727904051866,30.77709052931491,9.20293644893127,32.09394871631644,12.108129824146275,DC Fast,Yes,Weekly,17.772285200016576,78.1036337588408,28.0
42.48472879785011,61.36379029893838,6.764344801090604,96.60475403836672,86.46591138898917,Level 1,Yes,Monthly,17.363897900500447,78.29900960149064,8.38
106.14630164865844,89.7935293443737,9.396534261182458,89.17533641964175,49.34442792827386,Level 1,Yes,Weekly,19.677871919334493,76.89588931097717,32.83
35.36603385372634,80.99244203028994,7.996841800384592,54.6290933859031,57.21468777864003,DC Fast,Yes,Monthly,11.14883091078789,83.06850601138765,20.69
242.25646959294616,58.31302190995835,8.586223758852082,136.92890099199857,56.94326830948546,Level 2,Yes,Quarterly,15.807248661428057,77.75644230242277,37.21
21.80212934552194,73.02217177572491,6.813782809324876,140.55763323000195,41.04931145413418,DC Fast,Yes,Weekly,16.919314196730923,78.30258248368855,52.58
178.2977448524264,36.482247020779866,7.6807567742504785,72.33948698422114,19.25299154381395,DC Fast,Yes,Quarterly,18.9009842418767,79.14348108431626,42.72
348.84389884854187,64.09655280987577,6.81395321655196,135.73933242475763,74.51327484983999,Level 2,No,Weekly,18.741096277181505,79.3372827977461,22.45
284.8895943271066,46.6181591127557,9.865403030083883,69.91335625418644,12.705626535767433,Level 2,Yes,Monthly,19.779997935612897,79.11340790415022,47.66
215.32680338085382,18.993613645756092,9.325415772641877,115.78618813786102,10.38737902788105,Level 2,No,Weekly,15.12078453937679,80.03743695374729,61.97
107.18876727531408,70.17382738772572,8.10871464024761,81.87248828120414,71.01450375965034,DC Fast,No,Quarterly,18.307608668132268,83.14512879616403,16.69
218.36354270207346,55.646463734882204,7.282608919132849,35.93581034593379,20.883702045198383,Level 2,Yes,Weekly,14.272817081273278,83.19285040742022,30.88
184.46451236907808,35.86215819535914,9.767092868374483,140.6314461608128,30.67727513528323,Level 1,No,Quarterly,14.223138778560322,82.98313133763347,54.58
149.12918436163002,91.13391900786307,7.706088085044401,79.03255713907976,47.522746700174025,Level 2,No,Quarterly,12.533483644728591,76.01124839116487,30.49
45.74863185906982,2.0934117826733267,7.063445510905812,115.48331524191248,44.93513167295462,Level 1,Yes,Monthly,18.182372870192296,82.99678803274814,34.56
310.31147533416333,31.5773151249496,8.471075359588841,67.73259587606799,70.85791250649991,Level 2,No,Weekly,19.858151058135157,76.20251773486576,14.58
157.42462708746288,5.688139777764656,9.803209421206857,22.454514214910507,62.3431793443361,Level 1,Yes,Quarterly,12.563417283472578,76.24723770052258,7.6
68.11787913726778,76.65273162216272,6.513406016751129,33.068946629938665,64.43961622818657,Level 1,Yes,Monthly,10.561315880210723,84.4786277163496,12.15
128.71577280705137,70.21074541137926,7.333436951388996,84.50853233369017,71.40543306554574,Level 1,Yes,Monthly,18.155424374190073,83.19397844705541,16.97
144.94541338512445,33.13522187363171,9.784566741436427,109.69536642642711,29.261272742346534,Level 1,Yes,Monthly,16.20230052534756,80.52410466868008,47.12
289.638263448406,67.5662902207073,7.098800884000067,63.515592455306276,32.233331180047365,Level 1,Yes,Quarterly,19.596988005510042,83.74970204477862,34.95
256.7650331964907,39.593722619594985,6.896352080739369,110.41349969309455,43.799774789555414,Level 2,Yes,Weekly,12.522392190769523,84.89364642551863,41.26
269.25671277446895,75.62537914224343,8.495655255299315,110.82262662615429,30.74621730335261,DC Fast,Yes,Quarterly,10.710276580012811,81.10642066631777,54.67
3.860942550026525,45.41836627367061,9.516453381531905,111.51166795261801,98.49378689708634,DC Fast,No,Monthly,14.924422608665015,81.12898436981519,1.01
145.65389936291652,41.22797278316656,8.169884361928741,84.0278410226661,81.40519264214296,DC Fast,Yes,Quarterly,10.854660229651476,82.54427029159928,10.87
168.47045307236326,93.4729915488301,9.980974898395836,138.93519951579552,16.465468825602958,DC Fast,No,Quarterly,12.617900011027075,77.32138952365332,74.87
6.71729688806984,25.087909989070024,8.877100948382974,83.59554733748003,0.5594155881869511,DC Fast,Yes,Monthly,11.259778608191683,76.67124861518799,53.49
90.93462306076198,12.044733999656543,6.759262175236567,78.53447515456295,4.278326824726786,Level 1,Yes,Weekly,12.241321796600786,82.59580750015073,46.39
266.10143809274723,58.45431132594582,9.974912460886914,45.91950647138151,24.406345104292527,Level 2,Yes,Monthly,11.061446528213919,78.44904794994102,33.49
47.98839700514967,96.93218122841789,7.927629828730667,59.99516135632375,11.429128583685655,Level 1,No,Monthly,19.539059994272854,76.35070356305934,41.15
187.35854600840707,37.783921372718666,7.505908868459189,25.503484027379436,53.33381148925721,Level 2,No,Quarterly,12.785627134497355,78.14877725917749,12.05
75.32065520603312,6.203676362878152,8.4525771425226,102.35958817010213,85.79952227273586,Level 2,No,Monthly,14.438975859925655,78.58636867874576,8.05
4.242271125362645,33.93052673095674,7.565076571373025,52.309646710522074,73.67502209132275,Level 2,No,Quarterly,18.986118076342223,84.6522765950569,8.94
84.42051015983952,50.593165431955846,6.802601274920534,59.54018308311046,21.560906308219042,Level 2,No,Monthly,16.773215879614742,81.97959711087923,33.41
341.55581421851883,16.19230066322137,6.504999200777118,120.20588781636175,39.929925602578585,DC Fast,No,Monthly,16.180374805617745,80.30856317399734,44.92
280.53798915904633,65.8102218056492,8.073541735220918,62.53875381098901,50.78942095312776,Level 2,Yes,Weekly,17.055631903608372,84.68873138682605,26.89
335.8518255123617,99.77493890102006,9.429021977793074,51.485465961708485,81.02058495033356,Level 2,Yes,Monthly,18.28822257105382,84.03139740474181,10.32
170.74891537422687,45.17394759814438,8.503103149705268,41.97750738738175,83.91216031061649,DC Fast,No,Weekly,18.77669267851761,80.12000856614159,6.17
38.407669537126225,35.472855673021265,9.997225546302044,120.73159228365427,90.97183119077759,Level 1,No,Monthly,16.426396706650266,84.05679635376981,6.03
191.78582114079254,40.070416683446666,7.5039632597652,36.861813538703494,50.924525050287514,Level 1,No,Monthly,18.900072746940577,79.04304658062657,15.06
159.03206709598632,11.514617839520113,7.481592726660193,78.98798883254597,69.4274746435863,Level 1,No,Monthly,15.353975274254768,77.30420665356624,14.11
295.5249789588656,88.32736014262238,7.059123110818804,85.90091509003527,11.180037123393715,Level 1,No,Weekly,12.772908562684234,77.32678176822085,57.16
34.328903274485604,41.4825655521352,7.074222558928673,109.3606886491429,56.52889599539821,Level 2,Yes,Quarterly,18.800767088838445,81.62315524442127,28.73
170.88439795762235,38.72744114248413,7.498153086035167,102.32685270328942,24.869180947113513,DC Fast,Yes,Weekly,15.414728274130871,80.01070320707277,52.17
52.51703264289449,65.96902729304743,9.274940158457344,125.39368748287272,43.17168850266111,DC Fast,Yes,Monthly,19.061375875672343,81.58950847005447,45.82
113.636574411521,44.203342093112354,9.670148767227568,25.81768641041096,63.40505083067194,Level 1,Yes,Quarterly,10.401678139505812,81.8607596426217,9.58
258.07497708572987,64.8233468807846,9.912805093976885,58.53729422132164,25.698593785378108,DC Fast,Yes,Monthly,13.975157515412356,75.22322872897718,39.43
166.60634527906828,6.144629013078751,7.313013789337584,56.417435440799366,5.218505779676108,Level 2,Yes,Weekly,19.47805018362468,75.54039592347902,38.62
131.56089980101927,81.37233437222274,9.58454140964932,38.982197726974064,1.0233856408757513,Level 1,Yes,Weekly,12.496500927583028,80.3267772659125,39.7
138.06669749951237,94.05039528794026,7.648892812470679,57.593173001337604,2.2159535544521547,Level 2,Yes,Quarterly,19.415362460384927,76.91035477760077,49.84
160.80636894209533,64.8765386159386,6.8949419058090955,60.26949083857745,0.8349737513769662,Level 2,No,Weekly,19.539024611292497,81.3253376880444,47.29
274.75579034296993,95.45659288588108,9.54508723932058,87.84498005057218,11.035505655787547,Level 2,No,Monthly,18.82142314225861,80.52185739170648,59.44
312.22964112908204,15.143231436996329,8.726369721252665,106.28158226041329,23.948871457012988,Level 2,Yes,Quarterly,15.636680450932987,80.85760358370891,51.16
334.36714027637487,47.74161894803537,7.076558136283716,69.54306676953583,22.12215141822992,Level 2,Yes,Monthly,16.469394490806387,78.02455379831011,43.38
275.41618518935326,60.180673394544726,8.00440940129551,113.53113007073955,98.67965941798967,Level 1,Yes,Quarterly,18.69616998449869,81.39843506277897,0.98
110.39241351180445,58.17366474211867,7.505401932069737,63.701494015345396,30.60061052089432,Level 2,No,Quarterly,17.758970823891843,83.29492636485023,31.4
240.84714713028976,40.14617790890432,9.07878099048569,57.73687805091885,12.74207833593991,Level 1,No,Monthly,16.300938494554117,84.98071253592238,36.51
153.16109341938719,33.80844093662614,8.086956807184938,90.35444726141317,54.55625441677579,DC Fast,Yes,Weekly,19.822594078707027,83.38444386172215,28.45
89.1347177161179,12.68240225504188,9.962479807872347,23.08312683975278,85.79574553975084,Level 2,No,Monthly,16.85676636333694,80.57498759679947,2.83
294.30505279907294,39.17424505622782,6.691607437908583,30.37258607242005,67.80603767876752,Level 2,Yes,Weekly,19.754819924477612,76.93429591679957,11.52
13.449222136813749,16.266081510548513,7.742553431476863,74.33604066624852,29.60820891354503,DC Fast,Yes,Weekly,10.573884746070908,81.81445876119821,34.68
315.61669724739824,73.43656764922184,8.186650584884921,142.57865248092833,56.161615979145495,Level 1,Yes,Monthly,11.389603707422125,84.37653785557978,40.3
161.51711261865697,20.883093549458998,8.260967441619119,113.79653137964507,71.48559742004092,Level 2,Yes,Quarterly,14.514588460004905,77.11866539732303,19.46
223.02051688289816,5.856530528453385,7.605775378349729,31.456454035072507,72.81044923677423,DC Fast,Yes,Monthly,13.848794608843152,77.55995620526578,8.43
230.77387277202394,55.236613781723435,9.052340871841487,130.0213416615136,66.65384552976889,DC Fast,No,Quarterly,17.827348413570277,76.49008543411651,27.15
313.2912092472877,59.52297327194016,9.561614757211412,115.19910017906354,87.0810424775618,Level 2,Yes,Weekly,11.606140264692037,82.36721643626402,10.31
222.83438875852255,87.19130612805056,9.785517556922521,99.42304834134491,87.01054583441044,Level 1,Yes,Quarterly,19.760951791114884,79.06561503423659,9.1
214.8767546660216,57.69816124176819,9.317826818798341,126.63808487919306,57.89365594070033,Level 1,Yes,Monthly,13.15065875260914,75.62695638886385,33.59
23.328214196241486,34.54808537234457,9.477030690573098,72.53428020658443,42.985636911121226,Level 2,Yes,Quarterly,14.289237077401594,83.7494999149028,26.9
181.44280768082143,80.30118815263205,8.426908552169984,48.795136611000856,64.15702955650998,DC Fast,No,Weekly,12.74745032440023,80.57671904702566,16.78
52.55915028596458,54.027889318742105,9.39060879249385,86.56304058413872,81.82120013704632,Level 2,Yes,Weekly,15.793636173265472,78.31094292000355,10.78
258.10181905251994,7.928028463119174,7.562263682017833,91.34942822715159,0.5652104841184724,Level 1,Yes,Quarterly,10.58628700422584,78.43982976061096,55.54
179.27767228443608,56.58505603132467,7.89467566738225,89.98242836128857,99.19970090148512,DC Fast,No,Weekly,11.496775055704488,77.90251220190906,0.51
238.07972272292366,90.80185454216624,7.609195548364905,93.45959289241368,18.289377232919925,Level 2,Yes,Weekly,17.45797703418724,79.55480172392642,58.84
14.585515210834494,39.631262549822054,8.13585567406774,143.3316393710935,47.02489856599762,DC Fast,Yes,Quarterly,11.86500583404804,78.37041688488145,44.33
29.677205616031127,29.632580189980008,7.499528656835228,137.29193100251007,87.20297348428667,Level 1,Yes,Weekly,12.355144515566629,80.4794630407061,9.95
250.7131858219388,14.346945701802005,9.865640047890563,133.8432147526621,22.504039904419937,Level 1,Yes,Quarterly,17.929822357248376,82.73517252271294,59.66
25.22951759953568,15.144552193535732,7.594956198019839,124.18418541812153,47.67952239003832,Level 1,No,Quarterly,10.933011783572535,81.74461283444373,33.64
24.93985471784051,43.27714843418189,6.843155883388289,142.6456539444871,13.258218018117917,Level 2,Yes,Weekly,14.37473822770841,77.94456892754117,72.95
4.237966332210608,59.56798241615295,8.343860081176446,32.80430341832242,39.50763253881926,DC Fast,Yes,Quarterly,10.23063386997227,80.28741011539779,20.07
334.775489404818,8.061540516960175,6.699846774558117,54.46602398794614,17.71354547930025,Level 2,No,Weekly,13.468073993179038,83.4012615991225,33.68
258.1279258106524,93.95685890251657,6.886901082080032,84.35727293509603,36.3627748771157,Level 2,Yes,Weekly,16.989814026107545,75.68206234742725,43.62
123.63799297572245,75.51336174451959,7.2678628621868615,130.04948410604268,37.346421679272204,Level 2,Yes,Weekly,10.901032797172283,75.78297266986905,53.14
103.78745345067932,58.66239182836627,8.125225874587496,85.67154249795523,99.31707895983327,Level 2,No,Monthly,18.8833462677876,80.56170068049754,0.39
122.39613041104734,82.84386709389908,8.016378263081597,117.24451611440654,99.48130293037723,DC Fast,Yes,Weekly,19.09499042940716,81.39115128389803,0.42
271.12873591341366,8.01867568121133,9.29892151700977,38.06478768235911,11.478627866061242,DC Fast,No,Quarterly,11.049903751251351,77.11413015775904,27.96
231.47971387464503,47.68388777331244,9.088161288594396,52.81379568695282,72.59687793283473,Level 2,Yes,Quarterly,19.907324363757766,82.45220126691518,12.14
64.81844875361378,63.00931268616634,7.992114028967455,115.13089235489741,5.174547966910115,Level 2,No,Quarterly,12.975295533954888,81.46263377040728,65.97
60.93826736692952,82.86529061182893,7.667964726514705,41.415421155404125,3.0192015337188627,Level 1,Yes,Monthly,10.84101671131606,84.23289268236286,37.7
34.43847739968906,78.34695600492677,7.607640744215245,65.67627150514048,10.53338942449643,Level 1,Yes,Monthly,10.050671144972622,76.68954201858537,44.09
231.10595189546834,27.706924971339962,9.208982805529033,54.43261351576429,96.5485657007934,DC Fast,No,Quarterly,14.085228957638627,82.51374265358011,1.43
267.5304317776076,94.08801695592042,6.682253421774444,65.4820202489222,94.08635478946974,Level 1,Yes,Quarterly,16.298099857061175,75.83643090583267,3.3
92.76624991375141,12.434584143087035,6.544875773287121,112.08212638013615,19.392782028068044,DC Fast,No,Monthly,13.321792499033133,80.65292409517897,52.12
7.330736360819484,87.51336186211522,9.284405371743269,67.82013354856413,16.16723355537115,DC Fast,No,Quarterly,18.367173654746228,80.51895139499146,42.73
28.760083616749572,97.09402496046185,8.170012315961673,92.18423193903223,24.0535086515947,DC Fast,No,Weekly,17.1660627556505,78.8838504464674,50.5
338.75101219576067,17.715352322262557,6.958083984937516,32.99114401707325,51.554699407514214,Level 1,No,Weekly,13.501615319680326,83.44571147668567,14.56
103.4056721170971,72.20660642037853,7.324480771080754,124.65230012050161,56.97046320354099,Level 1,Yes,Quarterly,17.343096666086048,75.04370644786012,33.26
269.22810174334677,4.028551877799846,9.76376383584084,68.08552133425623,22.159343043944734,DC Fast,No,Weekly,19.4048773696925,80.20179401898521,36.9
218.63224909899233,40.542282513915495,9.508260414687143,104.30944067433451,75.66227880899451,DC Fast,Yes,Quarterly,10.930959985430171,77.17153549835187,16.97
133.67887387851357,51.6283299197674,8.984247675783903,114.30064821603824,30.955316940265078,Level 2,Yes,Monthly,13.06103960157617,82.43498619116433,50.5
71.99054176844429,58.064522590963406,8.187788306180643,47.255919874521055,92.21313255294103,DC Fast,No,Quarterly,14.633259391166932,75.43067426306096,2.99
42.48524635579225,93.59372482485595,8.32113269166985,135.0077480439355,65.67227064567305,DC Fast,No,Monthly,14.979901277547686,83.31554688181578,29.48
215.25453881360332,67.22506872941946,9.913355873493856,100.10915270890388,43.63511943036117,Level 2,Yes,Weekly,15.421956448860737,83.38092226706951,40.24
271.1218232232258,48.1277951219237,9.880196553595006,75.7342684276926,78.99120017028454,DC Fast,No,Weekly,13.006269065386485,83.32866012403503,12.04
225.36648873939575,80.96750362658894,7.25344166025042,43.703573865168536,81.79146260466648,DC Fast,Yes,Weekly,16.67259645982349,76.5256852673267,8.82
185.6057466372054,95.05328209544089,9.338865982068613,142.49912192715686,29.048160560894367,DC Fast,No,Quarterly,16.450845035298297,81.30406518561045,65.24
14.682928201072693,2.2066148682290843,7.190349331584558,118.15886653711127,33.97145438360843,Level 2,Yes,Monthly,15.77821506271614,75.1436735918339,43.16
338.9710721580343,98.25212722560387,7.24738117259383,47.043193155322356,93.59551537286033,Level 1,Yes,Monthly,11.137617217108765,83.479625912892,3.21
279.5499670791011,8.613213906368033,8.866325619576019,63.90240071414919,16.474103836327192,DC Fast,No,Weekly,14.769678910959446,82.2297519350862,38.65
102.48771284533765,81.43867792687614,7.9175038450564195,125.25765355144952,4.2150416962934205,Level 2,Yes,Weekly,13.562268874893757,80.31153730899253,79.37
342.9896152755977,28.033475255141248,9.760405424872822,110.43809621799407,45.405532260954914,DC Fast,Yes,Monthly,14.910384698381225,82.30591433096617,40.82
210.65855637271272,13.217965775387174,6.8115340721360305,119.55195805304416,80.1209900243629,Level 2,No,Quarterly,19.21866435515026,75.94324096651772,13.53
203.84793037253627,43.98556397138349,8.290339742833226,77.35614328768122,77.16681063107458,DC Fast,No,Weekly,14.805313431584082,80.28655832176857,12.77
261.8256128003362,64.39565794476135,9.714825356550925,113.1419141434817,91.95306289128325,Level 2,No,Quarterly,10.139807918395118,77.91276491816446,5.9
284.11942583154814,38.0951845023475,9.664397811678267,70.24418397230878,53.32006643690402,Level 1,No,Weekly,14.38836738084131,84.72619463222973,23.13
229.7675125660259,5.456540828269896,7.047852246955094,47.464179201965536,10.006467156653331,Level 1,No,Weekly,18.20648180049382,83.57117950623902,29.52
44.83351122817001,59.94611396587166,7.783231950337598,102.24801452937679,58.86889743360161,Level 1,Yes,Quarterly,17.80060923218168,82.33275695833977,26.12
118.39362709807443,90.24032761106747,8.666924900163437,146.88181032784325,77.83956143532116,DC Fast,Yes,Quarterly,15.13390073528181,84.33747635249732,21.02
324.8292741141174,38.32153659472517,7.057882096699908,60.37812628139285,9.33281202698264,Level 2,No,Quarterly,12.497690128593153,78.46843304565473,41.5
78.61546414534817,21.633277763082702,9.888077602160084,79.92604698763014,17.265740109758976,DC Fast,Yes,Quarterly,14.65088662914545,84.00879898988181,43.18
130.25845834312966,44.25773459328154,9.701622650546811,107.62017823908097,1.2290661155670901,DC Fast,Yes,Monthly,15.637022194181917,78.2523823210671,69.96
151.2269090304686,4.836271104878087,7.084325626620642,90.39581667592343,59.36525794468104,Level 2,Yes,Monthly,19.99871438274134,82.32796719691153,22.56
153.79174639305828,82.04875844802748,6.924044114413449,129.6456134421764,88.67343919459044,DC Fast,Yes,Weekly,16.441780901693775,82.36416911776449,9.99
214.52885387308393,82.63408109501867,6.798929689828928,119.02655184103708,67.06633160020995,Level 2,Yes,Weekly,16.942649300626137,75.18349876454093,27.2
330.0765432106477,58.800046342962844,9.68305282412821,27.578636502106413,98.2040087590982,Level 2,No,Weekly,14.914541435680519,78.61059698278196,0.63
84.24244914137674,35.31028889383895,7.177683334284112,149.79476041009062,6.3033652499761565,Level 1,No,Monthly,13.544895507825299,75.19432672408497,76.62
42.52548170532132,79.97833644457833,7.956997249905242,117.81231898353074,90.30010851514962,Level 1,Yes,Quarterly,18.12952983647206,84.97092017610248,7.15
69.11467145097807,55.46870247883672,8.07097977978201,132.30743111823472,81.40682873866807,Level 1,Yes,Weekly,14.949323243392362,76.22196761829238,14.85
310.42371507324435,82.59323085500162,8.596538654747487,104.65570257239503,31.424152049950493,Level 2,No,Monthly,19.94690129964525,80.4281089564811,50.67
226.0337844293221,63.14587925830206,6.7510737031159875,131.3170666460791,97.35265518372518,Level 1,No,Weekly,14.57120574268044,82.90556238762638,2.15
100.06737623370604,78.44054732127972,7.293655160901806,34.609786740732225,28.793774817141504,Level 2,No,Monthly,10.680002836475774,77.01263602260893,24.84
285.58142863901605,59.856299321776,9.76021635421624,65.20591862271102,88.93047238282185,DC Fast,No,Quarterly,16.825781370900827,79.85052668095473,5.78
301.4794987272026,41.41410682156662,9.679435375439994,133.93472266858407,88.07485770741894,Level 1,Yes,Monthly,10.466414509258112,81.07428760921151,9.9
296.2800185415973,95.79458599261376,9.234517265919923,46.21517746469599,75.76576166029724,Level 2,No,Quarterly,12.505015968847033,76.60204754395545,11.24
321.62428677384406,54.11138248788448,6.567904359663754,30.171472815402957,56.347047381285186,Level 2,No,Weekly,13.537382527799034,82.78555459911539,15.46
88.28435706067656,60.50895185405384,7.644523689736357,122.45546219287847,12.000274961688806,Level 2,Yes,Quarterly,17.394835856213277,77.99336457189365,67.12
264.2646750611974,22.048763941474924,8.697855573700178,128.6132002336285,53.197173449649824,Level 2,No,Monthly,14.942359264076128,77.1102307633884,35.51
161.188824045949,62.565078942727645,7.463165741207165,41.14478836468708,35.67962556549345,Level 1,No,Weekly,10.286459313102567,80.58288746437417,23.28
294.69949351152155,57.160764948294386,9.683553432688221,131.06497776175303,79.22170331553518,Level 1,No,Weekly,16.16849851275922,79.10313627642938,16.97
254.9717370065646,18.483839794702494,8.718613116413547,109.27981342763205,75.81292064968449,Level 1,No,Monthly,14.114362374266623,84.20285944636417,15.45
271.7566062749036,5.958709735314372,6.75167351060756,87.61074881815591,91.06125073726052,Level 2,No,Quarterly,19.21834509967107,83.80062698198154,4.75
229.65664318837503,60.43593197147711,9.681519560924961,127.93252506158005,1.4830162431707872,DC Fast,Yes,Monthly,14.995623111402354,79.83350663388883,83.86
62.1000693143974,76.36922693503206,9.85218330361678,74.50240241146555,80.91032168230461,Level 2,Yes,Quarterly,17.08975145939339,78.59263774725598,10.47
190.75942161392842,52.34013709220082,6.7719934643710396,45.21921430904164,93.84620531246688,DC Fast,Yes,Quarterly,12.188684923295469,78.25517981631265,2.61
344.6344088335779,22.67726253196457,8.363260822014603,57.03084795937977,78.93004491081501,Level 1,Yes,Weekly,17.609735645316533,77.67563623081507,9.57
328.08582327399165,66.65219766930349,7.5617749877495966,85.67132237813092,13.01944598703667,Level 2,Yes,Quarterly,17.209553104836722,80.44547853712477,56.5
15.110807528954084,8.010572660960225,7.8749367676849085,89.07300304751284,8.127910484088774,Level 2,No,Weekly,19.04081708541308,83.04978604734544,46.14
57.685185505303,44.183370480195464,7.128779262843697,124.72550743736038,2.084523980770081,Level 1,No,Monthly,10.338216417191992,78.10756608203558,68.91
46.105070709096665,16.33667583984202,8.523252357043443,122.87585407480348,62.8745225828071,Level 2,No,Monthly,14.475006976174512,76.90094089688081,24.99
254.0929684948534,18.445905105988338,9.852927736371118,95.57765243659473,62.96726518598873,DC Fast,No,Weekly,16.7915540273963,79.75483806183287,23.06
286.2248654499308,20.229394915820365,8.260754100950631,121.50211283751193,98.69137142182123,DC Fast,No,Weekly,10.95163900080215,75.69034416797666,0.99
74.72897820873517,38.67070570439779,6.790201034880684,44.93054957817723,39.804317410409574,DC Fast,No,Quarterly,14.106040671489124,82.01279006129707,20.88
177.04844253314016,5.115020562039763,8.670004667170929,26.508388522128264,33.19062848974967,Level 2,No,Weekly,19.421466030661954,80.18358266301934,15.69
294.24605980392,39.77934409290982,7.6907804805794,133.57239694251103,62.44249271843925,Level 2,No,Monthly,14.359344908911282,79.96374807972855,30.58
256.4805406681877,51.170744711470086,9.495738163569541,29.822084189160044,82.5608672507594,DC Fast,No,Weekly,19.854047834806316,78.00445379550023,6.16
189.7830219221469,48.329428496632524,8.021373519107646,52.06949586671965,93.67739495230019,Level 2,No,Weekly,10.568390610798197,84.04673437531737,2.66
206.62169166057052,38.27841004030405,7.174938631297859,110.39146345117,80.31241661790386,DC Fast,No,Weekly,17.178297761408913,75.90486291849552,13.99
177.926191420698,83.91466080707525,7.168869679419007,73.2282318915502,42.66739806158048,Level 1,No,Quarterly,15.810162362482695,83.6982400888703,30.37
104.1419579615872,14.53266924205041,9.190674632524061,133.92081608901614,63.491423531206415,DC Fast,No,Weekly,15.005396771321255,78.76705202415923,28.0
197.75769750065564,50.5696743781374,7.42955659407576,58.73737330609504,85.6299326716117,Level 1,Yes,Quarterly,19.708474014850093,83.80623515975023,6.44
241.10985571753173,6.20414169565543,9.18531687955728,21.543275067016708,49.060968831173945,Level 1,No,Quarterly,11.296504004911286,82.28761458332383,9.54
305.66302055128267,7.1155678877909745,7.220605587683098,59.08523327289674,21.66866437053927,Level 1,Yes,Weekly,18.959989516809134,76.04170726662038,33.95
222.70197389273682,57.38658496770963,7.625902290454583,95.14975639402812,16.972343974787297,DC Fast,No,Quarterly,16.9124041113661,83.31536286509353,53.8
266.3925379651053,56.6018424887821,8.129204403538948,68.87198880242813,0.01577445780567288,DC Fast,No,Weekly,12.589960732996328,81.82176833699505,55.06
56.02507223410055,87.8033512844457,9.801185473927077,89.53345824863818,71.82379949812842,Level 2,No,Monthly,19.016691456322935,75.32301912915348,17.34
161.54511604692647,55.78736756600732,9.761059986638386,133.95775544855243,11.10972088459905,Level 2,Yes,Monthly,14.292949178610133,76.3370268210967,74.49
3.266066939482654,95.97910204048502,7.224051563978008,138.6230570499479,24.383909969594043,Level 1,Yes,Quarterly,18.14227328073071,81.35628055835696,64.31
86.33760258256805,4.869484839992976,7.753766644350755,54.576628405034576,29.787633152279337,DC Fast,No,Monthly,13.888365170474,81.62600502880285,25.17
254.2616002895517,9.800768478074106,7.022897859588203,80.0782615250871,56.037986013676836,Level 2,No,Weekly,18.50930827433241,82.46651432837595,22.69
347.1334829722772,4.40658615703814,8.28494777759724,91.38872198138866,39.795727729576925,Level 2,No,Quarterly,16.366291184450485,82.20245400774982,33.97
34.71233485552557,18.527685033354004,8.112038927431334,143.3846193954721,67.46739920231619,Level 2,No,Weekly,11.410466335837272,81.59519954669955,25.44
140.52301055145088,54.12701109416781,9.652660568577563,149.82025149137002,5.5638659328702715,DC Fast,Yes,Quarterly,16.496631634695277,82.66238901746422,86.6
280.0248390447058,64.5572181427428,9.755018822268754,50.60294234939846,12.393919426443944,Level 2,Yes,Quarterly,11.913447627018726,80.75085705892373,40.94
71.4124721201146,4.55851579486688,7.8424858685255225,114.50738327495601,49.921150353326674,Level 1,No,Quarterly,14.119226278941627,77.60791385524455,29.66
194.27973225580018,94.59708898455993,8.221082800566464,69.14403809031538,33.69647878468298,DC Fast,Yes,Quarterly,11.702955842520337,84.12376613730719,39.7
256.57495361038616,84.2165376650381,9.636826872011465,21.05406559520772,29.58133627513597,Level 2,Yes,Monthly,10.220161156671185,75.18214030931978,25.18
215.59490759106265,29.661248215709314,9.323477327107716,21.202827916667307,6.702807903752273,Level 2,No,Monthly,12.118865394499576,78.6656171987149,22.63
65.80865711539565,7.718753022646796,6.512797089706273,79.87358098309325,89.57191747480014,DC Fast,No,Monthly,15.363720237241257,82.28870293097164,5.0
124.3845990400088,16.98870732190573,7.6202084746425385,83.4835386905635,69.18185861250508,Level 2,No,Quarterly,14.81560967777346,79.27156041149675,15.19
274.327124569889,12.694441375497266,7.976209846776441,22.934060554547546,12.161815681964939,Level 2,Yes,Monthly,15.014970955360637,75.24834407480014,23.77
193.97927994620582,12.328377929894685,7.304006992891311,109.30056418065932,6.504595773714062,Level 1,No,Quarterly,12.476868784466014,75.65980903116213,56.68
1.8303647400194578,51.85616886657339,7.198500655635786,58.2204405173439,97.48725334312431,DC Fast,Yes,Monthly,16.851612006141863,81.48637369138288,1.14
266.34676600983283,24.58474424934003,6.632245773084879,92.78610319967342,68.1172550439505,Level 2,No,Quarterly,17.04263286820346,84.648645994053,18.51
12.358974229083675,35.81397165291445,8.751794037744162,59.11947951150444,41.74560710937415,DC Fast,No,Monthly,13.579678255596654,80.51863635834499,23.69
261.0068239559312,98.95053333843225,7.4187860166910795,41.72746093300994,70.17310407557848,DC Fast,Yes,Monthly,18.811700884741743,80.06757818023769,14.87
70.86819605783309,68.43142489253448,6.683215124509596,72.9325860178538,75.63317864801591,Level 1,Yes,Monthly,16.44023216635548,78.18325213056268,12.72
335.3257180417831,94.89806670470014,7.3084275868482225,50.1955374227651,77.99622023887794,Level 1,Yes,Quarterly,17.130392752586317,77.56690673866063,11.01
128.77926295572956,14.255655503311559,9.306698834926443,89.52412699949184,47.787730565305765,DC Fast,Yes,Quarterly,12.773399179389394,75.20984981756284,29.71
114.42606571832769,38.21394748325693,9.480212135762914,45.847708937242395,42.9882758124848,Level 1,Yes,Monthly,10.006116351555871,77.72954867640472,20.51
52.11081761635564,55.47318032823543,8.190731858176559,86.09277696380151,1.102808426890034,Level 1,Yes,Quarterly,18.653756121021097,79.49110440865252,54.67
106.9614754215752,7.675806188873802,7.956247346430402,40.45920693295278,92.6557115141838,Level 2,No,Weekly,18.224243845798085,76.9794978304895,2.13
306.8277666398702,0.41874436279578653,9.922487927256237,107.22671223315204,60.33078783889431,Level 1,Yes,Monthly,11.231918880428303,75.87347988481429,25.6
348.7170181695366,67.04343337969175,7.201976308558245,118.01189897738513,20.31539371899681,Level 1,Yes,Monthly,13.741051349563065,82.17727867254602,63.75
128.9083356773969,64.18195168014353,7.25375748999113,34.35125045249139,91.96034194214366,Level 2,No,Weekly,16.613393083885825,83.94620269068068,2.77
157.0137208340899,41.07888099996118,7.5215351196274,80.8143135648541,91.49319017702963,Level 2,Yes,Quarterly,16.52110857218728,84.36772069687086,4.69
252.72482837095797,48.96440760320326,7.1046506139838055,29.213321085133565,98.91841643660959,DC Fast,Yes,Quarterly,18.603503348085567,81.1799872849699,0.39
310.16852316277607,41.54430005920896,7.827779593714653,97.76371792046031,87.40565631389788,Level 1,No,Quarterly,11.402681616354286,75.52774582599282,7.79
207.56551696537446,2.4005044844888856,9.687919794464138,54.372558730853896,99.77843878200648,Level 2,No,Monthly,14.299397477851187,82.40862629961774,0.08
137.03399436224026,33.537160621746246,8.65371744220001,88.59117938903202,24.468618812327257,Level 1,No,Monthly,10.972244179264248,76.10095305261886,40.3
144.4176442970183,17.708225539728982,7.941812920142922,87.26993121995785,84.2249585199234,DC Fast,Yes,Monthly,13.895952484386282,81.69748117687824,9.1
243.4663512738824,9.842418910136875,9.770437780999252,140.16606500519407,82.30283087957645,Level 1,No,Monthly,10.151074455877044,82.79365835747876,13.67
1.1263922614975386,95.67204338893498,6.669624813665378,91.38081893393398,23.094035922073374,Level 1,Yes,Monthly,18.98273065110127,82.25864710826473,48.67
216.85626811094423,59.935972504216565,7.235966622656515,95.78980236338103,9.843754900099078,Level 1,No,Quarterly,15.27043996828681,84.5188380576113,55.29
124.42255365447508,72.86562842366027,8.480610117856155,72.21490634936944,97.94205136775996,Level 2,Yes,Weekly,18.498022608023536,82.38146284467389,1.17
277.96906594697947,31.53637432661175,8.654434181176127,143.38034841376617,29.602455152061037,Level 2,No,Quarterly,10.599047010033637,81.93209777981808,58.85
32.54672393809626,39.31471294940152,6.638451272969146,121.03416822714925,87.0891790467806,DC Fast,No,Quarterly,12.274581104729206,77.61743172183103,9.08
205.87079343193668,23.692399389672346,7.910635652674962,57.1026877393694,0.41271546746038945,Level 1,No,Monthly,12.593799952211807,84.24768686435903,38.27
168.34051146014332,9.696567096542474,8.772038876908054,129.74724615091017,2.1024807219602204,DC Fast,Yes,Weekly,13.86691494638788,76.79543870794167,76.83
224.8139340668296,17.90316374415838,8.943246912411905,76.2115268240617,46.58713086963684,DC Fast,Yes,Weekly,18.028663723975463,84.04896611473126,29.5
22.69875806903892,79.75140452964858,8.733489658806942,127.72672865936721,23.871468393506355,Level 2,No,Quarterly,13.865578737314927,78.12662543345911,58.61
202.99432559984595,67.75458051837758,7.6219712852632355,126.97544887815526,68.98412834359642,Level 1,No,Weekly,12.04653529646327,76.30163593877668,24.53
196.5196057858333,54.69288759854769,6.827320432592684,44.55312427917107,56.556432556795436,Level 1,No,Quarterly,10.649902603387684,83.2668302727117,15.44
196.2310330456598,47.508987286676806,7.994893562467669,111.148347079865,7.7485797450491445,DC Fast,No,Quarterly,10.794917483526875,75.0249545360083,65.03
211.2206833087592,92.24342836561244,6.950640530788194,57.783586009849046,16.262829631571705,Level 1,Yes,Quarterly,17.600472059609775,83.32088317680831,42.27
236.76377802922678,7.273494777866841,9.816682804822335,58.67404709904687,38.80492700584143,Level 2,No,Quarterly,14.44802991036633,77.62311842045976,23.62
281.74614988826943,28.060081323791596,8.1630980310792,58.525249994475494,18.560406395543318,DC Fast,No,Monthly,17.261811220000155,83.84721272755621,37.02
94.43725204487502,34.9937853570714,7.610407110249037,114.32387218279327,79.22223472439286,DC Fast,Yes,Weekly,16.822871217636976,81.9147918224158,15.15
288.7672935630217,78.24258122127878,9.18206424891615,49.87738543302969,41.607023555328006,Level 2,Yes,Monthly,11.353624617602577,81.6618333285059,28.9
174.38948879220877,99.25146201619714,8.242820074037924,20.11775858199173,9.343186684249927,Level 2,No,Monthly,11.428879341922672,78.65319563164843,29.5
26.97039769701591,24.067051475715306,7.585119084043575,112.98079095274231,48.434290227212486,Level 2,No,Monthly,17.55342015434134,75.59402973890771,32.6
20.49282523539272,87.43073341370805,9.341887098367806,42.25401669856629,9.083818106141416,Level 2,Yes,Quarterly,17.212682934854172,83.30073098205577,36.36
116.98341154362127,83.06227604317912,9.535032528503926,33.5827113900185,12.893730541981718,Level 2,Yes,Quarterly,13.780307668743104,76.70903795176528,32.6
274.7139419890136,22.46573976417666,8.855528582010368,50.877095677227814,23.96098320282053,Level 2,No,Monthly,10.774222633328401,78.72258641894753,29.54
247.68832715932052,39.933258019922256,6.664375478426836,69.38706790195153,85.95277052474898,DC Fast,Yes,Monthly,10.120980216984522,81.00354685509082,7.66
276.01523763534226,40.96728692925191,8.482130080582863,81.86782257151609,92.46125323329719,Level 1,Yes,Weekly,12.881569494617448,79.82253738560621,4.4
181.04416975456328,97.82206685265584,9.171532191990487,25.79410529264201,82.6257729332069,Level 1,No,Monthly,10.09222273587227,76.98660635171318,5.77
154.0696492844217,18.089190137889833,6.977760542292538,146.17453324155684,33.40772174178473,DC Fast,No,Quarterly,12.300726211037034,76.40616356882283,54.75
51.60838434719938,79.91579711047821,7.300347629846112,113.08819694454256,27.244644110883165,Level 1,Yes,Monthly,14.195007402113387,76.2324627225029,52.86
114.86746376325904,33.419271417310995,9.588732867738479,62.0152284921637,54.91556907902392,Level 1,No,Weekly,11.214157653119543,83.630078814992,18.52
151.90677816085633,73.08703457761604,6.570426026485759,61.43064344710165,72.18531605331123,DC Fast,No,Weekly,11.042777578315462,75.31559549061333,14.24
31.01015038786603,42.001100429566286,9.134544982390917,78.31053141789971,99.33727881601749,Level 1,No,Monthly,18.964374357187367,84.77014259599895,0.31
77.21418344892393,57.835976311654,8.15820652380048,101.41182695919429,13.157071187892623,Level 1,No,Weekly,15.854700290228893,76.98528690385415,54.31
209.3788529223086,83.26117733261312,8.063702555938624,39.02849865656581,4.929199902380443,DC Fast,No,Weekly,19.344556867627816,76.10322296879077,41.05
257.48208998371643,80.41655649838842,6.524837863732105,44.5608757894438,69.4355888995271,Level 1,Yes,Quarterly,13.458261637856792,80.76971654776796,13.31
349.42162898753236,86.64231835397001,9.367893808382725,131.72649576836162,83.22257835039055,Level 2,Yes,Weekly,16.77144937329163,75.79985957940697,15.49
326.58966597024516,5.961732534465902,7.7593871522279825,53.313140105579436,84.63487798664232,DC Fast,No,Weekly,12.046916746217903,81.02453263163595,6.44
224.89781983731703,69.20505530397449,8.3926797095519,69.42534973677309,67.84635490771606,Level 1,No,Monthly,16.183403172799412,83.50626644813613,16.45
147.4368186529252,13.998737672176286,8.870552402174809,133.26534062351521,95.4015804119187,Level 1,No,Quarterly,11.295857300099843,75.47898021467425,3.28
222.66207764788146,41.5818568018411,8.959203517532705,106.20921782197694,51.10047635445869,Level 2,Yes,Weekly,10.020806391762857,82.99868604528544,34.67
274.9780663280812,54.858841505468845,9.845930205891253,64.42254431441948,91.38147983362124,DC Fast,Yes,Monthly,19.31531801409579,78.94477440982119,4.73
41.41766682318556,40.273948474683074,8.359689836328132,108.8809409442007,96.7812136991523,DC Fast,Yes,Monthly,15.548943761752092,76.5949063383121,2.22
143.46671139370088,51.961167580300746,7.899018428410496,22.55881799958378,84.71574570031078,Level 1,Yes,Monthly,19.269406627820395,76.7609648026746,4.19
293.93079997246605,99.65263087986192,9.837962692720978,115.63354580147748,30.97585632586206,Level 2,No,Monthly,13.33831523702072,84.18764543694226,56.03
134.3415331765654,13.521731371285473,8.747385822589324,83.31208526711113,19.621565117029526,Level 2,No,Monthly,13.277860691617569,76.10605751940665,40.15
200.1552949295153,67.54560453364256,7.543526246967945,125.71367914697996,54.812006498181844,Level 2,Yes,Monthly,14.006550017730317,83.66782787115658,37.22
205.71927630176938,39.600096638561524,6.942624858912499,144.10289476084088,45.30147503801884,Level 2,Yes,Weekly,17.06040983958168,80.44244620983615,48.36
64.56668859677377,13.300979890732878,9.448940755128135,140.3525114342939,87.77583421927329,Level 2,No,Quarterly,15.658086341861743,75.39056178816439,9.13
126.78240457830093,15.873676337430954,7.76763560977953,138.2044556491943,10.003167106715372,Level 2,No,Quarterly,19.253549070991177,79.64476145717339,67.91
117.07895105967626,94.92731062456168,8.811644024775509,86.58209427140532,25.77400613115186,DC Fast,No,Monthly,10.254409011324393,83.174495144763,47.89
9.168847986222678,87.9601496711762,8.147857467780643,66.81847483806195,75.17989445187085,Level 1,No,Monthly,17.081959379725365,82.262027876391,11.81
8.467117361974335,90.70419604150219,7.196254229282634,80.45459221498746,9.498664497731212,Level 1,No,Quarterly,13.303276893665544,79.88782417684718,48.43
291.0939652865207,99.15327758273865,8.605903130171628,109.68648043073689,32.07644140217002,Level 2,Yes,Weekly,11.802336518184612,83.60049879696217,55.82
95.57478349048435,20.831539000851794,6.712390741327388,134.91971099325428,38.71553940539832,DC Fast,No,Monthly,15.103956225200989,76.2036476178023,47.1
181.3275681835854,35.543933736406174,7.9466986095491725,46.908219390015546,62.259379656269,DC Fast,Yes,Quarterly,15.05063784179996,84.09941053392369,15.34
104.55395075607056,66.92190299248666,8.413152288822848,139.3651106000214,15.813264571936458,Level 2,Yes,Quarterly,11.370110286884284,83.46441208483348,72.11
329.2377357903692,48.38025398606472,8.026164409415028,125.97343015608558,86.06044903497096,Level 1,No,Monthly,12.0189605613289,82.08276825657236,10.84
90.75386560302081,41.83895333783335,9.120352613378468,147.2512819731705,44.75422354662742,Level 2,Yes,Quarterly,14.08164664901555,83.1788774212875,47.3
150.3798844586273,35.781124933559305,9.397737340908593,134.4327305266193,91.70217118805564,DC Fast,Yes,Weekly,14.088114123923154,80.43815506842665,6.97
305.4555876696106,59.37806319434522,9.199350759116124,56.39185285994787,46.78699136339316,Level 2,No,Quarterly,13.175581396196847,81.75162429097666,24.67
294.67674837713304,57.5593428640082,6.635845317341308,33.7742684747262,27.504025894073337,Level 1,Yes,Monthly,11.48545151509981,80.60598070707779,26.83
65.13549624619706,16.14578340642401,7.179450696560902,34.591339358906524,14.182882868767487,Level 1,No,Monthly,10.043736791009795,78.55428530507949,20.04
280.92515842849866,47.173983751843906,8.37812628242321,57.85903141517589,0.3745094711284813,DC Fast,No,Quarterly,19.702350624280207,80.68860797361178,46.62
160.36541035826244,55.347177620984986,9.771877141553304,99.8438841179901,53.21574849848356,Level 2,Yes,Quarterly,19.43499229703927,77.57465332531926,31.04
169.03910522987434,57.02869387313905,9.422348712682409,124.56164239263242,10.715669692692343,Level 2,No,Monthly,14.836503791761352,79.40279170840785,68.43
46.717990345580326,21.01071929123518,9.448870779231306,136.9025399076034,39.17277636311782,DC Fast,No,Weekly,19.950517532750055,77.80775407260244,47.28
28.210529814993627,74.22713922522868,7.561228678158862,101.08793996800026,58.92717612370867,Level 2,Yes,Quarterly,16.736543307822433,76.22887789461389,27.34
254.77875744081783,2.5199094821069634,8.003067639775459,20.732070657246986,27.56858969027003,DC Fast,No,Weekly,10.688575376075416,78.21861856389906,17.48
173.76140332435492,35.483185554316265,8.14747081560578,44.22118094740935,17.522429236611526,Level 2,Yes,Weekly,11.177181990826274,83.5198721818477,32.3
152.89774591531284,78.02126485356335,7.050800541724686,32.964406500937834,77.47216226093417,Level 1,Yes,Monthly,19.161108438696377,78.81080770642306,8.16
255.32788002833885,56.389292105540235,6.6087384558555975,67.2321818239713,94.67911722816206,DC Fast,No,Monthly,16.300522021496285,82.48003648968869,2.82
267.92951464688844,26.116243251086026,9.81416014811181,85.17562917238696,10.044041786196601,Level 2,Yes,Monthly,18.431836266573512,76.75197854238161,52.77
55.61785868427375,69.49531193430477,7.342494049822274,25.64163321521291,15.559032438500786,Level 2,No,Weekly,18.98269649633844,79.24419159167641,24.75
213.57880231717445,56.73909441560734,7.33982116303271,65.3021368534352,96.00126572527186,Level 2,Yes,Monthly,14.47942011282386,76.14856069335177,2.09
47.37392879718993,79.62436094563871,6.791826688190659,43.29335770129194,3.7784221812246277,DC Fast,No,Monthly,10.48525951576693,76.38621063367489,38.5
262.981280110166,73.50251861898234,9.749777131803224,104.1191216136536,97.76323365504722,Level 1,No,Weekly,11.88280348897322,81.17436379890069,1.57
229.93430469349883,61.01079220362347,8.529079902289201,80.3554080121642,0.4644483084988771,Level 2,Yes,Weekly,10.665719473024351,81.0748181744901,61.08
334.8151173792103,48.8177675310814,8.834628999938738,84.39129410140814,87.36686556513314,DC Fast,Yes,Weekly,11.887398456985073,77.13371907354862,8.34
24.135305724747415,13.31821256675234,9.690519105420684,75.59993244434995,30.732518098774953,Level 2,No,Weekly,14.105329264558769,79.74423194288799,30.97
19.96915240293901,26.133301788538375,7.709670591152763,144.2825623632537,93.85888581772966,Level 1,No,Quarterly,11.181968105149855,83.63306166977948,4.63
98.76547614262005,41.90994729170853,8.675275588983293,47.91556626580322,31.694528863558546,Level 1,Yes,Monthly,11.667332478053433,76.74201508676482,25.36
91.59698930756709,59.92992870063887,6.635798091551106,87.16635377970366,65.4306321534056,Level 1,No,Quarterly,14.458217820716792,75.19210533073515,18.78
86.44257967519994,51.37078552153048,7.153703848808952,115.68225788749368,8.003256976593665,DC Fast,No,Weekly,13.401709503884895,81.51995140663573,66.88
317.1891031823628,28.818452595952948,9.409360317814798,92.38977370749313,24.2329811453739,Level 2,Yes,Weekly,14.67658124188041,75.53498208088685,48.97
87.34116994732713,0.6464357789710551,9.183689247184175,140.77271514318414,77.36793464792507,DC Fast,Yes,Weekly,14.29172027759062,84.79940238572446,18.25
95.18240414502085,49.623922190081394,7.727249420100014,69.13588623336693,52.86858536788197,Level 2,No,Weekly,16.444780259798833,81.09620283798881,22.77
265.7893918462873,28.56259885622431,7.818837197209744,80.27785475051314,92.79690617870448,DC Fast,Yes,Weekly,19.371895488758547,79.70396352843973,4.29
157.408944857689,73.46083007105351,8.367440517437528,31.507900977914694,42.87514083413543,Level 2,Yes,Monthly,11.078643384442424,79.29992540024307,21.14
271.8486949343134,2.394626527048349,6.500843516397971,99.1698844367507,86.98123658139231,DC Fast,No,Quarterly,10.99260149309195,80.73070658516932,7.83
22.878155147534834,58.482781130579085,7.344355176133098,57.467555898253785,44.89554374782375,Level 2,Yes,Quarterly,18.52806111090902,75.90624436720215,23.86
170.6499177856845,94.14742375060654,7.22881133012875,40.84017513702395,97.92482787019853,DC Fast,Yes,Monthly,15.063967046524592,84.30019058819497,0.97
11.764760064148922,17.440926711149952,7.376690313624172,90.78906807758605,95.98343813988768,Level 1,No,Monthly,17.66405023568442,81.25642068551878,1.98
21.928621209374082,47.16494907505954,9.320670448867045,89.20033423938838,32.913670555608036,DC Fast,Yes,Monthly,12.154219036072814,76.83978497610909,40.2
317.25310867054384,9.142199181713817,7.478858497912551,29.86331335912618,88.59236704168032,Level 1,No,Quarterly,18.288625731675516,80.62581053764663,2.84
48.735879891158305,62.56819122613526,7.1703246271755186,110.76800895428146,84.76113742156492,Level 1,Yes,Quarterly,19.238466241926957,76.33256505833012,10.37
186.347238796326,55.05316805962256,8.26492211277561,101.09038478461088,21.068039732756283,Level 2,Yes,Weekly,16.35483015546488,75.17552717558313,54.85
143.8834609102473,40.736552421283236,9.529757627304562,44.57224675704464,62.42904007832697,Level 1,No,Quarterly,11.058790214738023,81.30516985213998,12.17
121.57016419059494,52.13770214737412,7.34472396343125,81.0265320800257,7.268231558981486,Level 1,Yes,Quarterly,18.95294814156339,81.48483341870127,50.05
314.9416709905454,89.65746584690102,6.774876849774795,113.64197914221279,83.67107205834617,Level 2,Yes,Monthly,17.924877273700712,80.83696582803415,13.44
7.638188871421326,19.629430231106703,7.747416575473826,88.82664627036594,17.454588350349653,DC Fast,Yes,Quarterly,17.5087777651449,76.83483204360023,45.04
232.32639016145617,2.2564511705347234,9.116781385977422,71.41357990386413,7.081470138576451,DC Fast,Yes,Weekly,10.367281889059155,81.03429858494766,47.3
337.1880519747426,86.16648846991009,8.42741690643178,61.90399955052267,40.021909553881116,Level 1,Yes,Quarterly,17.989625252569713,75.5651094092452,32.68
196.05886421164467,57.71170823879065,9.358776793510216,99.35120266372697,57.69221385996435,DC Fast,Yes,Monthly,11.37951010468357,81.09238355571922,29.72
327.88786171158216,89.06584554618424,9.858572516632318,142.0841307803313,85.4916958559771,Level 1,No,Monthly,12.223861761968884,80.54017019107619,13.23
18.290257750108317,59.69452234131726,9.27431866863066,107.32682926207283,97.42425255217366,DC Fast,Yes,Weekly,15.771348348692575,81.552548308391,1.84
146.57766167595648,81.01610899597024,8.613310775953137,29.716967472721016,43.949251256986365,DC Fast,Yes,Weekly,12.649807729168831,83.95475605752394,22.4
91.0552268367179,42.967336335514794,8.226695558183332,79.8890465526774,6.044692298527021,DC Fast,No,Quarterly,16.613482063119196,83.50358105239536,49.27
255.78733774325542,74.98599312882688,6.640241802218934,135.80713709638158,74.91155790258706,Level 1,No,Weekly,16.080704476990817,84.80654191562539,21.46
343.45398167403636,91.3041466889856,9.945126925849145,32.280115354141294,56.51732562239374,Level 2,No,Weekly,11.081495980132626,84.76241032936575,18.32
89.78552185548673,57.21229637222063,7.8421839290126485,148.55384257788063,44.789134484446315,DC Fast,Yes,Monthly,16.560145795915062,82.72319693373753,50.44
228.96111051592607,18.078515056237954,7.032798748709034,143.3790211739048,30.926887879218967,DC Fast,No,Monthly,19.2395490982493,84.56419622177728,57.74
69.33417146590905,26.879761503019818,8.833480993887598,30.175682494883862,50.239852784353566,DC Fast,No,Quarterly,11.611099051858332,83.67283885889113,12.85
197.86558910006346,19.86445768974058,7.4950090118341075,141.34373165844215,33.86796044570309,Level 1,Yes,Quarterly,15.970620209428875,82.27582449894973,53.0
162.37637034091767,24.685702759573292,8.550223948258667,67.20723673373008,75.70118677473603,Level 2,No,Quarterly,13.41865371936694,75.75384254643755,10.55
340.20186537103797,30.64154493510364,8.553687677456068,129.81219171986214,54.38936964926411,Level 1,Yes,Quarterly,14.59611671773604,75.49049888269887,36.2
212.9845454437633,55.51337867531885,8.060054373160042,74.3898339027253,87.68477741541119,DC Fast,Yes,Monthly,12.870001790789699,83.37599567505771,7.19
122.32723023038658,58.79916294638328,9.42641515440765,77.31116465132706,54.35439146494421,Level 1,Yes,Quarterly,13.541306363476952,79.89655857871698,24.25
39.93352471077668,42.649974724186116,7.427384715444051,102.45160182708054,23.826241333993003,DC Fast,Yes,Quarterly,10.289118232665572,83.14606684374921,49.56
52.936390057227094,61.54207798208354,8.07021407066207,120.68206450587783,85.10918822321445,DC Fast,Yes,Weekly,19.815517379172206,78.1291827065522,11.73
78.86092548293229,8.157492561136593,8.3819224500684,24.392589623272322,55.721904493004395,Level 1,No,Quarterly,16.247999220727483,78.97649858323012,7.37
87.8383314691043,8.778823705815997,8.822686522685549,97.11027941852745,20.684103814356124,DC Fast,Yes,Weekly,15.007055904938852,82.00186721011931,48.26
297.7156202443982,17.182946035765845,9.243901476769564,44.275289232658224,62.350780995622216,DC Fast,No,Monthly,13.837153495003268,84.15326736932093,14.1
196.42797589888372,51.80774980403447,7.881825490073896,64.97343732221638,35.771676494242755,Level 2,Yes,Quarterly,15.393745588240275,75.87761474478886,32.07
183.18681898102827,21.399467869831355,8.761164304338086,65.23592660017815,84.44056122920658,Level 1,No,Weekly,13.80105998715804,83.61478144634606,6.61
40.169105154226116,28.328440349257733,7.027138335739817,80.97784422874997,45.329973864654285,Level 1,Yes,Quarterly,13.599079274936733,82.93012724879365,26.65
301.04889267230226,40.03128361729941,9.764268351898675,63.43773354390254,72.64413581074167,DC Fast,Yes,Weekly,14.63946541722013,78.15539270729855,14.75
252.9850061229693,81.18661240103798,7.840705822473512,33.95694539858681,9.553620763623716,DC Fast,Yes,Quarterly,12.759830336711907,78.5521661413156,38.39
23.683926665000556,1.3862135912860118,9.053324976917533,38.93173600830869,39.60243463023462,Level 1,No,Monthly,11.800498999667855,75.4646147722191,13.54
247.74228403041903,64.93788202366224,6.571193786587622,24.346938122942696,98.32414364723986,Level 1,No,Monthly,15.566058981802936,75.15740611116718,0.49
190.23837606992612,66.88765310406853,7.218155000166824,81.13238109273806,80.84602894771483,Level 1,No,Weekly,18.42765436150301,79.77006126357729,10.85
28.60387101137239,79.86557803566366,8.204788905132522,144.0782003308885,15.994080236692865,DC Fast,Yes,Weekly,11.528281777258924,75.95539645497311,77.28
160.40522453502976,93.27529390603132,9.573883637063213,35.037779074255155,27.77640494772551,Level 2,Yes,Monthly,10.327343406042186,76.94001814415213,30.0
169.64370049551644,2.0137848949289827,8.34539302482737,143.01438409040065,32.981580885636106,Level 2,No,Quarterly,12.468117451540362,83.46767199526664,51.47
58.02108905714651,15.378370551321618,9.754546688028576,115.33699691517216,65.03655604954457,DC Fast,Yes,Weekly,19.797206434538108,80.71028391250452,24.42
330.9943514500988,88.6171294055993,8.193289138039788,102.8748443814412,75.69947594896556,DC Fast,No,Monthly,18.287580737433395,81.33632437266114,18.55
297.49138001823167,45.851856218701535,8.216571838575824,103.88610819206318,74.95266088079097,DC Fast,Yes,Weekly,15.958660535285965,76.8747933083192,18.56
234.1578180651879,56.459063893346354,6.919113759751862,127.47459429151667,50.98740563064028,Level 1,No,Monthly,19.292489152431358,83.2866180445442,37.96
161.8034463502125,66.30272037231474,9.30929685453277,33.89958236937678,81.08205378381513,DC Fast,No,Monthly,14.452791168372446,83.67979772439747,6.86
144.117939554578,67.90666044956374,7.364378943634719,85.61806206352043,43.7078082757475,Level 1,Yes,Weekly,19.83280602575174,80.23327593713043,34.28
227.84071350283395,93.17404033165082,9.648643712803104,110.62184797389861,12.388056529556192,Level 2,No,Weekly,12.96302045119284,84.1255777187866,67.77
190.90115429241692,99.69494174116697,9.687884771156387,96.28665785956328,56.44418416538133,DC Fast,Yes,Monthly,12.403057495159391,83.44828624954582,32.47
21.795587058659965,72.01574609309402,9.801585391559524,128.2612792330283,95.23013846011067,DC Fast,Yes,Quarterly,16.38048201147011,82.31324176674438,3.87
179.3759270696161,28.72212092051508,8.320806711860815,29.395322171475694,79.29936513925114,Level 1,Yes,Monthly,13.781539679503604,82.34075915693629,5.84
282.2412660314938,87.97524022943436,8.869828246742756,109.79113513489158,57.870064769224236,Level 1,No,Quarterly,16.26365541976258,76.05393473950863,30.95
160.7339571589353,4.922091454076161,9.224805580215822,89.4236049500133,64.68056603490969,Level 1,No,Quarterly,13.049955183026858,77.70836037695666,17.41
18.184802143993945,23.10808528744962,6.95855116527663,69.29091231739264,93.05620270355726,Level 2,No,Quarterly,16.17918256837991,75.66847219817676,2.84
275.1973697844116,89.73857174637149,8.60335018249124,64.235747690424,42.83427944349605,Level 2,Yes,Weekly,12.757462605850364,75.08681209226309,33.55
70.47732374759104,25.619151443935493,6.6200426545615905,100.70824226064508,33.13941389426374,DC Fast,Yes,Monthly,10.5097206881889,76.5830953138391,42.48
90.51729221081357,22.065105962174847,8.241481291860541,135.8293987037544,97.7241565000449,DC Fast,No,Monthly,19.121359019231832,83.8048718264694,1.76
57.64722370130356,13.812529314024724,7.0419493856707955,84.50287039314499,86.34431335103334,Level 1,Yes,Quarterly,18.832052018734622,77.39874059036052,6.67
115.57527270502413,85.91117576469165,7.140230240867297,127.21401132999962,32.30435846186024,Level 2,Yes,Quarterly,19.70798149272672,84.70153962591722,56.01
264.86302699102225,50.00582591910867,7.777666483424105,72.28032963971577,46.37805973609228,DC Fast,No,Quarterly,17.165271762214047,80.97290999561206,28.82
181.78505082637807,67.48932030541548,8.01353008350776,33.311280163112954,41.5078129007799,Level 1,No,Monthly,16.82721177735303,77.3725848763469,19.06
71.7084459527494,23.906638407502967,8.681103485862655,27.99574573962301,14.90956786714339,Level 1,Yes,Quarterly,15.590030700748308,79.97130803484212,19.93
307.2405273532143,75.80404210112165,6.760499464534805,26.673468272078082,95.7819323813259,Level 2,Yes,Monthly,11.259424163525226,77.19094822700116,1.62
307.85364923303524,76.00055449620984,8.262921164331056,69.4195184544971,40.43124312197588,Level 2,No,Monthly,11.892353109492701,84.83973558182373,33.36
304.7024487661024,31.259802490830012,7.139187955885854,63.84090760865947,87.5329082637908,DC Fast,No,Weekly,12.894696886725363,83.47264983904964,6.23
83.57867398353875,41.06826330102828,8.508913112611097,113.33181307093403,18.93562276806651,DC Fast,Yes,Quarterly,18.901563625733942,75.2623878878233,57.6
157.93377046334584,20.969027743020085,8.730916142914143,116.56679520603255,54.78708106372198,Level 1,Yes,Quarterly,11.72969524603075,84.47776031467471,30.52
344.7463796493063,97.65610233229043,8.448482397934988,26.61101594838618,2.396138512426982,Level 1,Yes,Quarterly,19.228731744878907,82.21065107302887,38.38
270.20436670849665,64.56025770584117,9.084034286674077,48.74602417557195,76.42204838423086,Level 1,No,Weekly,15.227857330514173,75.82381252021278,10.05
9.508597428945937,93.45438807155155,7.674632354843155,55.65404052065696,58.09138982462784,DC Fast,Yes,Quarterly,17.155696354730722,81.70637746326446,20.54
22.821606941172217,30.338554362913317,9.177873070715957,91.18955793856523,62.55895834697527,Level 2,Yes,Monthly,11.102444866805666,81.46926697965685,21.17
162.37598188431647,78.18909129968897,8.014684785978679,38.786979107903534,5.172088255465345,DC Fast,Yes,Quarterly,12.690335487759109,77.18788745807583,40.09
318.22707205154603,76.5858643884742,8.194645744129089,37.41235852200005,21.10383302086154,Level 2,Yes,Monthly,19.585186081814264,82.58446700007576,34.68
188.54562928344998,69.16556518665415,8.76835744541375,142.69255559703453,7.433087235358016,DC Fast,Yes,Monthly,12.661499469297315,75.87064703312967,85.61
174.23437781200158,96.56389752668004,6.564254343997284,124.54637794871152,28.891431580381177,DC Fast,Yes,Monthly,12.965217203911461,79.89445181231248,62.07
36.91579498482071,39.355533610631554,8.78897977497087,43.48513727185214,62.7439007682151,Level 2,No,Monthly,11.975973848410796,75.09923207163088,12.01
229.8730366535029,13.07173235897573,8.665048021752405,72.85381502771384,56.618598431737524,DC Fast,No,Quarterly,11.290736653068295,84.68737488894746,20.85
287.7361062100789,67.17088592440608,7.5844649086364795,66.23085990348352,61.21498216133902,DC Fast,No,Weekly,12.332576414539979,82.5156363177691,21.63
133.14700262764683,72.93098004772062,6.8002799971482135,122.83052962850294,54.92512713778943,Level 1,Yes,Weekly,16.423268919507983,76.58852076159656,35.7
271.4641478238646,57.506057345881466,6.818274074695644,86.32767914215587,27.302879567585936,Level 2,No,Monthly,14.553677335035635,78.41674039951283,44.12
337.56682886528404,20.681789313339628,9.7312831144483,36.620465809150716,24.450749734442525,Level 2,Yes,Quarterly,15.537558363378986,76.60562377808176,26.59
71.31826069469118,50.445594166935535,8.91247762429043,116.06896821031171,13.705968353658127,Level 1,Yes,Weekly,11.223648287660243,82.66617464129314,61.62
183.16537091815945,31.21897365691294,6.944859148197591,71.59543716923946,84.90708749034921,Level 2,Yes,Quarterly,18.021164471629,75.58896325427715,7.53
100.49828532960144,42.746652816668906,7.748531092581173,54.180152192179115,61.64793585412445,Level 1,Yes,Weekly,17.84094700579848,83.40406655563714,15.83
277.49904666184375,64.52185758446639,8.573690478655587,68.81482086269362,18.651101250405976,Level 2,Yes,Monthly,10.215899111426754,84.4219633883573,45.89
202.15767805840514,74.52147426908346,9.42450096781727,84.70835326889653,17.720937982123953,Level 2,No,Monthly,13.835150945103049,81.766279428063,49.95
222.1038461426063,23.22246909013431,6.65281325049553,64.60501713421122,87.30356015261367,Level 2,No,Monthly,10.687706019711477,77.12965450001434,5.63
279.2699558655629,40.532536064695336,7.328215960145031,51.447750436928516,74.27308637633193,Level 2,No,Weekly,17.921057794149583,78.60090095813551,11.0
138.5896654318592,26.91615709916292,9.61412146603383,71.80526374451745,65.93990799053714,Level 1,Yes,Quarterly,17.372696831257045,79.77239874808932,15.8
320.2815239424651,19.86316138618691,6.532079425643357,22.49247839748677,40.68641075392998,Level 1,No,Monthly,19.01988094293156,81.04624772202254,14.17
186.56010353614897,78.33872199958384,7.204896859778605,120.4247199925208,26.197556427851755,Level 2,Yes,Quarterly,12.364039589531146,81.68663089811687,59.07
55.284187992371805,90.92526944369924,9.85658461590538,42.222836163786155,97.94507631128238,DC Fast,No,Quarterly,14.562958831277989,80.54214715318882,0.83
243.56469135908085,37.02321856845767,8.646906462827598,25.707599771982842,79.72395750228002,Level 1,No,Monthly,11.844878771643977,78.51313920821856,5.29
277.64147265338903,75.12789243737669,7.415849783231272,104.9808300776603,30.177922313627647,Level 2,No,Weekly,13.712349344741195,83.90917280564904,51.15
110.86658697363434,89.69952893644111,6.734468830385467,120.61169674707739,84.75647962784947,Level 1,No,Monthly,15.22243251566884,75.81392058017958,11.58
300.0127399495635,84.61242105302316,6.598669691565277,125.79778710706961,75.89319486146815,DC Fast,No,Monthly,10.533307898385889,79.66256054243495,20.75
317.15013916801826,18.28133885392259,7.356607778729245,84.156193745878,29.708054987799837,DC Fast,No,Weekly,17.148704106773852,82.7556483846748,40.91
96.91657058223312,95.62918815133614,9.585200368561187,46.697864009698094,42.65528542416397,DC Fast,Yes,Quarterly,15.432933603710753,75.60872665291402,26.96
344.2325154503277,37.66764404294625,7.955697790041283,115.83959804247748,18.595344539102665,Level 2,Yes,Weekly,18.289590172106735,82.05335216811301,63.29
49.24903481706544,33.92406611738363,9.021166792080976,110.96270003006383,11.105244437810935,Level 2,Yes,Weekly,12.717805011911972,83.19711622753326,60.57
70.70548394087149,6.2431327277780335,9.713997623829853,52.01519543341252,72.27620328396968,DC Fast,Yes,Monthly,19.033211052692543,81.60831298527052,10.38
64.47869373330914,48.6173654104883,7.928141615609858,137.4430082621631,26.751185735386663,Level 1,Yes,Weekly,19.986942530304432,75.12936892275356,59.52
312.89639850275466,10.90136156409287,7.16947079863089,33.56828955076777,82.00593657462537,Level 1,No,Weekly,19.192984383776746,76.80137027132206,5.18
229.00239331373666,24.853982092742598,8.309912757999218,147.74947114687234,99.56087115144261,DC Fast,Yes,Weekly,17.77892475833154,78.42113078891951,0.4
53.236499127795504,31.694262176728138,9.67829290470949,131.8322154270704,7.661981392964867,Level 2,Yes,Quarterly,18.12368802873781,77.33690035638045,70.12
154.11319642892215,80.8826323491684,9.315310449481952,109.42682391227977,47.30351250837003,Level 1,Yes,Quarterly,15.737442425445865,84.62652140227428,38.14
215.3543087744307,87.54886503958966,6.730404451771038,142.03748547637827,80.2062559310803,Level 1,Yes,Monthly,11.901538629126104,81.51593914113793,18.08
29.21242974628415,30.246631746146967,8.924004800271536,113.90045188208201,78.89508965412335,Level 1,Yes,Monthly,16.770406851477173,77.9697095735157,13.84
308.84572894256854,85.86981212445738,8.501641328606338,44.75940961390597,75.99971583309684,Level 2,Yes,Quarterly,17.127530020599316,84.29697498665446,11.42
281.2612374045373,85.72309373697911,9.676121117212489,77.48029795466553,34.899493530191094,DC Fast,Yes,Weekly,19.853851402679055,82.40594199476187,43.37
176.82237075182337,76.46509503848735,6.92868495897604,29.295393163112596,45.38532556850523,Level 2,Yes,Monthly,15.413013162563217,77.84607211827041,20.1
338.49431534070965,14.669511401518154,8.369126396216299,70.655464897455,59.49683573414703,Level 1,Yes,Monthly,12.713690150250564,78.78881569401955,20.13
146.21634274628488,69.0322846900729,9.578119427291623,116.40839256583712,97.39405835732572,DC Fast,No,Weekly,16.836725217395067,76.99428858303956,2.0
344.43861166277424,94.50240645805688,7.9350832535961,70.23763562100626,32.75472709384929,Level 2,Yes,Weekly,19.793758196664548,84.71073998265823,42.91
233.77199958126948,68.2540478767157,8.186982212065034,62.93824281085743,92.31438877168577,DC Fast,Yes,Weekly,11.77213908269094,80.17296495890074,4.31
222.13494563887951,33.16168491078339,6.746612371834354,97.39624392634055,26.935691818049413,Level 1,No,Weekly,13.259979185356027,83.96056687497985,44.18
58.08421335352475,50.05793174308313,7.473502741571188,133.38658876985636,98.90744654737045,Level 2,No,Weekly,15.418809537726812,78.46499771016848,0.86
308.6747154066254,64.57250433510536,7.635773272091315,26.185815030994615,67.02636868275917,DC Fast,Yes,Quarterly,11.702146348820047,83.60841603097475,12.42
149.6213907722153,51.05704087285036,9.807928570607103,70.1111565109656,46.3511480358551,Level 2,Yes,Weekly,10.222206395199384,75.53886848427165,28.55
56.78169202386778,11.995294173096982,7.489335761894057,40.57129643598415,61.33904280636049,Level 1,Yes,Monthly,13.369831224412506,84.82090317524288,11.0
4.412631991515664,31.206404465202063,8.113040573443783,110.39605259514305,27.25311690402068,DC Fast,No,Quarterly,18.65370801501058,84.12034367033303,46.17
195.9144892734339,80.23960305536325,8.84956548247498,33.74419285604753,27.41738575114666,Level 1,Yes,Monthly,10.434683993237147,78.63202944776656,27.52
184.58986774293672,86.14180460955174,7.067641803427571,106.42500861543179,11.355454384349384,DC Fast,No,Weekly,14.289290590169175,82.74722165314577,66.81
251.7737678292055,13.730003271557024,8.20254835499656,57.20351320372795,11.405029770539876,Level 1,No,Monthly,17.622007729260822,82.52257926473825,33.79
311.5903185562307,95.23867523987246,9.084886638165678,45.85918578583921,34.767174146891136,Level 1,No,Weekly,19.53182596910885,84.01254797102932,30.31
27.792304625060332,32.88226178486093,9.533993245594731,141.72583251724808,76.28554778963716,Level 2,No,Monthly,19.854753990044323,78.07254981128811,18.56
256.0237716191268,66.231373873072,8.691907461318493,22.40819497697426,60.79711675981625,Level 1,No,Monthly,14.219693806087417,79.6552000531415,11.32
65.59418043415377,75.18251459566811,8.841687303609318,76.91104534564397,10.258456033102082,Level 2,Yes,Weekly,19.503842943791177,83.64999612606053,52.0
300.3619686050074,81.19462346378835,6.941992154045991,22.811509020033192,85.22365249759109,Level 1,Yes,Monthly,10.354189732808637,82.78579454135216,5.2
286.67222985157963,94.57497022259301,9.810217740362216,82.86709625356278,60.13676269900664,Level 1,No,Quarterly,17.459169379985564,78.9346671874028,24.54
189.27781424494054,31.29195480288226,6.964009271195688,85.13615911327437,96.08555767847797,Level 1,No,Monthly,16.42746034633613,83.45725232912122,2.06
248.58497951815903,85.85064545515544,9.211355280136294,61.81612128131711,67.01854674112076,DC Fast,No,Quarterly,12.495218575861523,75.46954039232402,17.6
110.02253961431194,13.168690343620703,7.426857126224116,37.18103107825308,17.5174863704181,Level 2,No,Quarterly,15.07318500679649,82.8204630296299,21.61
164.90876462648512,70.50409063535928,9.76757600295438,68.9303799054818,47.378336230782224,DC Fast,Yes,Monthly,11.295537377604957,77.067658594337,29.85
287.5729141986651,74.19777295139859,9.019858387793178,107.39418219123358,64.84975975472041,Level 2,No,Quarterly,18.71597150951561,77.86120907823788,25.49
160.74281901062486,67.77232412013204,9.138347995424292,121.71145512377969,2.826470104997769,Level 1,No,Quarterly,13.578980855456479,79.93214843595594,71.5
125.22939286390462,25.2314736135153,7.2667071057095916,88.9975783104585,1.4910264154807895,DC Fast,Yes,Monthly,16.260444704657164,79.49734501069975,58.23
172.97435653760496,87.30431470152034,8.050639918223062,96.67847127716823,12.94030005985679,Level 2,Yes,Weekly,11.587762862872623,80.20570106869881,62.32
289.8872383530264,16.8858463370395,8.662346181062503,46.08012824620485,25.166443504547075,Level 1,Yes,Weekly,12.06164844631207,80.44775595672024,28.52
117.32281657980546,5.363479152083084,9.194907663723104,57.35294331959443,42.95491235206755,Level 2,Yes,Quarterly,19.919563708031518,78.31527691031496,21.66
60.81655759751033,71.74649906119122,6.863857815693364,41.046429306806594,48.74404737597884,Level 2,No,Quarterly,17.53086394441329,76.7522751301703,18.01
249.20490711577327,47.54757152327337,9.868278607590849,52.408395500599475,13.802760893789678,Level 1,No,Weekly,19.61971869774071,82.68481229287306,35.78
289.0923744478286,84.90980199586761,9.615772346940947,49.23528142931913,67.33915791158309,DC Fast,No,Quarterly,12.95851165212044,78.99976149087142,15.72
35.22311748323666,38.3397141058259,7.446220066734545,87.52834223086089,59.613806169653486,Level 1,No,Weekly,11.645628766198204,80.05840862459058,21.08
83.95593946458065,16.827858850771282,9.379660850613162,93.14953825279483,29.446409884116022,DC Fast,No,Monthly,15.03068463478831,81.44696718351118,39.5
49.69019641634787,83.64421924698698,8.314133730639382,142.8431647067956,1.3659883435292008,Level 2,No,Quarterly,14.946682822273434,84.09637922306656,84.24
121.77949405375831,54.89096316400717,8.116322685467065,45.424184123197996,7.764791535329074,Level 2,No,Monthly,11.749465137579879,82.0755283114022,34.38
157.62284261689442,18.91957923903549,7.600519370339919,103.41784232099447,39.16947755108394,Level 2,No,Weekly,17.3321956958141,75.45459225590385,37.65
262.0892179371573,72.03839985864458,8.533390053210574,126.24370496837797,15.397435116568392,DC Fast,No,Weekly,13.61777534438734,83.38560363398018,71.64
227.90165470858594,51.111363848950056,9.054611911962592,92.83139029179682,37.681960614797084,Level 1,Yes,Monthly,11.863652309305174,84.89355015127519,39.21
217.32499861745092,60.431298224031984,7.938265167369654,53.15047482513984,62.81826045103551,DC Fast,No,Quarterly,13.319833945432883,79.72485025371383,16.71
123.33123131337904,46.089833820658185,8.702267175529023,54.13152990260003,54.72374278792835,Level 2,Yes,Monthly,15.63658699635015,84.69590336454601,19.58
294.506643579666,82.87089838180064,8.947595224043564,25.10289689922999,23.117588313739425,Level 2,Yes,Monthly,17.264709321804432,80.4732874234315,29.51
164.9505085893576,82.95627156830498,8.988926359553501,59.70774945130262,34.38224912587524,Level 1,Yes,Quarterly,14.818908860574846,79.5961599587195,32.18
342.6867283053041,70.93888218243862,6.681881343459131,116.79847827043942,61.40311984486506,DC Fast,Yes,Weekly,15.255949898283735,78.31404764727455,32.74
221.9497484035079,10.540137739646227,9.509117319897735,26.17730843692435,86.08550280434487,Level 2,No,Monthly,11.389459359427484,81.57554875833338,3.36
44.19265954757596,83.88538619040689,8.103886601677669,48.508386725627986,75.32134387388773,DC Fast,Yes,Monthly,19.14690924708232,77.29820420525044,11.36
236.66214672640191,67.10129805329098,7.418456285936751,111.81022480913165,55.340002683341496,DC Fast,Yes,Weekly,19.287241979920445,76.04934218514404,35.49
113.78640540109464,69.70241660042996,7.346175776178885,121.74470316697396,36.22929983164862,Level 1,No,Monthly,16.834265904180036,75.27237102584215,47.06
240.2145188401341,36.298284040387166,8.190549394953827,79.19139330805069,36.50512775418054,Level 1,Yes,Weekly,10.176314089340247,77.92380112715264,35.29
24.37440185684201,87.92795561570067,9.603910388141358,110.74966400222435,87.94173102643961,Level 2,No,Quarterly,15.37074215903326,78.95770832167038,8.44
61.20850301158578,72.53716002348575,7.824216535889264,70.43378192513596,3.92435760405464,Level 1,No,Weekly,16.292189720886135,80.52076696281247,47.43
299.50804061702524,11.259046652919446,9.124040113742401,40.78872185313658,98.7982644420261,DC Fast,No,Weekly,19.946542229581098,77.92749825187006,0.43
79.5128449582302,40.77780344061627,6.838865558455265,71.75943415797785,66.43754108515623,Level 1,No,Monthly,19.960669551947966,84.84059572385411,15.09
292.964393835029,88.63803619601417,8.166198457528717,95.39581662640857,68.11376990723905,DC Fast,Yes,Weekly,18.576112353255574,77.91745168241168,24.2
97.74663095904366,4.719670169737899,9.970901491374574,143.24692664087576,3.7997837304742155,Level 2,No,Weekly,10.638309920261136,79.40975388446408,74.7
225.00866852054767,96.14166196420496,9.196532309773179,28.937623771528052,60.552927489127214,DC Fast,Yes,Monthly,19.5327639077873,76.032761655319,16.76
242.95270072844085,67.91625683195628,7.236849709542145,85.96123219984487,48.4778060090447,Level 1,Yes,Weekly,16.12661247151999,77.60626513337075,32.63
179.42916360076853,63.13759776433766,8.255045157942687,62.75957116739417,10.577890689406699,Level 1,No,Monthly,18.008867704791797,75.48332139788991,41.19
106.85873684385595,27.05592564879914,7.317686672769983,86.08052025597028,27.792201076935907,Level 2,Yes,Quarterly,14.071928496858536,80.59508633437328,39.39
74.42553172988364,24.879178873917706,7.933463245418782,23.11680815894912,89.03144562136512,Level 1,No,Weekly,13.196694712345899,82.51064683132432,2.22
11.616274096849178,94.20582194885955,9.230294083072376,60.69329611120557,54.99884158659529,Level 2,Yes,Quarterly,14.63244145483808,76.95709814336068,22.31
106.38124043425333,29.827245423412275,9.199286853516412,126.58285917851065,41.34165751739087,Level 2,Yes,Weekly,11.46874512968827,78.6791093781607,44.8
228.60697668594906,77.55052967189994,7.298351322658348,92.01242540110287,7.268215584081094,Level 1,Yes,Weekly,13.570661387533061,75.1661622672716,62.36
328.40668645696894,39.31217982070792,9.72778161354201,78.57572406609526,71.41215274023057,DC Fast,Yes,Quarterly,18.576174997682784,83.39522055722212,17.07
304.92156879206823,13.925407078470398,8.573988639676895,57.11825932299415,70.28508233960325,Level 2,No,Quarterly,10.379504862608815,82.7996352493167,11.99
268.1226717873559,1.071529769535895,7.829735018367051,58.74552796287627,61.40436069725636,DC Fast,No,Monthly,11.508780468246044,75.63254030874292,16.01
275.9565701386545,54.42573370152508,8.256774532733012,69.80318636677598,51.02626462206492,Level 1,Yes,Monthly,11.251161596494855,78.64867609320412,26.17
232.74471621659833,97.57788185489326,8.617749387032102,128.62419229539285,43.37844022073727,DC Fast,Yes,Quarterly,14.03075542700228,84.55286613849495,50.8
91.10040014810104,36.91361938092045,8.45961686146025,145.7377168850749,59.32710929879923,DC Fast,Yes,Weekly,19.969869008908617,78.92027056078977,35.88
317.5182607470405,35.719233399304485,8.202417624376624,77.0251995755487,23.33954517284067,DC Fast,Yes,Monthly,11.733579302113826,80.26208676724016,45.41
234.7563091670419,34.40916178494421,8.2672648143129,71.13586903720903,94.12590641776477,DC Fast,No,Weekly,11.454826495992602,78.55242861010355,3.07
196.15422084315398,52.054383730485846,7.117441686497601,130.05160085658218,58.879452918022956,Level 1,Yes,Monthly,19.150557297761544,80.96131388128262,32.98
38.84631422471838,44.06648834242935,9.344565165066378,75.49769168271948,31.119244435437654,Level 1,Yes,Monthly,18.820505169659658,84.78156875636822,33.96
156.4694403322489,87.99146267270145,8.396161119793554,91.76236239843466,44.967985088515725,DC Fast,Yes,Monthly,10.322403699965545,84.97502503481198,38.49
161.1253949206742,50.55207917234903,6.9587795159664605,50.02241639783678,80.56847888768924,Level 1,No,Quarterly,17.51705960179315,82.74714978011191,7.15
302.5972633329345,50.77578381885688,9.181549855539723,116.65532965127977,16.161606073029745,Level 1,Yes,Weekly,16.554657014764295,79.04311098020439,64.57
191.32687706572597,13.83715947205566,9.763553924320728,89.15848137520165,29.28356224602604,Level 2,No,Quarterly,17.67740809852709,79.94432200828989,37.55
133.14019213964337,98.27395409103859,9.815574147329368,125.17449153124441,67.95080227365554,Level 1,No,Monthly,14.945024547959221,78.56731328112305,25.6
341.8801149787308,24.99728908688297,7.7915620634391045,121.49525490372706,31.54892064822239,DC Fast,Yes,Quarterly,19.913792184482958,84.85574629904346,53.82
38.75220766421049,7.336406745960266,6.974309057462639,47.95061987510371,79.2501681861466,Level 1,Yes,Quarterly,10.438470187109631,82.07760305825404,6.21
147.89194990918062,66.31462489752089,8.314398693215729,113.03262157250911,13.045348717736083,Level 1,Yes,Quarterly,12.343715864038057,79.48931445433512,62.54
14.708636309991851,59.53663701568727,6.894132302722272,124.00707303367828,76.26861704546086,Level 1,No,Weekly,13.96545986973615,75.12115270109602,17.13
258.9664422684256,41.514565399274574,9.76895596479416,64.99394130171136,6.835171485056623,Level 1,No,Quarterly,14.497779415657032,80.20483414390549,41.86
321.3267932697027,42.2192233880678,7.142528695743011,42.439184677295685,1.2592612667494785,Level 2,Yes,Quarterly,19.213674026995186,84.83928201701617,40.11
98.0130653426713,78.50639210464311,7.384680509829074,20.342180225346464,89.82235188321621,DC Fast,No,Quarterly,15.600043640772588,80.23060908973052,2.95
300.4195868796923,19.571264009964906,7.923227844097396,78.61747490210927,58.133921693229865,DC Fast,Yes,Quarterly,10.45110995520394,76.82426685489114,23.59
102.27638066166422,82.02533189448897,7.841075639956941,65.8162551000494,35.182689708681146,Level 1,Yes,Quarterly,14.078629634256618,75.22093747104775,32.68
318.7695565753703,64.87471138950181,9.28132012339261,92.13827839730315,23.25946369638504,Level 1,Yes,Quarterly,14.1649041236907,78.5470375812421,50.34
263.88666625887436,41.89697737795244,8.097108871928368,44.44534203654215,61.68857832608161,Level 2,Yes,Quarterly,19.65490938437785,84.18228055696608,15.41
281.7173718945035,45.80286165838686,7.097688910011679,131.75652119664176,50.90021835367382,Level 1,Yes,Monthly,15.991970910211082,84.96554108175881,40.31
6.302294460159075,25.66472071860958,7.43523463420126,53.50817803165425,99.15977755299852,Level 2,Yes,Quarterly,16.356510711589387,84.45367974812002,0.31
336.9836249759091,75.21143326969748,8.281896848156327,49.4358486613945,98.32159866537458,DC Fast,No,Quarterly,17.132530312512706,82.29419993254257,0.8
254.33484722461313,51.287474230526776,7.016088710991472,82.49282734296628,63.50245661416096,DC Fast,No,Weekly,17.70039315682123,80.58142728440656,22.11
106.66288338514666,32.08545427498436,8.640794864761048,84.85063308675565,44.28705061058905,Level 2,No,Monthly,16.35051070202489,80.90686146382252,29.34
290.2881327005964,59.60501157609502,8.48011557292901,47.96107974206207,49.11409691346621,DC Fast,Yes,Quarterly,12.371943511339355,80.3899200909196,23.92
98.53241944522549,99.5734452051323,9.001458107337902,55.34189447436905,68.24790662368619,Level 1,Yes,Weekly,18.74045914341164,82.07049304922988,15.8
305.4638438481448,43.52622796565539,9.781966153827787,42.06168109018184,10.157454423538137,Level 1,Yes,Quarterly,17.3211980041063,79.18873226695352,34.38
39.403136644177955,92.06914007786196,9.692890963854044,113.39982318201169,32.83520738107182,Level 2,No,Quarterly,17.418704850969558,81.69204004955765,48.51
246.2900921112785,34.50168399245661,9.811264663240909,120.11157406303064,7.527224100360385,DC Fast,Yes,Quarterly,19.96556739234749,76.216121149572,71.31
189.2444668257186,5.4732706924985886,7.356504589582953,80.10270466970674,7.3360759516919565,DC Fast,No,Quarterly,18.02526534863316,77.65695306561484,45.91
33.78706456840428,20.424210636842886,6.960478573237741,112.83131294905226,19.583924189423374,Level 2,Yes,Quarterly,18.291514031551532,83.3600303880863,52.1
84.66283989059365,41.86951433276842,7.55796845173757,115.67160095186792,48.52532545932269,Level 2,No,Weekly,19.514055157101584,84.03748930743392,35.68
4.341412697060177,21.963492859456903,9.6327981046821,37.97581859811512,78.47743211627893,DC Fast,Yes,Quarterly,11.511339998488939,80.390082375603,6.54
164.06878791257705,0.02270382182555375,9.902187161182209,145.60314322848978,48.549589116587256,Level 2,Yes,Weekly,14.977273764780678,75.31635617212932,42.52
105.44284126600013,91.50015377475272,9.507637328746666,126.73415312253603,33.54766105608697,Level 1,No,Quarterly,15.805670235907876,84.26973570791768,51.87
209.4251195042156,84.3879411230929,6.885062023946403,46.58284995545706,8.235299033675814,DC Fast,No,Weekly,13.292757292224575,82.02064258027286,43.09
104.03323269801602,74.22922314869471,9.815997993209276,44.201454646989134,55.02955231831296,Level 2,No,Monthly,18.394033438945055,79.14027923755361,17.53
104.97168902744464,16.781459564602862,7.9817530957277505,36.33594892534576,27.126858648317675,Level 2,Yes,Quarterly,17.624196216457236,80.98378943199496,21.27
260.1176195560612,12.036357620998606,6.532586017668238,37.989213130449386,61.49341779171474,Level 2,No,Monthly,17.20883074508124,79.29774834441366,11.89
16.849992592423707,6.760474947238315,8.048378092618677,117.2610338737305,97.71877391324183,DC Fast,No,Monthly,19.97149439758167,79.65339226732051,1.47
316.0132483171955,72.40291887729212,6.661242093864137,81.05505340371107,11.131432147755016,Level 1,Yes,Monthly,12.593813734083906,83.86809865659401,55.33
298.29235603691353,92.88079606878853,8.403572724063912,121.78144245618273,21.212539872193993,Level 1,Yes,Quarterly,17.354572516754214,76.61084246917112,65.61
233.73163912924227,43.053582091303696,7.68493909602968,117.01313626552671,47.30945380993747,DC Fast,No,Monthly,15.514044749059007,76.03669135482237,39.27
207.6275495375845,11.914067199604816,8.15702226757917,98.5996527556788,96.86138153459295,Level 2,Yes,Weekly,13.12989182493876,75.02728744513016,1.97
312.30587434887826,51.23928207321066,8.64609626260091,109.22765885522834,77.18097762699956,DC Fast,No,Quarterly,11.605868707231258,78.14000375612127,16.6
64.86556283505006,34.88319074586301,9.540803835362372,22.38624416928843,89.822919316283,DC Fast,No,Monthly,18.958838370675473,76.47413766484428,2.45
27.639206766790014,37.48249243499977,8.81665551765175,60.53109408465286,33.37148484757929,Level 2,No,Quarterly,15.954554827078454,77.19985495138111,25.94
83.82855946833834,62.13306241557073,8.019171039673633,102.91688330372332,99.20384737785946,DC Fast,Yes,Monthly,18.249338376407948,75.11238982665377,0.56
278.1023975450666,71.87181132622024,9.367997487846278,21.214843953211748,10.28328160641574,Level 1,No,Weekly,15.453449840015448,77.27195414687704,27.45
12.134593354269164,11.060359887316086,9.669537481505962,24.287002678737142,5.297290604610083,DC Fast,No,Quarterly,12.199770806540196,78.32711581932374,18.45
203.98239227922136,3.5590230806476386,6.91915988251269,130.7454377211498,85.5602627054028,Level 2,Yes,Quarterly,13.375488131003252,75.31567496409882,10.82
348.4031306669585,99.43303026857149,8.36176542143477,108.92323201996933,92.72648702069863,DC Fast,No,Monthly,13.815388424735465,81.07904124297147,5.9
299.4936328431388,23.272834891555185,7.495791859098555,54.498065305644715,9.058535754610176,Level 1,No,Weekly,19.72934812503702,80.68800348883758,36.62
182.50599116525632,5.383052490845907,6.664714192569316,109.43516921543217,11.34274267458415,DC Fast,No,Quarterly,10.056332783813826,75.97035778509925,56.26
22.27431825032482,18.987532909591998,8.83991343289895,123.01936698810422,3.3174157755773814,DC Fast,Yes,Monthly,19.85666023024507,80.950097775184,69.82
290.98073003499843,3.895784634846422,9.51969772110729,59.88325680431316,10.45075626427241,DC Fast,No,Weekly,19.804616351098307,84.98653918608878,39.35
209.6424778620237,39.181089461717164,7.07015929067088,24.68485907489437,20.94198168002809,DC Fast,Yes,Weekly,19.961507905301367,84.4446895281154,26.19
40.22654897084839,80.24017844513243,9.343447801683652,141.26128620940548,97.0076618910001,Level 2,Yes,Weekly,14.765881789196346,75.02670993367663,2.66
32.85004968817467,34.124444975772064,9.486885067379296,64.87337897843196,66.78602222396805,Level 1,No,Weekly,19.638089696209995,82.9537831133036,13.51
318.36938680280736,44.418340687836654,9.700191549332693,33.84262922701183,77.85530255185421,Level 1,No,Quarterly,13.955991818498273,78.53605276236486,7.03
234.22009202832746,67.55867735674389,7.428497811801184,83.94139328110916,77.61394036915222,Level 1,Yes,Quarterly,10.262944406683868,75.63651370334627,13.45
290.25037976086446,50.889407006988016,9.663835728164612,119.9008134363374,53.507374977921465,DC Fast,No,Weekly,12.243471863717645,77.95983213716208,36.87
307.64261509879356,86.14456860213242,7.622319641577513,48.81415090028269,79.74889777130171,Level 1,No,Monthly,19.452962449373846,78.21736516312963,9.22
200.12032321691277,86.60356750457565,8.43318304709426,55.03370651733724,59.58075323899696,Level 2,Yes,Monthly,10.137646933354,80.23244239309057,20.66
181.10622311426445,0.9910695491153643,6.676776147912987,51.55294828381581,31.45460976033576,DC Fast,No,Weekly,15.45994135422975,81.61083767268855,25.38
150.64959361234656,77.80463064831991,6.653583809290603,148.91749686811815,56.11101087684007,DC Fast,No,Weekly,10.756015888946791,82.49055612208409,41.18
110.93130572689175,46.073360024167386,9.02130624456271,45.66248538497053,53.350858613451344,Level 1,Yes,Monthly,12.863965784275784,77.45903042563266,17.22
152.10858630054912,98.88405413036631,8.055679922922268,94.81762820559612,82.34530537593207,DC Fast,No,Weekly,10.880928507118867,78.21770570248496,12.51
270.8578795055547,48.323207587543514,7.397023313792261,140.28440341540536,98.1727217381659,DC Fast,Yes,Weekly,18.595286211130563,78.08381706859736,1.67
210.67320085529605,98.68959453882975,7.166447236087186,39.0965539541113,41.104256542093054,Level 1,Yes,Quarterly,15.910707096477058,78.62736868120876,24.97
312.3831514841961,75.45693612057366,8.844837218007264,146.21104572280103,76.33906784413597,Level 2,No,Quarterly,19.02106465718313,84.99656308956338,21.74
155.1830050327157,24.860488461330633,6.50140540408869,143.17204047143122,9.976300403813354,Level 2,Yes,Weekly,16.883531995402283,82.77943302827425,76.3
212.4813525515639,53.83949792869577,9.32061909218899,134.99435831757415,77.68313694482886,Level 1,No,Weekly,19.710291312450998,84.74990465268696,18.12
220.95764358219606,99.21356394785828,6.777373621454751,47.892347772900294,37.14169119932321,Level 2,No,Quarterly,15.098776547604066,81.93111059547057,28.87
207.09400680721393,85.75306077519237,7.170213652178418,102.42715728142784,3.9390162889686664,Level 2,Yes,Weekly,16.387105817628743,79.06270701647284,71.95
245.9218205799307,9.73668937912211,7.851827383546814,118.91589148496122,36.32461785621772,Level 2,Yes,Quarterly,15.763088198890566,78.89744183626975,45.25
83.1017139311822,70.6371996809996,8.197005589006363,148.18363066553587,61.06427509216448,DC Fast,Yes,Quarterly,14.842604294466128,79.88581144975045,35.79
179.32732214102674,34.5579585870813,7.742482905348797,43.45509687057816,11.925016768146657,DC Fast,Yes,Monthly,18.459593654230126,79.16869783364437,35.05
36.47868098292169,0.6982261880348117,7.622492577445028,119.58336693750854,92.40344924302546,DC Fast,Yes,Quarterly,16.4452513567036,83.28326246092746,5.11
134.5789646756844,40.34809690269996,9.87370604225616,64.04415209052468,7.767241327283858,Level 2,Yes,Monthly,18.013122648554727,79.65002013026692,43.78
170.68347401744253,23.47544217249713,8.74552888435188,42.8314405238403,93.00067198331662,DC Fast,No,Monthly,17.86363936602413,77.95614360210845,2.43
228.27849084091537,81.88692705204716,6.582015343785859,74.77900235780115,70.71375179356865,Level 2,No,Quarterly,11.910451606552954,82.74860268696652,16.57
332.6858684051712,33.733060884576545,8.005615679555095,123.19866857932013,32.97121754142036,Level 1,Yes,Weekly,16.501635325176437,83.54420409381395,52.59
210.22787329192457,82.7523693953817,9.562530449103896,80.43047448152677,39.075034770909326,Level 2,No,Quarterly,11.99648019181334,79.20428956140451,35.94
260.25787066179595,0.05979388347953085,7.555096652437338,89.8780030263963,74.08093647327442,DC Fast,Yes,Monthly,15.833204782437708,81.67808571905532,15.32
177.19312082332095,30.781915002611914,6.830947206710359,149.37072332601576,60.14711008812073,Level 2,Yes,Quarterly,16.774346844463004,75.58804533888305,34.69
221.93641098171597,24.116521430776196,9.154346700564712,71.88420894246539,67.16429214549451,DC Fast,No,Quarterly,19.97235071587587,80.29464851971467,16.07
24.8262756468207,23.3567361068611,8.621048411776284,100.00209811220118,38.916461651348,DC Fast,No,Monthly,10.305419781497383,75.44981137745508,35.94
89.03705329464644,6.81866197654627,8.496093777392764,67.48174620999833,48.7813481807599,Level 1,Yes,Quarterly,10.91242394113721,75.29190840494468,20.68
126.64858262179854,18.712427041050173,6.687517958625928,71.06213402273164,98.98674840378933,Level 1,Yes,Quarterly,10.770266963712315,81.1292485052274,0.45
165.37267425227975,55.55495698856199,6.991746534284311,110.43329794790306,21.39228704997177,DC Fast,Yes,Monthly,13.9836128626674,78.03335382394987,58.61
15.977060925834309,29.13610728377445,8.678922886745898,141.92530689233485,41.78561865221314,Level 2,No,Weekly,18.215883614858136,82.42537162455466,45.74
49.00843414366119,41.73947823291479,7.227383445105925,90.50666356400178,29.18231875739673,Level 1,Yes,Monthly,18.440563327871356,83.96082560632593,39.95
96.88500772695703,37.68668803471885,8.264245279119486,119.89199076334138,76.51115104398498,Level 1,Yes,Monthly,17.369795957211515,76.39391173730351,16.69
340.0364418153677,87.59049249998945,8.407085901102878,31.5968526462053,76.40126256657207,DC Fast,No,Quarterly,18.968782418299476,82.24522838578923,9.72
115.97145248606776,90.52989990105155,7.492275165948288,47.45054486615051,29.244546099739587,Level 2,No,Monthly,13.228599441694525,80.14519998288344,30.5
168.71437033922888,49.295697165586006,9.819488044395225,85.27711331953921,8.13903166329829,Level 1,No,Quarterly,10.88154644252299,76.121192501627,49.32
68.63419945843752,33.01559503156044,9.448624373924513,22.601524071740723,1.1432676672204045,Level 1,Yes,Quarterly,10.581530279898502,81.51592606480725,21.79
213.7730248765189,10.680070400236364,9.028307276714795,52.87114723913265,42.74505332424855,Level 2,Yes,Quarterly,18.521327196193862,81.09466803106473,22.19
98.239125430591,95.3402879382095,6.772978532432932,87.2621676772456,41.03375943357709,Level 1,No,Monthly,17.304362943536912,80.15641867400782,35.66
72.44740245344937,6.022694490029745,6.871455067581568,21.944955773319094,98.83898786398629,Level 2,Yes,Monthly,16.986153060111207,84.26471204559658,0.24
180.80041995609267,29.765027756828044,8.224734710527345,54.391017209385424,46.98020756976796,DC Fast,Yes,Quarterly,13.396763385456687,80.21079696104016,23.01
1.9270297061472874,29.806620117000413,7.06249672216845,86.82400653186303,25.641836957542065,Level 1,No,Weekly,13.799051886182262,84.90515115450212,37.1
2.682411427228865,32.04012861402149,9.92392912235316,94.50940223756194,89.12294410314674,DC Fast,No,Weekly,19.581135288993192,80.09228813848111,6.3
76.67408318565022,16.428684327240926,7.054820819095933,140.34772009718972,49.10679496535785,Level 2,Yes,Monthly,10.63804744097935,76.15852038301368,40.42
12.8524768752874,78.31614309236971,8.20613742412391,103.89493102257902,59.91756352105778,DC Fast,No,Quarterly,17.737317369377926,79.7047125107503,26.91
37.80901394574198,12.249786196598922,7.774423698945268,73.9156543288992,9.566871042821267,DC Fast,No,Quarterly,13.096333237083932,76.82328762555072,39.84
118.60122726856306,63.49066591531628,8.737852475089342,140.94565302729882,38.291640732977406,DC Fast,Yes,Monthly,10.390546184125562,80.97133485217427,55.08
280.9049878529345,12.384602670581746,6.951627431112987,122.03478784041326,94.42236744737868,Level 2,Yes,Weekly,17.42570110742456,81.93132175193601,4.22
200.2170251792553,7.053563759295656,8.006107498148369,46.00115974465719,58.95053841754254,Level 2,Yes,Monthly,13.309118856783746,79.68435278707094,14.63
179.43370408474576,90.94295036858765,7.461467614825002,37.00950697534657,34.450185514246165,Level 2,Yes,Monthly,17.221475187427966,75.97702967683148,27.92
102.72108812284257,19.01287663187057,9.607130336350908,107.85551264655528,62.56671806315931,Level 2,Yes,Quarterly,17.0765438311812,79.68641398583553,23.88
326.11380180148575,82.12501545597043,6.642049992471433,92.7848115250079,91.04110895781162,Level 2,Yes,Monthly,15.34786875433115,75.814542147344,6.4
138.95526443301708,54.46308711071358,9.698046229022607,122.65756979305824,27.399060047259006,Level 1,No,Weekly,17.773731292105488,81.82125955506534,53.49
30.48246837852002,7.78565196087696,9.415479484935501,116.04465651022925,50.51167184706744,Level 1,No,Monthly,15.810383241712435,82.90368224865088,29.93
215.97328064123045,95.54481914380675,7.541497507542854,101.27749940147696,95.86906539117554,Level 1,No,Quarterly,12.866368528482607,84.6238032722704,2.85
39.84343771681049,24.696116699189254,9.262517291369866,148.229682311756,17.239614329845267,DC Fast,Yes,Weekly,17.34115301064419,76.48802107128456,71.6
120.82809998059223,85.96453453526065,6.609247461185617,89.36666491435312,71.96639255967115,DC Fast,Yes,Quarterly,15.891398158777235,80.32420335533304,18.7
177.5941785512331,16.88100057845642,9.884029426026878,34.70374834522358,61.44810082029824,Level 2,Yes,Monthly,10.127272816899206,80.67537367535418,11.98
305.9778836398115,85.39428821418528,8.343082299064262,127.67556342607848,67.96751311406348,Level 2,Yes,Monthly,19.016441777703093,84.2247653378098,28.26
172.74130311904153,1.3228812905293985,7.5614835912290586,52.74093710494217,35.12196306675697,Level 1,Yes,Monthly,15.456436183243135,81.27276640596514,23.0
245.79056811108248,51.178045656948065,7.76904124408137,121.04927925870938,31.387937348376493,Level 2,No,Quarterly,18.686272654795317,76.4550964564532,51.38
347.4858936496746,76.94425794215569,6.7324187371117405,144.4239224800067,68.42096705883705,DC Fast,Yes,Monthly,18.827368389822446,79.36351323963189,30.96
46.021191964293564,93.47955174927833,9.962723299147138,110.58341681536436,21.554328510454535,Level 2,No,Weekly,14.449666567350885,81.54762528506251,57.44
96.15603393183183,90.92021362064871,6.637521808027423,97.48392092347414,41.965474485900515,Level 1,Yes,Weekly,15.07659996451231,82.00284432069297,39.88
138.10162645917623,81.96248695476449,8.792174931017506,79.85020283775528,18.8174646052918,Level 2,No,Quarterly,14.15754387675602,83.63073998590573,46.24
147.63986248859098,88.8191349661304,8.049575746972604,67.37328257940243,0.8304841123329743,DC Fast,No,Quarterly,14.494367753080455,76.80507119844397,53.7
143.85737634294102,19.92196858370765,9.821206763660502,65.89061762633872,97.00573600380694,Level 1,No,Quarterly,18.95147158971728,84.51542146755499,1.19
317.6638508947942,28.418429571172876,7.360999091073783,102.72845174224678,43.170297865641906,Level 2,No,Monthly,17.88144013967911,75.59139412015593,37.25
249.91142556339975,28.89685249210585,8.36230388378304,117.66550520190697,96.93496144198252,DC Fast,No,Weekly,11.26525676315578,84.83762134568902,2.28
212.7668249317463,37.70539310016988,8.188246730039635,108.20721903297387,14.032351976782609,Level 1,No,Weekly,16.103077815400958,83.57767092866409,56.81
108.28045125197373,39.33206703851887,8.960032554175354,45.793313155163155,58.7366779457486,Level 1,No,Weekly,19.959066403863424,81.60272782762172,14.01
288.3266344774531,54.45553246546755,6.7380358118334716,84.21833341865386,20.09740327912396,DC Fast,Yes,Quarterly,15.955507012324858,82.34995500264422,50.85
334.2711790197461,15.987976336644138,7.178261955081742,122.91320938379819,79.00741269632748,Level 2,Yes,Quarterly,17.858716255931057,75.72692005918796,15.93
287.4193988925793,69.12466637859893,7.250976870324974,81.8415301645773,78.37029887609752,Level 2,No,Monthly,17.69061473381171,75.41479862894452,13.09
0.5477868170155165,16.75665393045065,9.083527641945913,89.7610263656142,11.260714903931179,Level 2,Yes,Quarterly,13.503175258723285,76.01765796551365,46.54
222.74047956419247,31.030848210454753,7.16198543714359,120.24768626220688,91.20644528763891,Level 1,Yes,Weekly,13.718493027039589,75.87359814664138,6.52
17.897383504735252,50.33451306061541,8.507221173618419,105.9644898144619,19.46296472032246,Level 1,No,Monthly,17.240764217904033,80.47381233469434,49.38
90.16252711680265,79.64405615234773,7.253353371753338,73.21483971471105,61.29773415893604,Level 2,Yes,Quarterly,14.999835316048351,77.15443987111789,21.42
20.83364512172009,73.94692332387272,9.515687325293925,136.40365245524845,98.56336200877041,Level 1,No,Quarterly,15.70570709130388,83.60205637206727,1.12
211.32840853228572,64.55343564105223,9.797649090713735,41.133718926252214,88.23965347663638,Level 1,Yes,Weekly,17.129057903648377,79.45748623068073,4.78
240.30646972241237,15.577326058017016,8.314725412297841,149.4171383167422,95.6563928561169,DC Fast,No,Monthly,17.775750270390503,81.95510476458276,3.75
40.07067332306679,54.70453456155777,7.733081094732124,35.450835201910834,34.25987712181195,Level 2,Yes,Quarterly,12.715165777330714,81.5287309297016,21.43
134.3436090657428,8.744650179988545,7.3192022125612475,21.943496243551056,10.557564221946336,Level 2,No,Quarterly,11.46793759436963,78.1985303892971,16.84
159.6827781344397,37.73631767966508,6.674233505330653,135.7024571493394,18.83468732894501,Level 2,Yes,Monthly,12.917946467237252,77.43167573525729,66.61
129.1685576163208,41.35165302899592,7.439750266691234,51.84395608757429,50.049489507661384,Level 1,Yes,Monthly,15.075383250920755,78.42456285296635,19.79
42.35875016981757,3.9811439445753827,8.789825229808613,114.86095156807372,79.3229678273322,Level 1,Yes,Quarterly,13.421413172970391,82.96658373849837,12.75
146.6317265656164,27.398809946997183,8.367659259582238,125.43199874116901,15.015364418387522,Level 1,No,Quarterly,15.683627588475938,80.86276848419618,58.97
262.91231673294635,95.56494672664894,9.804144473983246,131.66823083417518,65.97315322607571,Level 2,No,Weekly,10.534657241256284,77.53538662519175,30.14
24.852682586639414,95.36326078296895,7.886970418720952,148.90725063634167,32.35776040395118,Level 1,Yes,Monthly,15.097504116137673,83.17846443060431,61.82
28.063004928666206,35.23270542525393,8.928521698149382,58.22516230519988,34.12020723921535,Level 2,Yes,Quarterly,13.67984906937708,75.54759386110307,26.7
124.16995214259447,4.310010894832406,8.212629616162925,112.33163445054369,66.19177301579263,Level 1,No,Quarterly,15.346667548928824,81.99183374990295,20.07
329.60399906662377,17.909493932818155,8.294016755734742,35.00198157650767,46.699941953322025,Level 2,Yes,Quarterly,14.225333548849768,79.39100805749311,18.04
234.00042635301992,39.221779343354015,7.437210101114411,72.88520787639042,81.20332930259939,DC Fast,Yes,Quarterly,12.842258506375424,82.31290386065888,10.31
237.53448483539768,94.77796979692297,8.092327718946999,130.23632013063673,15.591850966282706,Level 1,No,Weekly,19.041079054576358,84.27461280243426,71.93
126.67199679325275,14.119906353718491,8.147747489544475,67.79554598768408,78.99482697670385,Level 2,No,Monthly,11.847649884213569,82.50034097946904,8.91
207.78127692298844,76.35158436682123,8.973248826121269,96.84239946962983,6.423524805742087,DC Fast,Yes,Quarterly,16.8136557558056,79.41965355311382,66.37
3.5459144097101825,10.868253937469207,9.792239997151398,85.49054768420243,19.405388024560498,DC Fast,No,Monthly,19.24644712582414,76.50975681513881,40.01
222.63361624333976,98.12575773912768,7.652624471188765,103.97369904456586,65.61497145031655,Level 1,Yes,Monthly,15.386699596854331,83.06350975805434,25.7
319.6504316516829,38.161649910913496,6.647701640034544,146.47627062040033,85.49256565110713,Level 2,Yes,Quarterly,18.764084885794823,79.60705526921372,13.05
214.4007139206867,77.5234538899056,8.23703293925224,27.245618445182274,25.267962773934904,Level 1,No,Quarterly,11.248514784332844,75.75312323457129,23.04
305.79450771322075,34.259108281113186,8.40561466252209,94.61499727521186,32.71916058289129,DC Fast,Yes,Quarterly,14.937887702564081,82.19055397776866,44.54
253.39056941313282,62.76688771588087,7.089541928961704,132.19374130253703,53.71207482867399,Level 1,No,Weekly,14.570252804809394,77.9185196591659,37.97
42.195445741291586,19.201608474003674,9.161626121966233,82.57975252729557,21.157280648930232,Level 2,No,Quarterly,10.081188070369949,75.48888229505185,37.29
315.8586575500446,14.602101929696254,9.94725187954522,30.208534172404466,81.11562615875056,DC Fast,Yes,Monthly,14.432573413593346,84.02751014974078,6.38
23.25534552452121,93.80641395681313,9.810211509529614,92.87011581418021,77.36366450057608,Level 1,No,Monthly,13.690297563825979,79.8310109209391,13.86
186.8886153917173,91.76472779044335,7.1898711358827825,63.16960580709666,14.529171196578162,Level 1,Yes,Weekly,16.697987277746154,77.80961053173021,46.53
49.747993327710184,88.74689402128824,9.563771339652662,40.14243209393167,46.38297318166321,Level 1,No,Quarterly,19.383297785765187,82.16386557884911,18.67
4.0973137558164225,62.543345016659345,8.965727727440896,130.3744867268515,77.48277666546214,Level 1,Yes,Quarterly,10.857910882620365,83.85902377682564,17.21
147.71199104467365,80.82682112162783,8.08846297332419,87.80793668884581,33.73295311034148,Level 1,No,Weekly,13.27476386714623,75.00307075033756,40.32
103.26424767895469,6.903693691137491,8.392138480136552,141.32593360927865,63.31068227177317,DC Fast,Yes,Weekly,14.440647373942518,81.87852185042154,30.15
170.10017282916107,33.47890418906792,9.473600612438602,124.78214559839898,5.021312145757273,DC Fast,Yes,Quarterly,14.551853780343833,82.67011694018422,73.58
202.01996035709277,31.37031247571562,8.180472288734306,110.08633319057675,60.868876052931796,Level 2,No,Quarterly,17.748097208422536,77.09927427279493,25.77
15.308675308131575,63.56453219526132,7.806225791867944,20.65331543749055,15.265298000060701,Level 1,Yes,Monthly,14.433956658334408,79.89623831410174,21.32
43.051153293310975,35.59577734706405,8.22636622559095,75.6170493629725,83.05833251144513,Level 2,Yes,Quarterly,10.271613014536534,75.89285898917936,8.35
195.52483875764887,14.85067816436808,8.526954314122673,45.6732166147642,35.544946358047845,DC Fast,Yes,Quarterly,17.10104094592831,82.46749882515347,24.15
120.10857361043038,59.646707541354374,7.161771788224221,138.40372843635282,28.15538627281957,Level 1,Yes,Monthly,18.848296951456717,83.47456018563352,60.01
255.2107206423068,81.43839206690815,9.653177055934467,42.695918007926835,84.0888976711485,Level 2,Yes,Monthly,15.139047125496727,76.0818665732466,7.28
228.3020770071789,38.21234944599732,8.859654320903648,57.18780671570711,5.014402307181021,Level 1,Yes,Monthly,15.811085216985052,83.16460253432835,41.81
295.9615270464674,13.22687150984817,8.71644121068121,87.18877980548488,39.66087993343448,Level 1,No,Monthly,11.62936438969046,82.71570170484533,32.26
242.37248933422885,19.668819731282305,6.8482367916322335,54.2372704697503,37.00035405750314,Level 2,No,Weekly,12.20645944678957,78.46913320370898,25.41
150.47587708655183,23.7483305169384,8.614608783604071,47.28240804628575,28.480037424955086,DC Fast,No,Monthly,12.351702391246118,81.90289529933584,26.08
235.53831783805134,29.989759299453624,6.923362317834723,97.88291226335781,91.17543320014771,Level 2,No,Weekly,14.307419748812952,75.00048123894312,5.52
96.38341098939648,64.27950705063091,6.775441863183897,31.5608379581531,75.09283935167223,Level 2,Yes,Monthly,19.281452208956424,84.31797654465998,8.56
107.20972457237444,60.0945484537719,8.345588134748377,27.561808633720215,6.392316419193877,Level 2,Yes,Monthly,15.21784766714886,80.50383235308372,30.04
276.14480597227765,69.60798615670392,7.909749369162732,68.39188837418928,71.46874494349541,Level 1,No,Monthly,11.920976452013527,81.20338864061999,14.8
156.24683074055375,36.25019845315131,8.560835945546781,113.6863790860221,52.7299133128794,DC Fast,Yes,Quarterly,12.660877358689497,81.64659413539098,34.14
279.43311918142336,82.39976518799783,6.8122775882003355,92.12487857561324,90.08678944015792,DC Fast,No,Weekly,13.840150297271842,80.61369017218367,6.95
287.84783078389745,20.40876611557603,8.008440719965405,74.97394090068124,31.294561734835845,Level 1,Yes,Monthly,16.232589756927993,83.56763887539464,35.33
300.1468181814493,46.90407475181539,7.111753502658053,93.54770334919571,57.416199960958295,DC Fast,Yes,Quarterly,14.400331530040054,81.09701832151543,28.67
320.8223325444226,80.09387215414303,9.954850300734408,67.50869300492556,50.0755274740986,Level 2,No,Weekly,13.92444844176925,84.07759991240472,28.43
150.8448271796537,18.015864773261924,8.464025743523111,141.69902360617468,48.95609062276057,DC Fast,Yes,Weekly,15.647286003989947,80.82331622234008,43.38
111.60338641239859,10.986311374078294,8.906029013293036,27.13763581840066,45.610539951721265,Level 1,No,Quarterly,12.418349949544655,76.71122421980567,10.4
203.76956130793985,88.36839676879897,7.638963982389127,107.54089227387858,20.562947553228128,DC Fast,No,Weekly,10.789032725845821,84.13562555839303,60.89
129.91034820316966,34.29296627591959,6.8315862017277045,135.86674642760755,75.57099224923928,Level 1,No,Quarterly,10.244143148222221,81.81627498359776,18.32
210.37595838008153,68.3870124909032,9.915548019742378,124.50501213558294,45.13360327392887,Level 2,Yes,Monthly,12.51259163467127,81.99238994435557,45.07
246.9550519253386,2.534860426393848,7.501906623841141,43.92533452678808,95.85162750026058,Level 1,Yes,Quarterly,10.915920341444687,84.85481750571601,1.33
240.9417564722479,69.00468884094497,7.983328648107509,58.470425367437485,26.08084271927763,DC Fast,No,Weekly,13.363406385207668,75.75196554209579,37.87
131.09351045704247,31.61013115469705,8.774523725959012,113.21623203192361,68.2743839627041,Level 2,Yes,Weekly,17.729335403597556,79.28592607095172,22.45
58.401070594563485,5.574085358744174,6.586440541901389,30.95517269349952,94.07170796391084,DC Fast,No,Monthly,17.162943304868385,77.39095392986616,1.42
150.68526846177264,60.9812761548117,9.335906956810504,125.54202097823593,66.34583230160925,Level 1,No,Quarterly,16.109276227880287,81.30426464713658,24.99
49.90795042866806,24.080381607317324,8.378023665100171,113.45790279862274,87.12729076173946,Level 2,Yes,Monthly,18.525002438794786,83.06811683748072,8.62
311.53396231433294,38.680724205188,7.473760154740877,114.84886440059454,82.74809597570061,Level 1,No,Quarterly,12.820676245442767,84.66310708892412,12.02
121.05711125825009,8.058081228651359,6.715627948523642,33.03137813478688,36.011771548900384,DC Fast,Yes,Quarterly,18.850537530299658,79.5459610695472,18.4
54.060911528163324,14.716325109494532,7.068744454160545,113.30887082611001,60.01239399394965,Level 1,Yes,Quarterly,13.992391696691792,82.86218230642604,25.07
8.906715967012808,29.797723549584376,9.632618505987029,108.37635627859609,15.62613398113556,DC Fast,Yes,Monthly,14.008933182666265,84.1705159204038,56.02
226.03783520026948,8.975950056015714,8.90108478377562,128.01992380684055,53.552588269559955,DC Fast,No,Monthly,14.053516136255215,81.83325432535885,34.78
222.91581110916013,91.08262646863152,7.374656025729115,25.407474313341034,23.04219718143372,Level 2,No,Weekly,10.980943662409814,77.42732552449772,27.74
119.21145830345209,0.6047043183978418,6.729602677307604,23.004386900812985,74.37368149524455,Level 2,Yes,Monthly,19.754904983310556,81.07854151107792,5.6
25.099161096677854,48.38602188643114,8.917153593353227,68.49092298421289,52.80584218921246,Level 1,Yes,Quarterly,11.385067778251592,84.69952047817186,21.34
143.3701132133312,12.324745813255145,8.503427040887178,39.342476900389876,41.12273626316605,DC Fast,No,Quarterly,13.408857244691845,84.87553828861566,17.6
108.92612327218775,30.767908947794854,7.915818335603823,92.58998208412885,26.879709616697756,DC Fast,Yes,Quarterly,13.193003203267573,81.42359823716778,44.05
236.99222390725328,92.60595598182655,7.772640072165223,139.25535719587737,99.86984818412868,Level 2,Yes,Monthly,10.746794328167097,83.8698775787199,0.12
212.02273730844163,16.169455327398687,7.258849965751879,70.89236494342205,7.171052088493268,Level 2,No,Weekly,11.522601301118767,77.00349363848603,43.76
127.607804869139,96.58323197183326,8.843639397881311,129.84354904543852,4.356068057242002,Level 2,No,Monthly,10.448583361853858,77.46078604952217,80.11
76.26239398924653,20.579437698942172,9.897338097278547,20.03131368732264,21.725740049386456,Level 2,No,Weekly,12.924044935605135,84.5288761288486,15.84
345.81258815445716,74.15661084668295,7.11500336042889,41.906903649693945,97.10724586278197,Level 1,Yes,Monthly,18.666569240289064,76.35235375494808,1.28
158.9005674186402,54.66772648973117,8.589908170054262,23.95506015503113,97.92381683199845,Level 1,No,Quarterly,13.394422057373845,76.91106438093479,0.51
240.89598252308298,88.44787275967592,7.984647695110917,62.65913346695892,65.49277347721359,Level 1,No,Weekly,11.236918320673793,79.20548599120052,17.93
49.19353865242627,55.399325550313094,8.063410526106328,138.06464744054537,88.01066672064047,Level 1,No,Monthly,16.45693868383918,80.89584287753351,9.37
169.95639488078922,53.45592191563087,7.389515480447351,32.60377606786841,21.39617308407954,Level 2,No,Quarterly,19.966009120549103,81.03817218968271,24.38
9.63785195431292,19.54580003683999,9.387972064814967,98.83327097669405,97.20420941766236,Level 1,No,Weekly,12.323237895319275,77.91976008665564,1.52
176.90929126865748,16.62293620516587,8.198394614515344,78.69447208552774,14.278485013956466,Level 1,No,Weekly,12.795710053705694,84.20613897950348,41.27
337.4060924911958,91.64891511155142,8.401920482693924,142.00086760755562,10.112518818165828,Level 1,No,Quarterly,19.718470542807886,84.15099907607862,81.53
134.47234954503008,32.78381988500341,7.566663194790641,35.9274885298222,11.22115392472729,Level 2,Yes,Quarterly,11.787762875504871,78.92068053052373,28.33
13.648604401219055,37.20822549628959,7.136329629834324,47.56362056528977,57.31279232725647,DC Fast,No,Monthly,15.11214067459164,79.34291769430297,15.09
10.834526821770234,75.98236584283885,6.800686358709871,23.840455919494126,78.09744007180524,Level 2,Yes,Monthly,12.39652133016095,82.02497116823912,6.64
135.79536598140433,33.882348242280734,8.999416993237205,76.41158245207859,36.66671778746331,DC Fast,Yes,Quarterly,19.32351897901244,81.62995896398901,33.9
56.008727762117914,95.20624466390028,7.186819985907494,56.11827694340506,97.78959877861266,DC Fast,No,Monthly,19.81521014576294,78.82297014960962,1.07
8.17323371486507,73.79277689988002,8.915263739660793,133.0877714057417,43.44201381183295,Level 1,Yes,Quarterly,18.146978461200156,79.14244251521004,44.91
264.6747648825619,59.742924257342,7.866317561164339,98.64230571570816,15.044855077321628,Level 1,No,Quarterly,13.147838158128106,78.4803894342154,54.17
160.48305310866175,88.08951605447525,7.95521180346378,99.83179593684122,46.59667481861367,Level 1,Yes,Monthly,14.034874752805049,77.35385006953308,37.34
101.23567019042909,4.960590834948276,8.142121236324702,89.14839059456932,67.90371654224398,Level 2,No,Monthly,12.423056836664212,79.5813836292414,16.3
315.0291140557683,25.706269218920873,7.786979778446401,31.940543839796128,83.22257805043787,Level 2,Yes,Weekly,18.907579670089916,81.8643413190254,5.89
40.64863607018396,46.50363342209099,6.852169920279065,77.85242888429619,45.87682899565929,Level 1,No,Weekly,19.145582776881582,82.41966705314293,26.42
334.5715901343617,22.6978539471521,7.58371133500996,149.93567466210715,59.36068260491675,Level 2,No,Monthly,14.188706622460472,82.78873648255963,35.68
109.88835108207348,74.39051873021519,8.823070262428784,128.57980780998193,26.734471215885335,Level 2,Yes,Monthly,16.56533069903002,78.74732013453121,60.55
310.9412853080384,91.92080310537251,8.83024540514105,136.14967704172506,64.5916526405514,DC Fast,Yes,Monthly,11.655531797746939,82.64635994284974,33.75
211.03000676781153,42.37701199309234,7.50178507533998,127.01942670204492,98.59719439503436,Level 2,No,Weekly,14.34935900363409,75.06516315691876,1.09
289.34757590952063,34.2132600111895,8.110359192951908,33.395420146027746,4.905357258779386,DC Fast,Yes,Monthly,16.314991066734976,79.77049937716882,35.6
344.4046071236625,96.15507321375662,7.177065298041781,49.56827302842395,88.65306707051678,Level 1,No,Weekly,13.854031185180196,82.9390440013269,5.57
100.941903236561,44.485243282754084,7.236302285354425,20.40581467633325,56.22825027675228,Level 2,Yes,Weekly,13.5759952568646,81.30044720641354,11.96
336.3974198926575,48.90484004492832,6.580664809423126,59.45631623415449,25.209865956229994,DC Fast,No,Weekly,10.009989922669426,79.74063124154507,38.2
136.31866321584712,35.164987234190534,9.638612924677107,34.118962305044036,95.48897100092579,Level 2,Yes,Weekly,18.04293463777114,81.4464200660635,1.51
134.92916665792282,90.95484730121383,7.237473327762172,81.46313488920579,48.33543030588989,DC Fast,No,Quarterly,18.893376120214484,84.06946003148664,31.47
119.135486489077,56.89554832818507,7.296368569277622,108.02657351460725,33.16902516733856,DC Fast,Yes,Monthly,19.69463529545832,80.66381800610208,48.48
189.49266257165482,76.21745871816447,7.478605014257962,133.68568835495,18.149762827084114,Level 2,No,Monthly,17.192713850692154,82.99786191460106,68.89
53.950765112470485,81.18067183508863,6.945928250934002,117.39823146181676,24.445221025666207,Level 1,Yes,Quarterly,15.487923123698845,84.80742725225198,55.87
193.7990198753039,34.18490419172582,8.73742009113477,142.01612745120568,83.28490415914426,DC Fast,No,Monthly,12.692845198087094,82.05568202075567,14.1
189.5966843435014,43.369433132038004,6.763000336121553,27.006777751192544,61.44100093171658,Level 1,Yes,Weekly,19.992994759634982,80.73325763889063,11.71
266.6656344117045,84.84717744062647,6.969708492142226,21.583378604150386,91.3245619488316,Level 2,Yes,Quarterly,15.897528545321055,75.3748594712534,3.07
291.77748667815496,36.32553516758102,8.756648543065324,105.97395479870765,23.196845215778584,Level 2,No,Weekly,16.81154072330446,78.74477898254588,52.7
154.1544726093484,79.39351334518513,7.68881217168505,57.61581332889201,12.113857384890148,Level 1,Yes,Quarterly,16.824061619553177,80.65442733515118,41.57
105.8166372730228,94.09923225744372,8.977817393454162,52.95513209375051,0.6087530975590005,Level 2,Yes,Weekly,18.452517957571814,82.97206571706033,49.71
90.76721406098306,62.3210373068007,8.450986606345497,63.01532140019326,50.78620376159938,DC Fast,No,Monthly,10.096725388469192,79.38104789647576,23.65
68.11834284670518,74.16272874518889,7.396074105715296,55.07348752600734,99.83069303819882,Level 1,No,Monthly,12.202469404313717,84.60058275764773,0.07
20.17665376965871,80.50973120411349,8.777897826712648,86.48673281920634,69.4965268818639,Level 2,No,Monthly,16.65534000170014,77.71793752623675,17.77
119.85679259214967,84.50396488966425,6.9069578810250825,77.21929813913722,30.839459196514607,Level 2,No,Quarterly,18.951457368245677,82.44567195210317,38.48
94.58669224577415,39.505333785679596,8.377436340780106,86.61571167896533,87.68585830261716,Level 1,Yes,Monthly,16.853387819213562,79.19031417084128,6.81
338.24608505324255,5.126345917599817,8.030018367657622,107.4527694950567,78.17222659879597,DC Fast,Yes,Quarterly,14.134912914936802,79.85988494565906,15.07
195.19808918751536,40.187627123673956,7.437557539861043,70.32696616624928,1.5415166076539255,Level 1,Yes,Weekly,13.615554958702615,83.0250203386544,50.06
121.54696366067765,67.37562297840898,8.614017492088252,52.66999932848038,81.68604805410224,Level 2,No,Monthly,17.379480082833204,77.96215261651706,7.78
203.1636603477936,45.03503857807928,9.54966757319099,41.60606978513691,30.052675723849596,Level 2,Yes,Weekly,17.412376971371934,75.96812056595144,27.92
48.71884547099343,74.89631508603985,9.996166449170769,65.43163553924131,14.967346458360108,Level 1,Yes,Monthly,16.070579925056904,80.20255584613427,41.67
155.41531222077103,35.69824294686639,8.627169690601985,116.43484178200237,22.633083973707457,DC Fast,No,Weekly,12.91467024097337,80.28794611803748,56.04
219.18201249737234,63.474414110402954,7.916470560152096,118.37163831449104,46.8579804375139,DC Fast,Yes,Quarterly,19.251548183905435,82.97167772225373,42.36
171.11424112735799,18.641980485397458,7.288224850756706,106.69770026894734,42.486792706801104,DC Fast,Yes,Monthly,15.51879942118639,84.68319206232101,38.96
140.6225802290135,74.93694366449569,7.399836312882891,50.4236627898937,28.888729937422674,Level 1,No,Quarterly,17.904923562483305,75.55300686328349,28.38
347.84693611489433,54.56959688130259,8.17809242352418,96.4512119611107,17.22183222070327,DC Fast,Yes,Quarterly,12.143082621618316,80.9168947374311,58.68
308.1101667521244,20.40643885466006,7.785471954482483,94.18965600499024,76.22307896421692,DC Fast,No,Weekly,13.440407886147279,81.812785303148,15.01
218.19208535580404,29.191117349780725,9.698350829187305,82.95460575426432,99.01097837349171,DC Fast,No,Monthly,18.745795163873424,84.85801350748523,0.55
199.28207641379896,74.86087085818323,7.789034136794983,91.49726822990235,77.77915804196904,DC Fast,Yes,Quarterly,10.501070299399684,84.42590214276912,15.1
217.23116793860441,48.26012356615207,7.8070560690090245,83.93278224107685,29.59369676715412,Level 2,Yes,Weekly,15.123153112566621,82.12450764711977,42.95
70.45923773785164,21.60314403930722,7.842370793518919,93.50932758963407,24.480896141213336,Level 1,Yes,Weekly,14.81705479844009,80.21789411244465,42.68
138.29821014251152,96.72711903702977,9.428170736286804,113.01577410074674,21.766587606593824,Level 1,No,Weekly,17.51230188908082,76.61523922299261,58.64
13.810836511814761,71.51250198168879,8.777759122964156,34.25166527244717,13.669507448903628,DC Fast,No,Monthly,12.818937705993324,78.84176555204418,29.15
166.44111312038933,95.71348325397962,8.649590976116125,117.45134777937308,55.13305496923012,Level 1,Yes,Monthly,12.190668218595995,80.85122325057154,35.71
190.05860438518212,42.71050453603432,7.669500578343518,37.66519951658725,60.54003719533442,Level 1,Yes,Weekly,19.261328387732338,82.25200396595754,13.97
79.71240763612336,47.51003406917205,9.362664618913538,28.661639793348712,70.55026606631372,Level 2,No,Monthly,15.717096519584647,81.35399557479113,8.02
337.4100965079298,89.79552161850192,6.634273514744954,146.89035920879078,68.0213370933668,Level 1,Yes,Weekly,11.046895682836546,82.14122801827742,31.27
318.3091138280347,52.504934024538464,9.547790103183395,144.40892995315738,29.233331128338246,Level 2,Yes,Monthly,11.930361622143211,79.29152504551898,65.06
252.75013240956704,70.72789119056672,8.294624649278754,27.85675084227333,33.03110053968466,Level 1,No,Monthly,19.988260595142485,82.27627290571009,21.46
186.68532006787692,25.217287749552998,7.893875822021945,77.62294739174507,68.15145354423379,Level 2,Yes,Weekly,11.956089962521924,76.43741256019719,17.22
304.4892058766897,44.67264687026405,8.2400854825119,44.21184197897071,34.94476407836283,Level 2,Yes,Weekly,16.104755113536786,76.62586311763114,28.26
45.72832033821202,12.34498658103551,8.83595435686841,83.09483662747435,21.262318961931303,Level 1,Yes,Monthly,14.201280789956181,76.62832145829462,38.31
276.67842799620973,20.59800358769617,6.54467899281264,127.92304158994637,37.43361536967396,Level 2,Yes,Weekly,18.855990948498352,83.90864957035777,49.81
43.6872848883969,0.0943415267631087,9.550431497603867,143.57953071657573,27.208415757797766,Level 2,No,Weekly,17.551685922953276,75.76034063308634,55.27
277.9737318922919,3.926505164866023,8.063588338589875,102.45284494869986,8.831272121857781,Level 1,No,Weekly,15.969513962618159,83.01508372733475,54.77
96.51864888797493,97.72838231769293,7.700382818950274,66.00773673753622,83.01389022766536,Level 2,No,Weekly,10.107389817979826,77.33570898046737,9.1
306.98170335636615,24.23536951367623,6.9838594797192,98.43232353379778,85.31113891570364,Level 2,No,Monthly,18.797952074934596,79.68429940495251,9.2
330.4147328388892,66.33107095040019,8.038128810254548,60.56016979409854,21.975030016687946,Level 2,Yes,Quarterly,14.446674708387164,84.15956595465678,41.28
52.07858929179047,83.90996987996115,8.237129699495327,138.27707330816784,6.477219952520175,Level 2,Yes,Monthly,19.315776530185765,80.85937229687507,81.66
161.93646177288772,55.066045923656425,7.912763430727172,133.15206020375882,73.88274373511796,Level 2,Yes,Weekly,14.955390128542012,77.10117686232358,22.02
343.3455823569398,15.31445000839562,8.87531032839414,92.57012753635593,21.15286258634137,DC Fast,Yes,Weekly,16.942244891827254,77.84090060318808,51.59
169.19260259060133,72.81164373361663,7.973137850657291,62.22385899944687,39.343548943686024,Level 2,No,Monthly,10.692926494666422,84.20446623895785,29.68
302.2416328800908,60.025141009958304,9.864961522463007,58.14065782578719,6.413525223738326,Level 2,Yes,Weekly,17.451516535267857,79.27143925109978,48.87
206.05603274596194,73.12505893473751,8.597471312382572,24.34433931165773,22.626958475843516,Level 2,Yes,Monthly,13.379960313119229,80.8698548300679,26.8
131.36546777186064,76.97466228570872,9.326172774781682,126.05671063328838,79.29022783296358,Level 2,No,Quarterly,13.513590143317808,79.59932196625388,16.21
100.02424443405457,97.54103676847451,6.882745660883176,78.54981769507103,80.43964469152019,Level 1,No,Weekly,11.1865584470939,78.78438088048449,11.28
71.12808188013055,57.356328002671,7.89051952531067,62.267280692034376,20.70848248877104,DC Fast,No,Quarterly,11.468571486402023,77.23279126932403,36.11
266.62936698219403,34.164111269060186,7.678966955065034,81.24434614970801,33.59138451066895,Level 1,Yes,Quarterly,11.857590562062102,81.86191500484603,36.44
135.28917738805976,64.8464556900237,8.493188358478072,126.43593875910476,13.423841909374357,DC Fast,No,Weekly,13.282061685714224,82.18242026272121,70.01
178.9464117702629,6.844070924262613,9.51389732021499,36.19984700197776,7.417263028492238,Level 2,Yes,Weekly,18.919699127756054,77.74885091607399,29.09
172.31391800041368,89.73973183215863,6.774183762167024,131.49527847143756,99.21717144484094,Level 2,Yes,Monthly,13.682602382300804,82.89010843054831,0.69
202.04766023159593,11.938101133819679,6.754011793156487,136.67614856408602,65.55939512448393,DC Fast,No,Monthly,17.243627065632182,83.5453520030168,27.17
302.95200096859327,32.784283788581824,9.476111978551597,143.07202895440548,54.20965091983187,DC Fast,No,Weekly,10.827475038898713,84.2067509623963,40.38
343.2587702542003,81.57453806261209,7.244975301134251,71.67343901494161,76.54985004052996,Level 1,No,Monthly,15.910987992719926,76.6121241391837,13.29
142.65447300083594,59.731237833071184,8.840636390574348,48.22825252489734,84.00771596877242,DC Fast,Yes,Quarterly,14.818912312704395,78.03923683613266,7.0
